# corner: tt_-40c_2.97v
# process=tt temp=-40C supply=2.97V
# ngspice exit: 0
# wall clock: 200.1s (--timeout was 300s)
# result: PASS

# ==== deck (exact input given to ngspice) ====
| * native-device-characterization corner deck -- generated by sim/bin/corner-run.py, do not edit
| * corner: tt_-40c_2.97v
| .param vsup=2.97
| .option wnflag=1
| .option reltol=1e-5
| .option abstol=1e-16
| .option gmin=1e-15
| .temp -40
| .lib "/home/ubuntu/.volare/sky130A/libs.tech/combined/sky130.lib.spice" tt
| ** sch_path: sim/native-device-characterization/testbench/tb_native_device_char.sch
| **.subckt tb_native_device_char
| VA VDDA 0 'vsup'
| .save i(va)
| VSW VSWN 0 0
| .save i(vsw)
| VDC VDCN 0 0.1
| .save i(vdc)
| VG VGN 0 0
| .save i(vg)
| VON_N05L25 VDDA DON_N05L25 0
| .save i(von_n05l25)
| XMON_N05L25 DON_N05L25 VDDA 0 0 sky130_fd_pr__nfet_05v0_nvt L=25 W=1 nf=1 ad=0.29 as=0.29 pd=2.58 ps=2.58 nrd=0.29 nrs=0.29 sa=0
| + sb=0 sd=0 mult=1 m=1
| VOFF_N05L25 VDDA DOFF_N05L25 0
| .save i(voff_n05l25)
| XMOFF_N05L25 DOFF_N05L25 0 0 0 sky130_fd_pr__nfet_05v0_nvt L=25 W=1 nf=1 ad=0.29 as=0.29 pd=2.58 ps=2.58 nrd=0.29 nrs=0.29 sa=0
| + sb=0 sd=0 mult=1 m=1
| VSWD_N05L25 VSWN DSWD_N05L25 0
| .save i(vswd_n05l25)
| XMSWD_N05L25 DSWD_N05L25 VSWN 0 0 sky130_fd_pr__nfet_05v0_nvt L=25 W=1 nf=1 ad=0.29 as=0.29 pd=2.58 ps=2.58 nrd=0.29 nrs=0.29 sa=0
| + sb=0 sd=0 mult=1 m=1
| VVT_N05L25 VDCN DVT_N05L25 0
| .save i(vvt_n05l25)
| XMVT_N05L25 DVT_N05L25 VGN 0 0 sky130_fd_pr__nfet_05v0_nvt L=25 W=1 nf=1 ad=0.29 as=0.29 pd=2.58 ps=2.58 nrd=0.29 nrs=0.29 sa=0
| + sb=0 sd=0 mult=1 m=1
| VON_N05L8 VDDA DON_N05L8 0
| .save i(von_n05l8)
| XMON_N05L8 DON_N05L8 VDDA 0 0 sky130_fd_pr__nfet_05v0_nvt L=8 W=1 nf=1 ad=0.29 as=0.29 pd=2.58 ps=2.58 nrd=0.29 nrs=0.29 sa=0 sb=0
| + sd=0 mult=1 m=1
| VOFF_N05L8 VDDA DOFF_N05L8 0
| .save i(voff_n05l8)
| XMOFF_N05L8 DOFF_N05L8 0 0 0 sky130_fd_pr__nfet_05v0_nvt L=8 W=1 nf=1 ad=0.29 as=0.29 pd=2.58 ps=2.58 nrd=0.29 nrs=0.29 sa=0 sb=0
| + sd=0 mult=1 m=1
| VSWD_N05L8 VSWN DSWD_N05L8 0
| .save i(vswd_n05l8)
| XMSWD_N05L8 DSWD_N05L8 VSWN 0 0 sky130_fd_pr__nfet_05v0_nvt L=8 W=1 nf=1 ad=0.29 as=0.29 pd=2.58 ps=2.58 nrd=0.29 nrs=0.29 sa=0
| + sb=0 sd=0 mult=1 m=1
| VVT_N05L8 VDCN DVT_N05L8 0
| .save i(vvt_n05l8)
| XMVT_N05L8 DVT_N05L8 VGN 0 0 sky130_fd_pr__nfet_05v0_nvt L=8 W=1 nf=1 ad=0.29 as=0.29 pd=2.58 ps=2.58 nrd=0.29 nrs=0.29 sa=0 sb=0
| + sd=0 mult=1 m=1
| VON_N03L08 VDDA DON_N03L08 0
| .save i(von_n03l08)
| XMON_N03L08 DON_N03L08 VDDA 0 0 sky130_fd_pr__nfet_03v3_nvt L=0.8 W=0.42 nf=1 ad=0.1218 as=0.1218 pd=1.42 ps=1.42
| + nrd=0.69047619047619 nrs=0.69047619047619 sa=0 sb=0 sd=0 mult=1 m=1
| VOFF_N03L08 VDDA DOFF_N03L08 0
| .save i(voff_n03l08)
| XMOFF_N03L08 DOFF_N03L08 0 0 0 sky130_fd_pr__nfet_03v3_nvt L=0.8 W=0.42 nf=1 ad=0.1218 as=0.1218 pd=1.42 ps=1.42
| + nrd=0.69047619047619 nrs=0.69047619047619 sa=0 sb=0 sd=0 mult=1 m=1
| VSWD_N03L08 VSWN DSWD_N03L08 0
| .save i(vswd_n03l08)
| XMSWD_N03L08 DSWD_N03L08 VSWN 0 0 sky130_fd_pr__nfet_03v3_nvt L=0.8 W=0.42 nf=1 ad=0.1218 as=0.1218 pd=1.42 ps=1.42
| + nrd=0.69047619047619 nrs=0.69047619047619 sa=0 sb=0 sd=0 mult=1 m=1
| VVT_N03L08 VDCN DVT_N03L08 0
| .save i(vvt_n03l08)
| XMVT_N03L08 DVT_N03L08 VGN 0 0 sky130_fd_pr__nfet_03v3_nvt L=0.8 W=0.42 nf=1 ad=0.1218 as=0.1218 pd=1.42 ps=1.42
| + nrd=0.69047619047619 nrs=0.69047619047619 sa=0 sb=0 sd=0 mult=1 m=1
| **.ends
| .control
| save all
| dc vg -1.0 2.0 0.001
| dc vsw 0 3.63 0.001
| let meas_vth_n05l25 = -1.0 + (mean(dc1.i(vvt_n05l25) lt 4e-9) * length(dc1.i(vvt_n05l25)) - 0.5) * 0.001
| let meas_ion_n05l25 = i(von_n05l25)[0]
| let meas_ioff_n05l25 = i(voff_n05l25)[0]
| let meas_vmin1n_n05l25 = (mean(i(vswd_n05l25) lt 1e-9) * length(i(vswd_n05l25)) - 0.5) * 0.001
| let meas_vmin100n_n05l25 = (mean(i(vswd_n05l25) lt 1e-7) * length(i(vswd_n05l25)) - 0.5) * 0.001
| let meas_vth_n05l8 = -1.0 + (mean(dc1.i(vvt_n05l8) lt 1.25e-8) * length(dc1.i(vvt_n05l8)) - 0.5) * 0.001
| let meas_ion_n05l8 = i(von_n05l8)[0]
| let meas_ioff_n05l8 = i(voff_n05l8)[0]
| let meas_vmin1n_n05l8 = (mean(i(vswd_n05l8) lt 1e-9) * length(i(vswd_n05l8)) - 0.5) * 0.001
| let meas_vmin100n_n05l8 = (mean(i(vswd_n05l8) lt 1e-7) * length(i(vswd_n05l8)) - 0.5) * 0.001
| let meas_vth_n03l08 = -1.0 + (mean(dc1.i(vvt_n03l08) lt 5.25e-8) * length(dc1.i(vvt_n03l08)) - 0.5) * 0.001
| let meas_ion_n03l08 = i(von_n03l08)[0]
| let meas_ioff_n03l08 = i(voff_n03l08)[0]
| let meas_vmin1n_n03l08 = (mean(i(vswd_n03l08) lt 1e-9) * length(i(vswd_n03l08)) - 0.5) * 0.001
| let meas_vmin100n_n03l08 = (mean(i(vswd_n03l08) lt 1e-7) * length(i(vswd_n03l08)) - 0.5) * 0.001
| let meas_isup_a = -i(va)[0]
| let meas_isup_b = -i(vsw)[length(i(vsw))-1]
| let meas_izero_b = abs(i(vsw)[0])
| let meas_ia_flat_n05l25 = abs(maximum(i(von_n05l25)) - minimum(i(von_n05l25))) / abs(i(von_n05l25)[0])
| print meas_vth_n05l25
| print meas_ion_n05l25
| print meas_ioff_n05l25
| print meas_vmin1n_n05l25
| print meas_vmin100n_n05l25
| print meas_vth_n05l8
| print meas_ion_n05l8
| print meas_ioff_n05l8
| print meas_vmin1n_n05l8
| print meas_vmin100n_n05l8
| print meas_vth_n03l08
| print meas_ion_n03l08
| print meas_ioff_n03l08
| print meas_vmin1n_n03l08
| print meas_vmin100n_n03l08
| print meas_isup_a
| print meas_isup_b
| print meas_izero_b
| print meas_ia_flat_n05l25
| quit
| .endc
| .end

# ==== ngspice stdout ====

Note: Compatibility modes selected: hs a


Circuit: * native-device-characterization corner deck -- generated by sim/bin/corner-run.py, do not edit

option SCALE: Scale is set to 1e-06 for instance and model parameters
option SCALE: Scale is set to 1e-06 for instance and model parameters
option SCALE: Scale is set to 1e-06 for instance and model parameters
option SCALE: Scale is set to 1e-06 for instance and model parameters
Doing analysis at TEMP = -40.000000 and TNOM = 27.000000

Using KLU as Direct Linear Solver
 Reference value : -1.00000e+00
 Reference value : -9.98000e-01
 Reference value : -9.96000e-01
 Reference value : -9.94000e-01
 Reference value : -9.92000e-01
 Reference value : -9.90000e-01
 Reference value : -9.88000e-01
 Reference value : -9.86000e-01
 Reference value : -9.84000e-01
 Reference value : -9.82000e-01
 Reference value : -9.80000e-01
 Reference value : -9.78000e-01
 Reference value : -9.76000e-01
 Reference value : -9.74000e-01
 Reference value : -9.72000e-01
 Reference value : -9.70000e-01
 Reference value : -9.68000e-01
 Reference value : -9.66000e-01
 Reference value : -9.64000e-01
 Reference value : -9.62000e-01
 Reference value : -9.60000e-01
 Reference value : -9.58000e-01
 Reference value : -9.56000e-01
 Reference value : -9.54000e-01
 Reference value : -9.52000e-01
 Reference value : -9.50000e-01
 Reference value : -9.48000e-01
 Reference value : -9.46000e-01
 Reference value : -9.44000e-01
 Reference value : -9.42000e-01
 Reference value : -9.40000e-01
 Reference value : -9.13000e-01
 Reference value : -9.11000e-01
 Reference value : -9.09000e-01
 Reference value : -9.07000e-01
 Reference value : -9.05000e-01
 Reference value : -9.03000e-01
 Reference value : -9.01000e-01
 Reference value : -8.99000e-01
 Reference value : -8.97000e-01
 Reference value : -8.95000e-01
 Reference value : -8.93000e-01
 Reference value : -8.91000e-01
 Reference value : -8.89000e-01
 Reference value : -8.87000e-01
 Reference value : -8.85000e-01
 Reference value : -8.83000e-01
 Reference value : -8.81000e-01
 Reference value : -8.79000e-01
 Reference value : -8.77000e-01
 Reference value : -8.75000e-01
 Reference value : -8.73000e-01
 Reference value : -8.71000e-01
 Reference value : -8.69000e-01
 Reference value : -8.67000e-01
 Reference value : -8.65000e-01
 Reference value : -8.63000e-01
 Reference value : -8.61000e-01
 Reference value : -8.59000e-01
 Reference value : -8.57000e-01
 Reference value : -8.55000e-01
 Reference value : -8.53000e-01
 Reference value : -8.51000e-01
 Reference value : -8.49000e-01
 Reference value : -8.47000e-01
 Reference value : -8.45000e-01
 Reference value : -8.43000e-01
 Reference value : -8.41000e-01
 Reference value : -8.39000e-01
 Reference value : -8.37000e-01
 Reference value : -8.35000e-01
 Reference value : -8.33000e-01
 Reference value : -8.31000e-01
 Reference value : -8.29000e-01
 Reference value : -8.27000e-01
 Reference value : -8.25000e-01
 Reference value : -8.23000e-01
 Reference value : -8.21000e-01
 Reference value : -8.19000e-01
 Reference value : -8.17000e-01
 Reference value : -8.15000e-01
 Reference value : -8.13000e-01
 Reference value : -8.11000e-01
 Reference value : -8.09000e-01
 Reference value : -8.07000e-01
 Reference value : -8.05000e-01
 Reference value : -8.03000e-01
 Reference value : -8.01000e-01
 Reference value : -7.99000e-01
 Reference value : -7.97000e-01
 Reference value : -7.95000e-01
 Reference value : -7.93000e-01
 Reference value : -7.91000e-01
 Reference value : -7.89000e-01
 Reference value : -7.87000e-01
 Reference value : -7.85000e-01
 Reference value : -7.83000e-01
 Reference value : -7.81000e-01
 Reference value : -7.79000e-01
 Reference value : -7.77000e-01
 Reference value : -7.75000e-01
 Reference value : -7.73000e-01
 Reference value : -7.71000e-01
 Reference value : -7.69000e-01
 Reference value : -7.67000e-01
 Reference value : -7.65000e-01
 Reference value : -7.63000e-01
 Reference value : -7.61000e-01
 Reference value : -7.59000e-01
 Reference value : -7.57000e-01
 Reference value : -7.55000e-01
 Reference value : -7.53000e-01
 Reference value : -7.51000e-01
 Reference value : -7.49000e-01
 Reference value : -7.47000e-01
 Reference value : -7.45000e-01
 Reference value : -7.43000e-01
 Reference value : -7.41000e-01
 Reference value : -7.39000e-01
 Reference value : -7.37000e-01
 Reference value : -7.35000e-01
 Reference value : -7.33000e-01
 Reference value : -7.31000e-01
 Reference value : -7.29000e-01
 Reference value : -7.27000e-01
 Reference value : -7.25000e-01
 Reference value : -7.23000e-01
 Reference value : -7.21000e-01
 Reference value : -7.19000e-01
 Reference value : -7.17000e-01
 Reference value : -7.15000e-01
 Reference value : -7.13000e-01
 Reference value : -7.11000e-01
 Reference value : -7.09000e-01
 Reference value : -7.07000e-01
 Reference value : -7.05000e-01
 Reference value : -7.03000e-01
 Reference value : -7.01000e-01
 Reference value : -6.99000e-01
 Reference value : -6.97000e-01
 Reference value : -6.95000e-01
 Reference value : -6.93000e-01
 Reference value : -6.91000e-01
 Reference value : -6.89000e-01
 Reference value : -6.87000e-01
 Reference value : -6.85000e-01
 Reference value : -6.83000e-01
 Reference value : -6.81000e-01
 Reference value : -6.79000e-01
 Reference value : -6.77000e-01
 Reference value : -6.75000e-01
 Reference value : -6.73000e-01
 Reference value : -6.71000e-01
 Reference value : -6.69000e-01
 Reference value : -6.67000e-01
 Reference value : -6.65000e-01
 Reference value : -6.63000e-01
 Reference value : -6.61000e-01
 Reference value : -6.59000e-01
 Reference value : -6.57000e-01
 Reference value : -6.55000e-01
 Reference value : -6.53000e-01
 Reference value : -6.51000e-01
 Reference value : -6.49000e-01
 Reference value : -6.47000e-01
 Reference value : -6.45000e-01
 Reference value : -6.43000e-01
 Reference value : -6.41000e-01
 Reference value : -6.39000e-01
 Reference value : -6.37000e-01
 Reference value : -6.35000e-01
 Reference value : -6.33000e-01
 Reference value : -6.31000e-01
 Reference value : -6.29000e-01
 Reference value : -6.27000e-01
 Reference value : -6.25000e-01
 Reference value : -6.23000e-01
 Reference value : -6.21000e-01
 Reference value : -6.19000e-01
 Reference value : -6.17000e-01
 Reference value : -6.15000e-01
 Reference value : -6.13000e-01
 Reference value : -6.11000e-01
 Reference value : -6.09000e-01
 Reference value : -6.07000e-01
 Reference value : -6.05000e-01
 Reference value : -6.03000e-01
 Reference value : -6.01000e-01
 Reference value : -5.99000e-01
 Reference value : -5.97000e-01
 Reference value : -5.95000e-01
 Reference value : -5.93000e-01
 Reference value : -5.91000e-01
 Reference value : -5.89000e-01
 Reference value : -5.87000e-01
 Reference value : -5.85000e-01
 Reference value : -5.83000e-01
 Reference value : -5.81000e-01
 Reference value : -5.79000e-01
 Reference value : -5.77000e-01
 Reference value : -5.75000e-01
 Reference value : -5.73000e-01
 Reference value : -5.71000e-01
 Reference value : -5.69000e-01
 Reference value : -5.67000e-01
 Reference value : -5.65000e-01
 Reference value : -5.63000e-01
 Reference value : -5.61000e-01
 Reference value : -5.59000e-01
 Reference value : -5.57000e-01
 Reference value : -5.55000e-01
 Reference value : -5.53000e-01
 Reference value : -5.51000e-01
 Reference value : -5.49000e-01
 Reference value : -5.47000e-01
 Reference value : -5.45000e-01
 Reference value : -5.43000e-01
 Reference value : -5.41000e-01
 Reference value : -5.39000e-01
 Reference value : -5.37000e-01
 Reference value : -5.35000e-01
 Reference value : -5.33000e-01
 Reference value : -5.31000e-01
 Reference value : -5.29000e-01
 Reference value : -5.27000e-01
 Reference value : -5.25000e-01
 Reference value : -5.23000e-01
 Reference value : -5.21000e-01
 Reference value : -5.19000e-01
 Reference value : -5.17000e-01
 Reference value : -5.15000e-01
 Reference value : -5.13000e-01
 Reference value : -5.11000e-01
 Reference value : -5.09000e-01
 Reference value : -5.07000e-01
 Reference value : -5.05000e-01
 Reference value : -5.03000e-01
 Reference value : -5.01000e-01
 Reference value : -4.99000e-01
 Reference value : -4.97000e-01
 Reference value : -4.95000e-01
 Reference value : -4.93000e-01
 Reference value : -4.91000e-01
 Reference value : -4.89000e-01
 Reference value : -4.87000e-01
 Reference value : -4.85000e-01
 Reference value : -4.83000e-01
 Reference value : -4.81000e-01
 Reference value : -4.79000e-01
 Reference value : -4.77000e-01
 Reference value : -4.75000e-01
 Reference value : -4.73000e-01
 Reference value : -4.71000e-01
 Reference value : -4.69000e-01
 Reference value : -4.67000e-01
 Reference value : -4.65000e-01
 Reference value : -4.63000e-01
 Reference value : -4.61000e-01
 Reference value : -4.59000e-01
 Reference value : -4.57000e-01
 Reference value : -4.55000e-01
 Reference value : -4.53000e-01
 Reference value : -4.51000e-01
 Reference value : -4.49000e-01
 Reference value : -4.47000e-01
 Reference value : -4.45000e-01
 Reference value : -4.43000e-01
 Reference value : -4.41000e-01
 Reference value : -4.39000e-01
 Reference value : -4.37000e-01
 Reference value : -4.35000e-01
 Reference value : -4.33000e-01
 Reference value : -4.31000e-01
 Reference value : -4.29000e-01
 Reference value : -4.27000e-01
 Reference value : -4.25000e-01
 Reference value : -4.23000e-01
 Reference value : -4.21000e-01
 Reference value : -4.19000e-01
 Reference value : -4.17000e-01
 Reference value : -4.15000e-01
 Reference value : -4.13000e-01
 Reference value : -4.11000e-01
 Reference value : -4.09000e-01
 Reference value : -4.07000e-01
 Reference value : -4.05000e-01
 Reference value : -4.03000e-01
 Reference value : -4.01000e-01
 Reference value : -3.99000e-01
 Reference value : -3.97000e-01
 Reference value : -3.95000e-01
 Reference value : -3.93000e-01
 Reference value : -3.91000e-01
 Reference value : -3.89000e-01
 Reference value : -3.87000e-01
 Reference value : -3.85000e-01
 Reference value : -3.83000e-01
 Reference value : -3.81000e-01
 Reference value : -3.79000e-01
 Reference value : -3.77000e-01
 Reference value : -3.75000e-01
 Reference value : -3.70000e-01
 Reference value : -3.68000e-01
 Reference value : -3.66000e-01
 Reference value : -3.64000e-01
 Reference value : -3.62000e-01
 Reference value : -3.60000e-01
 Reference value : -3.58000e-01
 Reference value : -3.56000e-01
 Reference value : -3.54000e-01
 Reference value : -3.52000e-01
 Reference value : -3.50000e-01
 Reference value : -3.48000e-01
 Reference value : -3.46000e-01
 Reference value : -3.44000e-01
 Reference value : -3.42000e-01
 Reference value : -3.40000e-01
 Reference value : -3.38000e-01
 Reference value : -3.36000e-01
 Reference value : -3.34000e-01
 Reference value : -3.32000e-01
 Reference value : -3.30000e-01
 Reference value : -3.28000e-01
 Reference value : -3.26000e-01
 Reference value : -3.24000e-01
 Reference value : -3.22000e-01
 Reference value : -3.20000e-01
 Reference value : -3.18000e-01
 Reference value : -3.16000e-01
 Reference value : -3.14000e-01
 Reference value : -3.12000e-01
 Reference value : -3.10000e-01
 Reference value : -3.08000e-01
 Reference value : -3.06000e-01
 Reference value : -3.04000e-01
 Reference value : -3.02000e-01
 Reference value : -3.00000e-01
 Reference value : -2.98000e-01
 Reference value : -2.96000e-01
 Reference value : -2.94000e-01
 Reference value : -2.92000e-01
 Reference value : -2.90000e-01
 Reference value : -2.88000e-01
 Reference value : -2.86000e-01
 Reference value : -2.84000e-01
 Reference value : -2.82000e-01
 Reference value : -2.80000e-01
 Reference value : -2.78000e-01
 Reference value : -2.76000e-01
 Reference value : -2.74000e-01
 Reference value : -2.72000e-01
 Reference value : -2.70000e-01
 Reference value : -2.68000e-01
 Reference value : -2.66000e-01
 Reference value : -2.64000e-01
 Reference value : -2.62000e-01
 Reference value : -2.60000e-01
 Reference value : -2.58000e-01
 Reference value : -2.56000e-01
 Reference value : -2.54000e-01
 Reference value : -2.52000e-01
 Reference value : -2.50000e-01
 Reference value : -2.48000e-01
 Reference value : -2.46000e-01
 Reference value : -2.44000e-01
 Reference value : -2.42000e-01
 Reference value : -2.40000e-01
 Reference value : -2.38000e-01
 Reference value : -2.36000e-01
 Reference value : -2.34000e-01
 Reference value : -2.32000e-01
 Reference value : -2.30000e-01
 Reference value : -1.97000e-01
 Reference value : -1.95000e-01
 Reference value : -1.93000e-01
 Reference value : -1.91000e-01
 Reference value : -1.89000e-01
 Reference value : -1.87000e-01
 Reference value : -1.85000e-01
 Reference value : -1.83000e-01
 Reference value : -1.81000e-01
 Reference value : -1.79000e-01
 Reference value : -1.77000e-01
 Reference value : -1.75000e-01
 Reference value : -1.73000e-01
 Reference value : -1.71000e-01
 Reference value : -1.69000e-01
 Reference value : -1.67000e-01
 Reference value : -1.65000e-01
 Reference value : -1.63000e-01
 Reference value : -1.61000e-01
 Reference value : -1.59000e-01
 Reference value : -1.57000e-01
 Reference value : -1.55000e-01
 Reference value : -1.53000e-01
 Reference value : -1.51000e-01
 Reference value : -1.49000e-01
 Reference value : -1.47000e-01
 Reference value : -1.45000e-01
 Reference value : -1.43000e-01
 Reference value : -1.41000e-01
 Reference value : -1.39000e-01
 Reference value : -1.37000e-01
 Reference value : -1.35000e-01
 Reference value : -1.33000e-01
 Reference value : -1.31000e-01
 Reference value : -1.29000e-01
 Reference value : -1.27000e-01
 Reference value : -1.25000e-01
 Reference value : -1.23000e-01
 Reference value : -1.21000e-01
 Reference value : -1.19000e-01
 Reference value : -1.17000e-01
 Reference value : -1.15000e-01
 Reference value : -1.13000e-01
 Reference value : -1.11000e-01
 Reference value : -1.09000e-01
 Reference value : -1.07000e-01
 Reference value : -1.05000e-01
 Reference value : -1.03000e-01
 Reference value : -1.01000e-01
 Reference value : -9.90000e-02
 Reference value : -9.70000e-02
 Reference value : -9.50000e-02
 Reference value : -9.30000e-02
 Reference value : -9.10000e-02
 Reference value : -8.90000e-02
 Reference value : -8.70000e-02
 Reference value : -8.50000e-02
 Reference value : -8.30000e-02
 Reference value : -8.10000e-02
 Reference value : -7.90000e-02
 Reference value : -7.70000e-02
 Reference value : -7.50000e-02
 Reference value : -7.30000e-02
 Reference value : -7.10000e-02
 Reference value : -6.90000e-02
 Reference value : -6.70000e-02
 Reference value : -6.50000e-02
 Reference value : -6.30000e-02
 Reference value : -6.10000e-02
 Reference value : -5.90000e-02
 Reference value : -5.70000e-02
 Reference value : -5.50000e-02
 Reference value : -5.30000e-02
 Reference value : -5.10000e-02
 Reference value : -4.90000e-02
 Reference value : -4.70000e-02
 Reference value : -4.50000e-02
 Reference value : -4.30000e-02
 Reference value : -4.10000e-02
 Reference value : -3.90000e-02
 Reference value : -3.70000e-02
 Reference value : -3.50000e-02
 Reference value : -3.30000e-02
 Reference value : -3.10000e-02
 Reference value : -2.90000e-02
 Reference value : -2.70000e-02
 Reference value : -2.50000e-02
 Reference value : -2.30000e-02
 Reference value : -2.10000e-02
 Reference value : -1.90000e-02
 Reference value : -1.70000e-02
 Reference value : -1.50000e-02
 Reference value : -1.30000e-02
 Reference value : -1.10000e-02
 Reference value : -9.00000e-03
 Reference value : -7.00000e-03
 Reference value : -5.00000e-03
 Reference value : -3.00000e-03
 Reference value : -1.00000e-03
 Reference value :  1.00000e-03
 Reference value :  3.00000e-03
 Reference value :  5.00000e-03
 Reference value :  7.00000e-03
 Reference value :  9.00000e-03
 Reference value :  1.10000e-02
 Reference value :  1.30000e-02
 Reference value :  1.50000e-02
 Reference value :  1.70000e-02
 Reference value :  1.90000e-02
 Reference value :  2.30000e-02
 Reference value :  2.50000e-02
 Reference value :  2.70000e-02
 Reference value :  2.90000e-02
 Reference value :  3.10000e-02
 Reference value :  3.30000e-02
 Reference value :  3.50000e-02
 Reference value :  3.70000e-02
 Reference value :  3.90000e-02
 Reference value :  4.10000e-02
 Reference value :  4.30000e-02
 Reference value :  4.50000e-02
 Reference value :  4.70000e-02
 Reference value :  4.90000e-02
 Reference value :  5.10000e-02
 Reference value :  5.30000e-02
 Reference value :  5.50000e-02
 Reference value :  5.70000e-02
 Reference value :  5.90000e-02
 Reference value :  6.10000e-02
 Reference value :  6.30000e-02
 Reference value :  6.50000e-02
 Reference value :  6.70000e-02
 Reference value :  6.90000e-02
 Reference value :  7.10000e-02
 Reference value :  7.30000e-02
 Reference value :  7.50000e-02
 Reference value :  7.70000e-02
 Reference value :  7.90000e-02
 Reference value :  8.10000e-02
 Reference value :  8.30000e-02
 Reference value :  8.50000e-02
 Reference value :  8.70000e-02
 Reference value :  8.90000e-02
 Reference value :  9.10000e-02
 Reference value :  9.30000e-02
 Reference value :  9.50000e-02
 Reference value :  9.70000e-02
 Reference value :  9.90000e-02
 Reference value :  1.01000e-01
 Reference value :  1.03000e-01
 Reference value :  1.05000e-01
 Reference value :  1.07000e-01
 Reference value :  1.09000e-01
 Reference value :  1.11000e-01
 Reference value :  1.13000e-01
 Reference value :  1.15000e-01
 Reference value :  1.17000e-01
 Reference value :  1.19000e-01
 Reference value :  1.21000e-01
 Reference value :  1.23000e-01
 Reference value :  1.25000e-01
 Reference value :  1.27000e-01
 Reference value :  1.29000e-01
 Reference value :  1.31000e-01
 Reference value :  1.33000e-01
 Reference value :  1.35000e-01
 Reference value :  1.37000e-01
 Reference value :  1.39000e-01
 Reference value :  1.41000e-01
 Reference value :  1.43000e-01
 Reference value :  1.45000e-01
 Reference value :  1.47000e-01
 Reference value :  1.49000e-01
 Reference value :  1.51000e-01
 Reference value :  1.53000e-01
 Reference value :  1.55000e-01
 Reference value :  1.57000e-01
 Reference value :  1.59000e-01
 Reference value :  1.61000e-01
 Reference value :  1.63000e-01
 Reference value :  1.65000e-01
 Reference value :  1.67000e-01
 Reference value :  1.69000e-01
 Reference value :  1.71000e-01
 Reference value :  1.73000e-01
 Reference value :  1.75000e-01
 Reference value :  1.77000e-01
 Reference value :  1.79000e-01
 Reference value :  1.81000e-01
 Reference value :  1.83000e-01
 Reference value :  1.85000e-01
 Reference value :  2.19000e-01
 Reference value :  2.21000e-01
 Reference value :  2.23000e-01
 Reference value :  2.25000e-01
 Reference value :  2.27000e-01
 Reference value :  2.29000e-01
 Reference value :  2.31000e-01
 Reference value :  2.33000e-01
 Reference value :  2.35000e-01
 Reference value :  2.37000e-01
 Reference value :  2.39000e-01
 Reference value :  2.41000e-01
 Reference value :  2.43000e-01
 Reference value :  2.45000e-01
 Reference value :  2.47000e-01
 Reference value :  2.49000e-01
 Reference value :  2.51000e-01
 Reference value :  2.53000e-01
 Reference value :  2.55000e-01
 Reference value :  2.57000e-01
 Reference value :  2.59000e-01
 Reference value :  2.61000e-01
 Reference value :  2.63000e-01
 Reference value :  2.65000e-01
 Reference value :  2.67000e-01
 Reference value :  2.69000e-01
 Reference value :  2.71000e-01
 Reference value :  2.73000e-01
 Reference value :  2.75000e-01
 Reference value :  2.77000e-01
 Reference value :  2.79000e-01
 Reference value :  2.81000e-01
 Reference value :  2.83000e-01
 Reference value :  2.85000e-01
 Reference value :  2.87000e-01
 Reference value :  2.89000e-01
 Reference value :  2.91000e-01
 Reference value :  2.93000e-01
 Reference value :  2.98000e-01
 Reference value :  3.00000e-01
 Reference value :  3.02000e-01
 Reference value :  3.04000e-01
 Reference value :  3.06000e-01
 Reference value :  3.08000e-01
 Reference value :  3.10000e-01
 Reference value :  3.12000e-01
 Reference value :  3.14000e-01
 Reference value :  3.16000e-01
 Reference value :  3.18000e-01
 Reference value :  3.20000e-01
 Reference value :  3.22000e-01
 Reference value :  3.24000e-01
 Reference value :  3.26000e-01
 Reference value :  3.28000e-01
 Reference value :  3.30000e-01
 Reference value :  3.32000e-01
 Reference value :  3.34000e-01
 Reference value :  3.36000e-01
 Reference value :  3.38000e-01
 Reference value :  3.40000e-01
 Reference value :  3.42000e-01
 Reference value :  3.44000e-01
 Reference value :  3.46000e-01
 Reference value :  3.48000e-01
 Reference value :  3.50000e-01
 Reference value :  3.52000e-01
 Reference value :  3.54000e-01
 Reference value :  3.58000e-01
 Reference value :  3.61000e-01
 Reference value :  3.63000e-01
 Reference value :  3.65000e-01
 Reference value :  3.67000e-01
 Reference value :  3.69000e-01
 Reference value :  3.71000e-01
 Reference value :  3.73000e-01
 Reference value :  3.75000e-01
 Reference value :  3.80000e-01
 Reference value :  3.82000e-01
 Reference value :  3.84000e-01
 Reference value :  3.86000e-01
 Reference value :  3.88000e-01
 Reference value :  3.90000e-01
 Reference value :  3.92000e-01
 Reference value :  3.94000e-01
 Reference value :  3.96000e-01
 Reference value :  3.98000e-01
 Reference value :  4.00000e-01
 Reference value :  4.02000e-01
 Reference value :  4.04000e-01
 Reference value :  4.06000e-01
 Reference value :  4.08000e-01
 Reference value :  4.10000e-01
 Reference value :  4.12000e-01
 Reference value :  4.14000e-01
 Reference value :  4.16000e-01
 Reference value :  4.18000e-01
 Reference value :  4.20000e-01
 Reference value :  4.22000e-01
 Reference value :  4.24000e-01
 Reference value :  4.26000e-01
 Reference value :  4.28000e-01
 Reference value :  4.30000e-01
 Reference value :  4.32000e-01
 Reference value :  4.38000e-01
 Reference value :  4.40000e-01
 Reference value :  4.42000e-01
 Reference value :  4.44000e-01
 Reference value :  4.46000e-01
 Reference value :  4.48000e-01
 Reference value :  4.50000e-01
 Reference value :  4.52000e-01
 Reference value :  4.54000e-01
 Reference value :  4.56000e-01
 Reference value :  4.58000e-01
 Reference value :  4.60000e-01
 Reference value :  4.62000e-01
 Reference value :  4.64000e-01
 Reference value :  4.66000e-01
 Reference value :  4.68000e-01
 Reference value :  4.70000e-01
 Reference value :  4.72000e-01
 Reference value :  4.74000e-01
 Reference value :  4.76000e-01
 Reference value :  4.78000e-01
 Reference value :  4.80000e-01
 Reference value :  4.82000e-01
 Reference value :  4.84000e-01
 Reference value :  4.86000e-01
 Reference value :  4.88000e-01
 Reference value :  4.90000e-01
 Reference value :  4.92000e-01
 Reference value :  4.94000e-01
 Reference value :  4.96000e-01
 Reference value :  4.98000e-01
 Reference value :  5.00000e-01
 Reference value :  5.02000e-01
 Reference value :  5.04000e-01
 Reference value :  5.06000e-01
 Reference value :  5.08000e-01
 Reference value :  5.10000e-01
 Reference value :  5.12000e-01
 Reference value :  5.14000e-01
 Reference value :  5.16000e-01
 Reference value :  5.18000e-01
 Reference value :  5.20000e-01
 Reference value :  5.22000e-01
 Reference value :  5.24000e-01
 Reference value :  5.26000e-01
 Reference value :  5.28000e-01
 Reference value :  5.30000e-01
 Reference value :  5.32000e-01
 Reference value :  5.34000e-01
 Reference value :  5.36000e-01
 Reference value :  5.38000e-01
 Reference value :  5.40000e-01
 Reference value :  5.42000e-01
 Reference value :  5.44000e-01
 Reference value :  5.46000e-01
 Reference value :  5.48000e-01
 Reference value :  5.50000e-01
 Reference value :  5.52000e-01
 Reference value :  5.54000e-01
 Reference value :  5.56000e-01
 Reference value :  5.58000e-01
 Reference value :  5.60000e-01
 Reference value :  5.62000e-01
 Reference value :  5.64000e-01
 Reference value :  5.66000e-01
 Reference value :  5.68000e-01
 Reference value :  5.70000e-01
 Reference value :  5.72000e-01
 Reference value :  5.74000e-01
 Reference value :  5.76000e-01
 Reference value :  5.78000e-01
 Reference value :  5.80000e-01
 Reference value :  5.82000e-01
 Reference value :  5.84000e-01
 Reference value :  5.86000e-01
 Reference value :  5.88000e-01
 Reference value :  5.90000e-01
 Reference value :  5.92000e-01
 Reference value :  5.94000e-01
 Reference value :  5.96000e-01
 Reference value :  5.98000e-01
 Reference value :  6.00000e-01
 Reference value :  6.03000e-01
 Reference value :  6.05000e-01
 Reference value :  6.07000e-01
 Reference value :  6.09000e-01
 Reference value :  6.11000e-01
 Reference value :  6.13000e-01
 Reference value :  6.15000e-01
 Reference value :  6.17000e-01
 Reference value :  6.19000e-01
 Reference value :  6.21000e-01
 Reference value :  6.23000e-01
 Reference value :  6.25000e-01
 Reference value :  6.27000e-01
 Reference value :  6.29000e-01
 Reference value :  6.31000e-01
 Reference value :  6.33000e-01
 Reference value :  6.35000e-01
 Reference value :  6.37000e-01
 Reference value :  6.39000e-01
 Reference value :  6.41000e-01
 Reference value :  6.43000e-01
 Reference value :  6.45000e-01
 Reference value :  6.47000e-01
 Reference value :  6.49000e-01
 Reference value :  6.51000e-01
 Reference value :  6.53000e-01
 Reference value :  6.89000e-01
 Reference value :  6.91000e-01
 Reference value :  6.93000e-01
 Reference value :  6.95000e-01
 Reference value :  6.97000e-01
 Reference value :  6.99000e-01
 Reference value :  7.01000e-01
 Reference value :  7.03000e-01
 Reference value :  7.05000e-01
 Reference value :  7.07000e-01
 Reference value :  7.09000e-01
 Reference value :  7.11000e-01
 Reference value :  7.13000e-01
 Reference value :  7.15000e-01
 Reference value :  7.17000e-01
 Reference value :  7.19000e-01
 Reference value :  7.21000e-01
 Reference value :  7.23000e-01
 Reference value :  7.25000e-01
 Reference value :  7.27000e-01
 Reference value :  7.29000e-01
 Reference value :  7.31000e-01
 Reference value :  7.33000e-01
 Reference value :  7.35000e-01
 Reference value :  7.37000e-01
 Reference value :  7.39000e-01
 Reference value :  7.41000e-01
 Reference value :  7.43000e-01
 Reference value :  7.45000e-01
 Reference value :  7.47000e-01
 Reference value :  7.49000e-01
 Reference value :  7.51000e-01
 Reference value :  7.53000e-01
 Reference value :  7.55000e-01
 Reference value :  7.57000e-01
 Reference value :  7.59000e-01
 Reference value :  7.61000e-01
 Reference value :  7.63000e-01
 Reference value :  7.65000e-01
 Reference value :  7.67000e-01
 Reference value :  7.69000e-01
 Reference value :  7.71000e-01
 Reference value :  7.73000e-01
 Reference value :  7.75000e-01
 Reference value :  7.77000e-01
 Reference value :  7.79000e-01
 Reference value :  7.81000e-01
 Reference value :  7.83000e-01
 Reference value :  7.85000e-01
 Reference value :  7.87000e-01
 Reference value :  7.89000e-01
 Reference value :  7.91000e-01
 Reference value :  7.93000e-01
 Reference value :  7.95000e-01
 Reference value :  7.97000e-01
 Reference value :  7.99000e-01
 Reference value :  8.01000e-01
 Reference value :  8.03000e-01
 Reference value :  8.05000e-01
 Reference value :  8.07000e-01
 Reference value :  8.09000e-01
 Reference value :  8.11000e-01
 Reference value :  8.13000e-01
 Reference value :  8.15000e-01
 Reference value :  8.17000e-01
 Reference value :  8.56000e-01
 Reference value :  8.58000e-01
 Reference value :  8.60000e-01
 Reference value :  8.62000e-01
 Reference value :  8.64000e-01
 Reference value :  8.66000e-01
 Reference value :  8.68000e-01
 Reference value :  8.70000e-01
 Reference value :  8.72000e-01
 Reference value :  8.74000e-01
 Reference value :  8.76000e-01
 Reference value :  8.78000e-01
 Reference value :  8.80000e-01
 Reference value :  8.82000e-01
 Reference value :  8.84000e-01
 Reference value :  8.86000e-01
 Reference value :  8.88000e-01
 Reference value :  8.90000e-01
 Reference value :  8.92000e-01
 Reference value :  8.94000e-01
 Reference value :  8.96000e-01
 Reference value :  8.98000e-01
 Reference value :  9.00000e-01
 Reference value :  9.02000e-01
 Reference value :  9.04000e-01
 Reference value :  9.06000e-01
 Reference value :  9.08000e-01
 Reference value :  9.10000e-01
 Reference value :  9.12000e-01
 Reference value :  9.14000e-01
 Reference value :  9.16000e-01
 Reference value :  9.18000e-01
 Reference value :  9.20000e-01
 Reference value :  9.22000e-01
 Reference value :  9.24000e-01
 Reference value :  9.26000e-01
 Reference value :  9.28000e-01
 Reference value :  9.30000e-01
 Reference value :  9.32000e-01
 Reference value :  9.34000e-01
 Reference value :  9.36000e-01
 Reference value :  9.38000e-01
 Reference value :  9.40000e-01
 Reference value :  9.42000e-01
 Reference value :  9.44000e-01
 Reference value :  9.46000e-01
 Reference value :  9.48000e-01
 Reference value :  9.50000e-01
 Reference value :  9.52000e-01
 Reference value :  9.54000e-01
 Reference value :  9.56000e-01
 Reference value :  9.58000e-01
 Reference value :  9.60000e-01
 Reference value :  9.62000e-01
 Reference value :  9.64000e-01
 Reference value :  9.66000e-01
 Reference value :  9.68000e-01
 Reference value :  9.70000e-01
 Reference value :  9.72000e-01
 Reference value :  9.74000e-01
 Reference value :  9.76000e-01
 Reference value :  9.78000e-01
 Reference value :  9.80000e-01
 Reference value :  9.82000e-01
 Reference value :  9.84000e-01
 Reference value :  9.86000e-01
 Reference value :  9.88000e-01
 Reference value :  9.90000e-01
 Reference value :  9.92000e-01
 Reference value :  9.94000e-01
 Reference value :  9.96000e-01
 Reference value :  9.98000e-01
 Reference value :  1.00000e+00
 Reference value :  1.00200e+00
 Reference value :  1.00400e+00
 Reference value :  1.00600e+00
 Reference value :  1.00800e+00
 Reference value :  1.01000e+00
 Reference value :  1.01200e+00
 Reference value :  1.01400e+00
 Reference value :  1.01600e+00
 Reference value :  1.01800e+00
 Reference value :  1.02000e+00
 Reference value :  1.02200e+00
 Reference value :  1.02400e+00
 Reference value :  1.02600e+00
 Reference value :  1.02800e+00
 Reference value :  1.03000e+00
 Reference value :  1.03200e+00
 Reference value :  1.03400e+00
 Reference value :  1.03600e+00
 Reference value :  1.03800e+00
 Reference value :  1.04000e+00
 Reference value :  1.04200e+00
 Reference value :  1.04400e+00
 Reference value :  1.04600e+00
 Reference value :  1.04800e+00
 Reference value :  1.05000e+00
 Reference value :  1.05200e+00
 Reference value :  1.05400e+00
 Reference value :  1.05600e+00
 Reference value :  1.05800e+00
 Reference value :  1.06000e+00
 Reference value :  1.06200e+00
 Reference value :  1.06400e+00
 Reference value :  1.06600e+00
 Reference value :  1.06800e+00
 Reference value :  1.07000e+00
 Reference value :  1.07200e+00
 Reference value :  1.07400e+00
 Reference value :  1.07600e+00
 Reference value :  1.07800e+00
 Reference value :  1.08000e+00
 Reference value :  1.08200e+00
 Reference value :  1.08400e+00
 Reference value :  1.08600e+00
 Reference value :  1.08800e+00
 Reference value :  1.09000e+00
 Reference value :  1.09200e+00
 Reference value :  1.09400e+00
 Reference value :  1.09600e+00
 Reference value :  1.09800e+00
 Reference value :  1.10000e+00
 Reference value :  1.10200e+00
 Reference value :  1.10400e+00
 Reference value :  1.10600e+00
 Reference value :  1.10800e+00
 Reference value :  1.11000e+00
 Reference value :  1.11200e+00
 Reference value :  1.11400e+00
 Reference value :  1.11600e+00
 Reference value :  1.11800e+00
 Reference value :  1.12000e+00
 Reference value :  1.12200e+00
 Reference value :  1.12400e+00
 Reference value :  1.12600e+00
 Reference value :  1.12800e+00
 Reference value :  1.13000e+00
 Reference value :  1.13200e+00
 Reference value :  1.13400e+00
 Reference value :  1.13600e+00
 Reference value :  1.13800e+00
 Reference value :  1.14000e+00
 Reference value :  1.15000e+00
 Reference value :  1.15200e+00
 Reference value :  1.15400e+00
 Reference value :  1.15600e+00
 Reference value :  1.15800e+00
 Reference value :  1.16000e+00
 Reference value :  1.16200e+00
 Reference value :  1.16400e+00
 Reference value :  1.16600e+00
 Reference value :  1.16800e+00
 Reference value :  1.17000e+00
 Reference value :  1.17200e+00
 Reference value :  1.17400e+00
 Reference value :  1.17600e+00
 Reference value :  1.17800e+00
 Reference value :  1.18000e+00
 Reference value :  1.18200e+00
 Reference value :  1.18400e+00
 Reference value :  1.18600e+00
 Reference value :  1.18800e+00
 Reference value :  1.19000e+00
 Reference value :  1.19200e+00
 Reference value :  1.19400e+00
 Reference value :  1.19600e+00
 Reference value :  1.19800e+00
 Reference value :  1.20000e+00
 Reference value :  1.20200e+00
 Reference value :  1.20400e+00
 Reference value :  1.20600e+00
 Reference value :  1.20800e+00
 Reference value :  1.21000e+00
 Reference value :  1.21200e+00
 Reference value :  1.21400e+00
 Reference value :  1.21600e+00
 Reference value :  1.21800e+00
 Reference value :  1.22000e+00
 Reference value :  1.22200e+00
 Reference value :  1.22400e+00
 Reference value :  1.23200e+00
 Reference value :  1.23400e+00
 Reference value :  1.23600e+00
 Reference value :  1.23800e+00
 Reference value :  1.24000e+00
 Reference value :  1.24200e+00
 Reference value :  1.24400e+00
 Reference value :  1.24600e+00
 Reference value :  1.24800e+00
 Reference value :  1.25000e+00
 Reference value :  1.25200e+00
 Reference value :  1.25400e+00
 Reference value :  1.25600e+00
 Reference value :  1.29200e+00
 Reference value :  1.29400e+00
 Reference value :  1.29600e+00
 Reference value :  1.29800e+00
 Reference value :  1.30000e+00
 Reference value :  1.30200e+00
 Reference value :  1.30400e+00
 Reference value :  1.30600e+00
 Reference value :  1.30800e+00
 Reference value :  1.31000e+00
 Reference value :  1.31200e+00
 Reference value :  1.31400e+00
 Reference value :  1.31600e+00
 Reference value :  1.31800e+00
 Reference value :  1.32000e+00
 Reference value :  1.32200e+00
 Reference value :  1.32400e+00
 Reference value :  1.32600e+00
 Reference value :  1.32800e+00
 Reference value :  1.33000e+00
 Reference value :  1.33200e+00
 Reference value :  1.33400e+00
 Reference value :  1.33600e+00
 Reference value :  1.33800e+00
 Reference value :  1.34000e+00
 Reference value :  1.34200e+00
 Reference value :  1.34400e+00
 Reference value :  1.34600e+00
 Reference value :  1.34800e+00
 Reference value :  1.35000e+00
 Reference value :  1.35200e+00
 Reference value :  1.35400e+00
 Reference value :  1.35600e+00
 Reference value :  1.35800e+00
 Reference value :  1.36000e+00
 Reference value :  1.36200e+00
 Reference value :  1.36400e+00
 Reference value :  1.36600e+00
 Reference value :  1.36800e+00
 Reference value :  1.37000e+00
 Reference value :  1.37200e+00
 Reference value :  1.37400e+00
 Reference value :  1.37600e+00
 Reference value :  1.37800e+00
 Reference value :  1.38000e+00
 Reference value :  1.38200e+00
 Reference value :  1.38400e+00
 Reference value :  1.38600e+00
 Reference value :  1.38800e+00
 Reference value :  1.39000e+00
 Reference value :  1.39200e+00
 Reference value :  1.39400e+00
 Reference value :  1.39600e+00
 Reference value :  1.39800e+00
 Reference value :  1.40000e+00
 Reference value :  1.40200e+00
 Reference value :  1.40400e+00
 Reference value :  1.40600e+00
 Reference value :  1.40800e+00
 Reference value :  1.41000e+00
 Reference value :  1.41200e+00
 Reference value :  1.41400e+00
 Reference value :  1.41600e+00
 Reference value :  1.41800e+00
 Reference value :  1.42000e+00
 Reference value :  1.42200e+00
 Reference value :  1.42400e+00
 Reference value :  1.44200e+00
 Reference value :  1.44400e+00
 Reference value :  1.44600e+00
 Reference value :  1.44800e+00
 Reference value :  1.45000e+00
 Reference value :  1.45200e+00
 Reference value :  1.45400e+00
 Reference value :  1.45600e+00
 Reference value :  1.45800e+00
 Reference value :  1.46000e+00
 Reference value :  1.46200e+00
 Reference value :  1.46400e+00
 Reference value :  1.46600e+00
 Reference value :  1.46800e+00
 Reference value :  1.47000e+00
 Reference value :  1.47200e+00
 Reference value :  1.47400e+00
 Reference value :  1.47600e+00
 Reference value :  1.47800e+00
 Reference value :  1.48000e+00
 Reference value :  1.48200e+00
 Reference value :  1.48400e+00
 Reference value :  1.48600e+00
 Reference value :  1.48800e+00
 Reference value :  1.49000e+00
 Reference value :  1.49200e+00
 Reference value :  1.49400e+00
 Reference value :  1.49600e+00
 Reference value :  1.49800e+00
 Reference value :  1.50000e+00
 Reference value :  1.50200e+00
 Reference value :  1.50400e+00
 Reference value :  1.50600e+00
 Reference value :  1.50800e+00
 Reference value :  1.51000e+00
 Reference value :  1.51200e+00
 Reference value :  1.51400e+00
 Reference value :  1.51600e+00
 Reference value :  1.51800e+00
 Reference value :  1.52000e+00
 Reference value :  1.52200e+00
 Reference value :  1.52400e+00
 Reference value :  1.52600e+00
 Reference value :  1.52800e+00
 Reference value :  1.53000e+00
 Reference value :  1.53200e+00
 Reference value :  1.53400e+00
 Reference value :  1.53600e+00
 Reference value :  1.53800e+00
 Reference value :  1.54000e+00
 Reference value :  1.54200e+00
 Reference value :  1.54400e+00
 Reference value :  1.54600e+00
 Reference value :  1.54800e+00
 Reference value :  1.55000e+00
 Reference value :  1.55200e+00
 Reference value :  1.55400e+00
 Reference value :  1.55700e+00
 Reference value :  1.55900e+00
 Reference value :  1.56100e+00
 Reference value :  1.56300e+00
 Reference value :  1.56500e+00
 Reference value :  1.56700e+00
 Reference value :  1.56900e+00
 Reference value :  1.57100e+00
 Reference value :  1.57300e+00
 Reference value :  1.57500e+00
 Reference value :  1.57700e+00
 Reference value :  1.57900e+00
 Reference value :  1.58100e+00
 Reference value :  1.58300e+00
 Reference value :  1.58500e+00
 Reference value :  1.58700e+00
 Reference value :  1.58900e+00
 Reference value :  1.59100e+00
 Reference value :  1.59300e+00
 Reference value :  1.59500e+00
 Reference value :  1.59700e+00
 Reference value :  1.59900e+00
 Reference value :  1.60100e+00
 Reference value :  1.60300e+00
 Reference value :  1.60500e+00
 Reference value :  1.60700e+00
 Reference value :  1.60900e+00
 Reference value :  1.61100e+00
 Reference value :  1.61300e+00
 Reference value :  1.61500e+00
 Reference value :  1.61700e+00
 Reference value :  1.61900e+00
 Reference value :  1.62100e+00
 Reference value :  1.62300e+00
 Reference value :  1.62500e+00
 Reference value :  1.62700e+00
 Reference value :  1.62900e+00
 Reference value :  1.63100e+00
 Reference value :  1.63300e+00
 Reference value :  1.63500e+00
 Reference value :  1.63700e+00
 Reference value :  1.63900e+00
 Reference value :  1.64100e+00
 Reference value :  1.64300e+00
 Reference value :  1.64500e+00
 Reference value :  1.64700e+00
 Reference value :  1.64900e+00
 Reference value :  1.65100e+00
 Reference value :  1.65300e+00
 Reference value :  1.65500e+00
 Reference value :  1.65700e+00
 Reference value :  1.65900e+00
 Reference value :  1.66100e+00
 Reference value :  1.66300e+00
 Reference value :  1.66500e+00
 Reference value :  1.66700e+00
 Reference value :  1.66900e+00
 Reference value :  1.67100e+00
 Reference value :  1.67300e+00
 Reference value :  1.67500e+00
 Reference value :  1.67700e+00
 Reference value :  1.67900e+00
 Reference value :  1.68100e+00
 Reference value :  1.68300e+00
 Reference value :  1.68500e+00
 Reference value :  1.71500e+00
 Reference value :  1.71700e+00
 Reference value :  1.71900e+00
 Reference value :  1.72100e+00
 Reference value :  1.72300e+00
 Reference value :  1.72500e+00
 Reference value :  1.72700e+00
 Reference value :  1.72900e+00
 Reference value :  1.73100e+00
 Reference value :  1.73300e+00
 Reference value :  1.73500e+00
 Reference value :  1.73700e+00
 Reference value :  1.73900e+00
 Reference value :  1.74100e+00
 Reference value :  1.74300e+00
 Reference value :  1.74500e+00
 Reference value :  1.74700e+00
 Reference value :  1.74900e+00
 Reference value :  1.75100e+00
 Reference value :  1.75300e+00
 Reference value :  1.75500e+00
 Reference value :  1.75700e+00
 Reference value :  1.75900e+00
 Reference value :  1.76100e+00
 Reference value :  1.76300e+00
 Reference value :  1.76500e+00
 Reference value :  1.76700e+00
 Reference value :  1.76900e+00
 Reference value :  1.77100e+00
 Reference value :  1.77300e+00
 Reference value :  1.77500e+00
 Reference value :  1.77700e+00
 Reference value :  1.77900e+00
 Reference value :  1.78100e+00
 Reference value :  1.78300e+00
 Reference value :  1.78500e+00
 Reference value :  1.78700e+00
 Reference value :  1.78900e+00
 Reference value :  1.79100e+00
 Reference value :  1.79300e+00
 Reference value :  1.79500e+00
 Reference value :  1.79700e+00
 Reference value :  1.79900e+00
 Reference value :  1.80100e+00
 Reference value :  1.80300e+00
 Reference value :  1.80500e+00
 Reference value :  1.80700e+00
 Reference value :  1.80900e+00
 Reference value :  1.81100e+00
 Reference value :  1.81300e+00
 Reference value :  1.81500e+00
 Reference value :  1.81700e+00
 Reference value :  1.81900e+00
 Reference value :  1.82100e+00
 Reference value :  1.82300e+00
 Reference value :  1.82500e+00
 Reference value :  1.82700e+00
 Reference value :  1.82900e+00
 Reference value :  1.83100e+00
 Reference value :  1.83300e+00
 Reference value :  1.83500e+00
 Reference value :  1.83700e+00
 Reference value :  1.83900e+00
 Reference value :  1.84100e+00
 Reference value :  1.84300e+00
 Reference value :  1.84500e+00
 Reference value :  1.84700e+00
 Reference value :  1.84900e+00
 Reference value :  1.85100e+00
 Reference value :  1.85300e+00
 Reference value :  1.85500e+00
 Reference value :  1.85700e+00
 Reference value :  1.85900e+00
 Reference value :  1.86100e+00
 Reference value :  1.86300e+00
 Reference value :  1.86500e+00
 Reference value :  1.86700e+00
 Reference value :  1.86900e+00
 Reference value :  1.87100e+00
 Reference value :  1.87300e+00
 Reference value :  1.87500e+00
 Reference value :  1.87700e+00
 Reference value :  1.87900e+00
 Reference value :  1.88100e+00
 Reference value :  1.88300e+00
 Reference value :  1.88500e+00
 Reference value :  1.88700e+00
 Reference value :  1.88900e+00
 Reference value :  1.89100e+00
 Reference value :  1.89300e+00
 Reference value :  1.89500e+00
 Reference value :  1.89700e+00
 Reference value :  1.89900e+00
 Reference value :  1.90100e+00
 Reference value :  1.90300e+00
 Reference value :  1.90500e+00
 Reference value :  1.90700e+00
 Reference value :  1.90900e+00
 Reference value :  1.91100e+00
 Reference value :  1.91300e+00
 Reference value :  1.91500e+00
 Reference value :  1.91700e+00
 Reference value :  1.91900e+00
 Reference value :  1.92100e+00
 Reference value :  1.92300e+00
 Reference value :  1.92500e+00
 Reference value :  1.92700e+00
 Reference value :  1.92900e+00
 Reference value :  1.93100e+00
 Reference value :  1.93300e+00
 Reference value :  1.93500e+00
 Reference value :  1.93700e+00
 Reference value :  1.93900e+00
 Reference value :  1.94100e+00
 Reference value :  1.94300e+00
 Reference value :  1.94500e+00
 Reference value :  1.94700e+00
 Reference value :  1.94900e+00
 Reference value :  1.95100e+00
 Reference value :  1.95300e+00
 Reference value :  1.95500e+00
 Reference value :  1.95700e+00
 Reference value :  1.95900e+00
 Reference value :  1.96100e+00
 Reference value :  1.96300e+00
 Reference value :  1.96500e+00
 Reference value :  1.96700e+00
 Reference value :  1.96900e+00
 Reference value :  1.97100e+00
 Reference value :  1.97300e+00
 Reference value :  1.97500e+00
 Reference value :  1.97700e+00
 Reference value :  1.97900e+00
 Reference value :  1.98100e+00
 Reference value :  1.98300e+00
 Reference value :  1.98500e+00
 Reference value :  1.98700e+00
 Reference value :  1.98900e+00
 Reference value :  1.99100e+00
 Reference value :  1.99300e+00
 Reference value :  1.99500e+00
 Reference value :  1.99700e+00
 Reference value :  1.99900e+00
No. of Data Rows : 3001
Doing analysis at TEMP = -40.000000 and TNOM = 27.000000

Using KLU as Direct Linear Solver
 Reference value :  0.00000e+00
 Reference value :  2.00000e-03
 Reference value :  4.00000e-03
 Reference value :  6.00000e-03
 Reference value :  8.00000e-03
 Reference value :  1.00000e-02
 Reference value :  1.20000e-02
 Reference value :  1.40000e-02
 Reference value :  1.60000e-02
 Reference value :  1.80000e-02
 Reference value :  2.00000e-02
 Reference value :  2.20000e-02
 Reference value :  2.40000e-02
 Reference value :  2.60000e-02
 Reference value :  2.80000e-02
 Reference value :  3.00000e-02
 Reference value :  3.30000e-02
 Reference value :  3.60000e-02
 Reference value :  3.80000e-02
 Reference value :  4.00000e-02
 Reference value :  4.20000e-02
 Reference value :  4.40000e-02
 Reference value :  4.60000e-02
 Reference value :  4.80000e-02
 Reference value :  5.00000e-02
 Reference value :  5.20000e-02
 Reference value :  5.40000e-02
 Reference value :  5.60000e-02
 Reference value :  5.80000e-02
 Reference value :  6.00000e-02
 Reference value :  6.20000e-02
 Reference value :  6.40000e-02
 Reference value :  6.60000e-02
 Reference value :  6.80000e-02
 Reference value :  7.00000e-02
 Reference value :  7.20000e-02
 Reference value :  7.40000e-02
 Reference value :  7.60000e-02
 Reference value :  7.80000e-02
 Reference value :  8.00000e-02
 Reference value :  8.20000e-02
 Reference value :  8.40000e-02
 Reference value :  8.60000e-02
 Reference value :  8.80000e-02
 Reference value :  9.00000e-02
 Reference value :  9.20000e-02
 Reference value :  9.40000e-02
 Reference value :  9.60000e-02
 Reference value :  9.80000e-02
 Reference value :  1.00000e-01
 Reference value :  1.02000e-01
 Reference value :  1.04000e-01
 Reference value :  1.06000e-01
 Reference value :  1.08000e-01
 Reference value :  1.10000e-01
 Reference value :  1.12000e-01
 Reference value :  1.14000e-01
 Reference value :  1.16000e-01
 Reference value :  1.18000e-01
 Reference value :  1.20000e-01
 Reference value :  1.22000e-01
 Reference value :  1.24000e-01
 Reference value :  1.26000e-01
 Reference value :  1.28000e-01
 Reference value :  1.30000e-01
 Reference value :  1.32000e-01
 Reference value :  1.34000e-01
 Reference value :  1.36000e-01
 Reference value :  1.38000e-01
 Reference value :  1.40000e-01
 Reference value :  1.42000e-01
 Reference value :  1.44000e-01
 Reference value :  1.46000e-01
 Reference value :  1.48000e-01
 Reference value :  1.50000e-01
 Reference value :  1.52000e-01
 Reference value :  1.54000e-01
 Reference value :  1.56000e-01
 Reference value :  1.58000e-01
 Reference value :  1.60000e-01
 Reference value :  1.62000e-01
 Reference value :  1.64000e-01
 Reference value :  1.66000e-01
 Reference value :  1.68000e-01
 Reference value :  1.70000e-01
 Reference value :  1.72000e-01
 Reference value :  1.74000e-01
 Reference value :  1.76000e-01
 Reference value :  1.78000e-01
 Reference value :  1.80000e-01
 Reference value :  1.82000e-01
 Reference value :  1.84000e-01
 Reference value :  1.86000e-01
 Reference value :  1.88000e-01
 Reference value :  1.90000e-01
 Reference value :  1.92000e-01
 Reference value :  1.94000e-01
 Reference value :  1.96000e-01
 Reference value :  1.98000e-01
 Reference value :  2.00000e-01
 Reference value :  2.02000e-01
 Reference value :  2.04000e-01
 Reference value :  2.06000e-01
 Reference value :  2.08000e-01
 Reference value :  2.10000e-01
 Reference value :  2.12000e-01
 Reference value :  2.14000e-01
 Reference value :  2.16000e-01
 Reference value :  2.18000e-01
 Reference value :  2.20000e-01
 Reference value :  2.22000e-01
 Reference value :  2.24000e-01
 Reference value :  2.26000e-01
 Reference value :  2.28000e-01
 Reference value :  2.30000e-01
 Reference value :  2.32000e-01
 Reference value :  2.34000e-01
 Reference value :  2.36000e-01
 Reference value :  2.38000e-01
 Reference value :  2.40000e-01
 Reference value :  2.42000e-01
 Reference value :  2.44000e-01
 Reference value :  2.46000e-01
 Reference value :  2.48000e-01
 Reference value :  2.50000e-01
 Reference value :  2.52000e-01
 Reference value :  2.54000e-01
 Reference value :  2.56000e-01
 Reference value :  2.58000e-01
 Reference value :  2.60000e-01
 Reference value :  2.73000e-01
 Reference value :  2.75000e-01
 Reference value :  2.77000e-01
 Reference value :  2.79000e-01
 Reference value :  2.81000e-01
 Reference value :  2.83000e-01
 Reference value :  2.85000e-01
 Reference value :  2.87000e-01
 Reference value :  2.89000e-01
 Reference value :  2.91000e-01
 Reference value :  2.93000e-01
 Reference value :  2.95000e-01
 Reference value :  2.97000e-01
 Reference value :  2.99000e-01
 Reference value :  3.01000e-01
 Reference value :  3.03000e-01
 Reference value :  3.05000e-01
 Reference value :  3.07000e-01
 Reference value :  3.09000e-01
 Reference value :  3.11000e-01
 Reference value :  3.13000e-01
 Reference value :  3.15000e-01
 Reference value :  3.17000e-01
 Reference value :  3.19000e-01
 Reference value :  3.21000e-01
 Reference value :  3.23000e-01
 Reference value :  3.61000e-01
 Reference value :  3.63000e-01
 Reference value :  3.65000e-01
 Reference value :  3.67000e-01
 Reference value :  3.69000e-01
 Reference value :  3.71000e-01
 Reference value :  3.73000e-01
 Reference value :  3.75000e-01
 Reference value :  3.77000e-01
 Reference value :  3.79000e-01
 Reference value :  3.81000e-01
 Reference value :  3.83000e-01
 Reference value :  3.85000e-01
 Reference value :  3.87000e-01
 Reference value :  3.89000e-01
 Reference value :  3.91000e-01
 Reference value :  3.93000e-01
 Reference value :  3.96000e-01
 Reference value :  3.98000e-01
 Reference value :  4.00000e-01
 Reference value :  4.02000e-01
 Reference value :  4.04000e-01
 Reference value :  4.10000e-01
 Reference value :  4.12000e-01
 Reference value :  4.14000e-01
 Reference value :  4.16000e-01
 Reference value :  4.18000e-01
 Reference value :  4.20000e-01
 Reference value :  4.22000e-01
 Reference value :  4.24000e-01
 Reference value :  4.26000e-01
 Reference value :  4.28000e-01
 Reference value :  4.30000e-01
 Reference value :  4.32000e-01
 Reference value :  4.34000e-01
 Reference value :  4.36000e-01
 Reference value :  4.38000e-01
 Reference value :  4.40000e-01
 Reference value :  4.42000e-01
 Reference value :  4.44000e-01
 Reference value :  4.46000e-01
 Reference value :  4.48000e-01
 Reference value :  4.50000e-01
 Reference value :  4.52000e-01
 Reference value :  4.54000e-01
 Reference value :  4.56000e-01
 Reference value :  4.58000e-01
 Reference value :  4.60000e-01
 Reference value :  4.62000e-01
 Reference value :  4.64000e-01
 Reference value :  4.66000e-01
 Reference value :  4.68000e-01
 Reference value :  4.70000e-01
 Reference value :  4.72000e-01
 Reference value :  4.74000e-01
 Reference value :  4.76000e-01
 Reference value :  5.15000e-01
 Reference value :  5.17000e-01
 Reference value :  5.19000e-01
 Reference value :  5.21000e-01
 Reference value :  5.55000e-01
 Reference value :  5.57000e-01
 Reference value :  5.59000e-01
 Reference value :  5.61000e-01
 Reference value :  5.63000e-01
 Reference value :  5.65000e-01
 Reference value :  5.67000e-01
 Reference value :  5.69000e-01
 Reference value :  5.71000e-01
 Reference value :  5.73000e-01
 Reference value :  5.75000e-01
 Reference value :  5.77000e-01
 Reference value :  5.79000e-01
 Reference value :  5.81000e-01
 Reference value :  5.83000e-01
 Reference value :  5.85000e-01
 Reference value :  5.87000e-01
 Reference value :  5.89000e-01
 Reference value :  5.91000e-01
 Reference value :  5.93000e-01
 Reference value :  5.95000e-01
 Reference value :  5.97000e-01
 Reference value :  5.99000e-01
 Reference value :  6.01000e-01
 Reference value :  6.03000e-01
 Reference value :  6.05000e-01
 Reference value :  6.07000e-01
 Reference value :  6.09000e-01
 Reference value :  6.11000e-01
 Reference value :  6.13000e-01
 Reference value :  6.15000e-01
 Reference value :  6.17000e-01
 Reference value :  6.19000e-01
 Reference value :  6.21000e-01
 Reference value :  6.23000e-01
 Reference value :  6.25000e-01
 Reference value :  6.27000e-01
 Reference value :  6.29000e-01
 Reference value :  6.31000e-01
 Reference value :  6.33000e-01
 Reference value :  6.35000e-01
 Reference value :  6.37000e-01
 Reference value :  6.39000e-01
 Reference value :  6.41000e-01
 Reference value :  6.43000e-01
 Reference value :  6.45000e-01
 Reference value :  6.47000e-01
 Reference value :  6.49000e-01
 Reference value :  6.51000e-01
 Reference value :  6.53000e-01
 Reference value :  6.55000e-01
 Reference value :  6.57000e-01
 Reference value :  6.59000e-01
 Reference value :  6.61000e-01
 Reference value :  6.63000e-01
 Reference value :  6.65000e-01
 Reference value :  6.67000e-01
 Reference value :  6.69000e-01
 Reference value :  6.71000e-01
 Reference value :  6.73000e-01
 Reference value :  6.75000e-01
 Reference value :  6.77000e-01
 Reference value :  6.79000e-01
 Reference value :  6.81000e-01
 Reference value :  6.83000e-01
 Reference value :  6.85000e-01
 Reference value :  6.87000e-01
 Reference value :  6.89000e-01
 Reference value :  6.91000e-01
 Reference value :  6.93000e-01
 Reference value :  6.95000e-01
 Reference value :  6.97000e-01
 Reference value :  6.99000e-01
 Reference value :  7.01000e-01
 Reference value :  7.03000e-01
 Reference value :  7.05000e-01
 Reference value :  7.07000e-01
 Reference value :  7.09000e-01
 Reference value :  7.11000e-01
 Reference value :  7.13000e-01
 Reference value :  7.15000e-01
 Reference value :  7.17000e-01
 Reference value :  7.19000e-01
 Reference value :  7.21000e-01
 Reference value :  7.23000e-01
 Reference value :  7.25000e-01
 Reference value :  7.27000e-01
 Reference value :  7.29000e-01
 Reference value :  7.31000e-01
 Reference value :  7.33000e-01
 Reference value :  7.35000e-01
 Reference value :  7.37000e-01
 Reference value :  7.39000e-01
 Reference value :  7.41000e-01
 Reference value :  7.43000e-01
 Reference value :  7.45000e-01
 Reference value :  7.47000e-01
 Reference value :  7.49000e-01
 Reference value :  7.51000e-01
 Reference value :  7.53000e-01
 Reference value :  7.55000e-01
 Reference value :  7.57000e-01
 Reference value :  7.59000e-01
 Reference value :  7.61000e-01
 Reference value :  7.63000e-01
 Reference value :  7.65000e-01
 Reference value :  7.67000e-01
 Reference value :  7.69000e-01
 Reference value :  7.71000e-01
 Reference value :  7.73000e-01
 Reference value :  7.75000e-01
 Reference value :  7.77000e-01
 Reference value :  7.80000e-01
 Reference value :  7.82000e-01
 Reference value :  7.84000e-01
 Reference value :  7.86000e-01
 Reference value :  7.88000e-01
 Reference value :  7.90000e-01
 Reference value :  7.92000e-01
 Reference value :  7.94000e-01
 Reference value :  7.96000e-01
 Reference value :  7.98000e-01
 Reference value :  8.00000e-01
 Reference value :  8.02000e-01
 Reference value :  8.04000e-01
 Reference value :  8.06000e-01
 Reference value :  8.08000e-01
 Reference value :  8.10000e-01
 Reference value :  8.12000e-01
 Reference value :  8.14000e-01
 Reference value :  8.16000e-01
 Reference value :  8.18000e-01
 Reference value :  8.20000e-01
 Reference value :  8.22000e-01
 Reference value :  8.24000e-01
 Reference value :  8.26000e-01
 Reference value :  8.28000e-01
 Reference value :  8.30000e-01
 Reference value :  8.32000e-01
 Reference value :  8.34000e-01
 Reference value :  8.36000e-01
 Reference value :  8.38000e-01
 Reference value :  8.40000e-01
 Reference value :  8.42000e-01
 Reference value :  8.44000e-01
 Reference value :  8.46000e-01
 Reference value :  8.48000e-01
 Reference value :  8.50000e-01
 Reference value :  8.52000e-01
 Reference value :  8.54000e-01
 Reference value :  8.56000e-01
 Reference value :  8.58000e-01
 Reference value :  8.60000e-01
 Reference value :  8.62000e-01
 Reference value :  8.64000e-01
 Reference value :  8.66000e-01
 Reference value :  8.68000e-01
 Reference value :  8.70000e-01
 Reference value :  8.72000e-01
 Reference value :  8.74000e-01
 Reference value :  8.76000e-01
 Reference value :  8.78000e-01
 Reference value :  8.80000e-01
 Reference value :  8.82000e-01
 Reference value :  8.84000e-01
 Reference value :  8.86000e-01
 Reference value :  8.88000e-01
 Reference value :  8.90000e-01
 Reference value :  8.92000e-01
 Reference value :  8.94000e-01
 Reference value :  8.96000e-01
 Reference value :  8.98000e-01
 Reference value :  9.00000e-01
 Reference value :  9.02000e-01
 Reference value :  9.04000e-01
 Reference value :  9.06000e-01
 Reference value :  9.08000e-01
 Reference value :  9.10000e-01
 Reference value :  9.12000e-01
 Reference value :  9.14000e-01
 Reference value :  9.16000e-01
 Reference value :  9.44000e-01
 Reference value :  9.99000e-01
 Reference value :  1.00100e+00
 Reference value :  1.00300e+00
 Reference value :  1.00500e+00
 Reference value :  1.00700e+00
 Reference value :  1.00900e+00
 Reference value :  1.01100e+00
 Reference value :  1.01300e+00
 Reference value :  1.01500e+00
 Reference value :  1.01700e+00
 Reference value :  1.01900e+00
 Reference value :  1.02100e+00
 Reference value :  1.02300e+00
 Reference value :  1.02500e+00
 Reference value :  1.02700e+00
 Reference value :  1.02900e+00
 Reference value :  1.03100e+00
 Reference value :  1.03300e+00
 Reference value :  1.03500e+00
 Reference value :  1.03700e+00
 Reference value :  1.03900e+00
 Reference value :  1.04100e+00
 Reference value :  1.04300e+00
 Reference value :  1.04500e+00
 Reference value :  1.04700e+00
 Reference value :  1.04900e+00
 Reference value :  1.05100e+00
 Reference value :  1.05300e+00
 Reference value :  1.05500e+00
 Reference value :  1.05700e+00
 Reference value :  1.05900e+00
 Reference value :  1.06100e+00
 Reference value :  1.06300e+00
 Reference value :  1.06500e+00
 Reference value :  1.06700e+00
 Reference value :  1.06900e+00
 Reference value :  1.07100e+00
 Reference value :  1.07300e+00
 Reference value :  1.07500e+00
 Reference value :  1.07700e+00
 Reference value :  1.07900e+00
 Reference value :  1.08100e+00
 Reference value :  1.08300e+00
 Reference value :  1.08500e+00
 Reference value :  1.08700e+00
 Reference value :  1.08900e+00
 Reference value :  1.09100e+00
 Reference value :  1.09300e+00
 Reference value :  1.09500e+00
 Reference value :  1.09700e+00
 Reference value :  1.09900e+00
 Reference value :  1.10100e+00
 Reference value :  1.10300e+00
 Reference value :  1.10500e+00
 Reference value :  1.10700e+00
 Reference value :  1.10900e+00
 Reference value :  1.11100e+00
 Reference value :  1.11300e+00
 Reference value :  1.11500e+00
 Reference value :  1.11700e+00
 Reference value :  1.11900e+00
 Reference value :  1.12100e+00
 Reference value :  1.12300e+00
 Reference value :  1.12500e+00
 Reference value :  1.12700e+00
 Reference value :  1.12900e+00
 Reference value :  1.13100e+00
 Reference value :  1.13300e+00
 Reference value :  1.13500e+00
 Reference value :  1.13700e+00
 Reference value :  1.13900e+00
 Reference value :  1.14100e+00
 Reference value :  1.14300e+00
 Reference value :  1.14500e+00
 Reference value :  1.14700e+00
 Reference value :  1.14900e+00
 Reference value :  1.15100e+00
 Reference value :  1.15300e+00
 Reference value :  1.15500e+00
 Reference value :  1.15700e+00
 Reference value :  1.15900e+00
 Reference value :  1.16100e+00
 Reference value :  1.16300e+00
 Reference value :  1.16500e+00
 Reference value :  1.16700e+00
 Reference value :  1.16900e+00
 Reference value :  1.17100e+00
 Reference value :  1.17300e+00
 Reference value :  1.17500e+00
 Reference value :  1.17700e+00
 Reference value :  1.17900e+00
 Reference value :  1.18100e+00
 Reference value :  1.18300e+00
 Reference value :  1.18500e+00
 Reference value :  1.18700e+00
 Reference value :  1.18900e+00
 Reference value :  1.19100e+00
 Reference value :  1.19300e+00
 Reference value :  1.19500e+00
 Reference value :  1.19700e+00
 Reference value :  1.19900e+00
 Reference value :  1.20100e+00
 Reference value :  1.20300e+00
 Reference value :  1.20500e+00
 Reference value :  1.20700e+00
 Reference value :  1.20900e+00
 Reference value :  1.21100e+00
 Reference value :  1.21300e+00
 Reference value :  1.21500e+00
 Reference value :  1.21700e+00
 Reference value :  1.21900e+00
 Reference value :  1.22100e+00
 Reference value :  1.22300e+00
 Reference value :  1.22500e+00
 Reference value :  1.22700e+00
 Reference value :  1.22900e+00
 Reference value :  1.23100e+00
 Reference value :  1.23300e+00
 Reference value :  1.23500e+00
 Reference value :  1.23700e+00
 Reference value :  1.23900e+00
 Reference value :  1.24100e+00
 Reference value :  1.24300e+00
 Reference value :  1.24500e+00
 Reference value :  1.24700e+00
 Reference value :  1.24900e+00
 Reference value :  1.25100e+00
 Reference value :  1.25300e+00
 Reference value :  1.25500e+00
 Reference value :  1.25700e+00
 Reference value :  1.25900e+00
 Reference value :  1.26100e+00
 Reference value :  1.26300e+00
 Reference value :  1.26500e+00
 Reference value :  1.26700e+00
 Reference value :  1.26900e+00
 Reference value :  1.27100e+00
 Reference value :  1.27300e+00
 Reference value :  1.27500e+00
 Reference value :  1.27700e+00
 Reference value :  1.27900e+00
 Reference value :  1.28100e+00
 Reference value :  1.28300e+00
 Reference value :  1.28500e+00
 Reference value :  1.28700e+00
 Reference value :  1.28900e+00
 Reference value :  1.29100e+00
 Reference value :  1.29300e+00
 Reference value :  1.29500e+00
 Reference value :  1.29700e+00
 Reference value :  1.29900e+00
 Reference value :  1.30100e+00
 Reference value :  1.30300e+00
 Reference value :  1.30500e+00
 Reference value :  1.30700e+00
 Reference value :  1.30900e+00
 Reference value :  1.31100e+00
 Reference value :  1.31300e+00
 Reference value :  1.31500e+00
 Reference value :  1.31700e+00
 Reference value :  1.31900e+00
 Reference value :  1.32100e+00
 Reference value :  1.32300e+00
 Reference value :  1.32500e+00
 Reference value :  1.32700e+00
 Reference value :  1.32900e+00
 Reference value :  1.33100e+00
 Reference value :  1.33300e+00
 Reference value :  1.33500e+00
 Reference value :  1.33700e+00
 Reference value :  1.33900e+00
 Reference value :  1.34100e+00
 Reference value :  1.34300e+00
 Reference value :  1.34500e+00
 Reference value :  1.34700e+00
 Reference value :  1.34900e+00
 Reference value :  1.35100e+00
 Reference value :  1.35300e+00
 Reference value :  1.35500e+00
 Reference value :  1.35700e+00
 Reference value :  1.35900e+00
 Reference value :  1.36100e+00
 Reference value :  1.36300e+00
 Reference value :  1.36500e+00
 Reference value :  1.36700e+00
 Reference value :  1.36900e+00
 Reference value :  1.37100e+00
 Reference value :  1.37300e+00
 Reference value :  1.37500e+00
 Reference value :  1.37700e+00
 Reference value :  1.37900e+00
 Reference value :  1.38100e+00
 Reference value :  1.38300e+00
 Reference value :  1.38500e+00
 Reference value :  1.38700e+00
 Reference value :  1.38900e+00
 Reference value :  1.39100e+00
 Reference value :  1.39300e+00
 Reference value :  1.39500e+00
 Reference value :  1.39700e+00
 Reference value :  1.39900e+00
 Reference value :  1.40100e+00
 Reference value :  1.40300e+00
 Reference value :  1.40400e+00
 Reference value :  1.40600e+00
 Reference value :  1.40800e+00
 Reference value :  1.41000e+00
 Reference value :  1.41200e+00
 Reference value :  1.41400e+00
 Reference value :  1.41600e+00
 Reference value :  1.41800e+00
 Reference value :  1.42000e+00
 Reference value :  1.42200e+00
 Reference value :  1.46100e+00
 Reference value :  1.46300e+00
 Reference value :  1.46500e+00
 Reference value :  1.46700e+00
 Reference value :  1.46900e+00
 Reference value :  1.47100e+00
 Reference value :  1.47300e+00
 Reference value :  1.47500e+00
 Reference value :  1.47700e+00
 Reference value :  1.47900e+00
 Reference value :  1.48100e+00
 Reference value :  1.48300e+00
 Reference value :  1.48500e+00
 Reference value :  1.48700e+00
 Reference value :  1.48900e+00
 Reference value :  1.49100e+00
 Reference value :  1.49300e+00
 Reference value :  1.49500e+00
 Reference value :  1.49700e+00
 Reference value :  1.49900e+00
 Reference value :  1.50100e+00
 Reference value :  1.50300e+00
 Reference value :  1.50500e+00
 Reference value :  1.50700e+00
 Reference value :  1.50900e+00
 Reference value :  1.51100e+00
 Reference value :  1.51300e+00
 Reference value :  1.53800e+00
 Reference value :  1.56000e+00
 Reference value :  1.56200e+00
 Reference value :  1.56400e+00
 Reference value :  1.59400e+00
 Reference value :  1.59600e+00
 Reference value :  1.59800e+00
 Reference value :  1.60000e+00
 Reference value :  1.60200e+00
 Reference value :  1.60400e+00
 Reference value :  1.60600e+00
 Reference value :  1.60800e+00
 Reference value :  1.61000e+00
 Reference value :  1.61200e+00
 Reference value :  1.61400e+00
 Reference value :  1.61600e+00
 Reference value :  1.61800e+00
 Reference value :  1.62000e+00
 Reference value :  1.62200e+00
 Reference value :  1.62400e+00
 Reference value :  1.62600e+00
 Reference value :  1.62800e+00
 Reference value :  1.63000e+00
 Reference value :  1.63200e+00
 Reference value :  1.63400e+00
 Reference value :  1.63600e+00
 Reference value :  1.63800e+00
 Reference value :  1.64000e+00
 Reference value :  1.64200e+00
 Reference value :  1.64400e+00
 Reference value :  1.64600e+00
 Reference value :  1.64800e+00
 Reference value :  1.65000e+00
 Reference value :  1.65200e+00
 Reference value :  1.65400e+00
 Reference value :  1.65600e+00
 Reference value :  1.65800e+00
 Reference value :  1.66000e+00
 Reference value :  1.66200e+00
 Reference value :  1.66400e+00
 Reference value :  1.66600e+00
 Reference value :  1.66800e+00
 Reference value :  1.67000e+00
 Reference value :  1.67200e+00
 Reference value :  1.67400e+00
 Reference value :  1.67600e+00
 Reference value :  1.67800e+00
 Reference value :  1.68000e+00
 Reference value :  1.68200e+00
 Reference value :  1.68400e+00
 Reference value :  1.68600e+00
 Reference value :  1.68800e+00
 Reference value :  1.69000e+00
 Reference value :  1.69200e+00
 Reference value :  1.69400e+00
 Reference value :  1.69600e+00
 Reference value :  1.69800e+00
 Reference value :  1.70000e+00
 Reference value :  1.70200e+00
 Reference value :  1.70400e+00
 Reference value :  1.70600e+00
 Reference value :  1.70800e+00
 Reference value :  1.71000e+00
 Reference value :  1.71200e+00
 Reference value :  1.71400e+00
 Reference value :  1.71600e+00
 Reference value :  1.71800e+00
 Reference value :  1.72000e+00
 Reference value :  1.72200e+00
 Reference value :  1.72400e+00
 Reference value :  1.72600e+00
 Reference value :  1.72800e+00
 Reference value :  1.73000e+00
 Reference value :  1.73200e+00
 Reference value :  1.73400e+00
 Reference value :  1.73600e+00
 Reference value :  1.73800e+00
 Reference value :  1.74000e+00
 Reference value :  1.74200e+00
 Reference value :  1.74400e+00
 Reference value :  1.74600e+00
 Reference value :  1.74800e+00
 Reference value :  1.75000e+00
 Reference value :  1.75200e+00
 Reference value :  1.75400e+00
 Reference value :  1.75600e+00
 Reference value :  1.75800e+00
 Reference value :  1.76000e+00
 Reference value :  1.76200e+00
 Reference value :  1.76400e+00
 Reference value :  1.76600e+00
 Reference value :  1.76800e+00
 Reference value :  1.77000e+00
 Reference value :  1.77200e+00
 Reference value :  1.77400e+00
 Reference value :  1.77600e+00
 Reference value :  1.77800e+00
 Reference value :  1.78000e+00
 Reference value :  1.78200e+00
 Reference value :  1.78400e+00
 Reference value :  1.78600e+00
 Reference value :  1.78800e+00
 Reference value :  1.79000e+00
 Reference value :  1.79200e+00
 Reference value :  1.79400e+00
 Reference value :  1.79600e+00
 Reference value :  1.79800e+00
 Reference value :  1.80000e+00
 Reference value :  1.80200e+00
 Reference value :  1.80400e+00
 Reference value :  1.80600e+00
 Reference value :  1.80800e+00
 Reference value :  1.81000e+00
 Reference value :  1.81200e+00
 Reference value :  1.81400e+00
 Reference value :  1.81600e+00
 Reference value :  1.81800e+00
 Reference value :  1.82000e+00
 Reference value :  1.82200e+00
 Reference value :  1.82400e+00
 Reference value :  1.82600e+00
 Reference value :  1.82800e+00
 Reference value :  1.83000e+00
 Reference value :  1.83200e+00
 Reference value :  1.83400e+00
 Reference value :  1.83600e+00
 Reference value :  1.83800e+00
 Reference value :  1.84000e+00
 Reference value :  1.84200e+00
 Reference value :  1.84400e+00
 Reference value :  1.84600e+00
 Reference value :  1.84800e+00
 Reference value :  1.85100e+00
 Reference value :  1.85300e+00
 Reference value :  1.85500e+00
 Reference value :  1.85700e+00
 Reference value :  1.85900e+00
 Reference value :  1.86100e+00
 Reference value :  1.86300e+00
 Reference value :  1.86500e+00
 Reference value :  1.86700e+00
 Reference value :  1.86900e+00
 Reference value :  1.87100e+00
 Reference value :  1.87300e+00
 Reference value :  1.87500e+00
 Reference value :  1.87700e+00
 Reference value :  1.87900e+00
 Reference value :  1.88100e+00
 Reference value :  1.88300e+00
 Reference value :  1.88500e+00
 Reference value :  1.88700e+00
 Reference value :  1.88900e+00
 Reference value :  1.89100e+00
 Reference value :  1.89300e+00
 Reference value :  1.89500e+00
 Reference value :  1.89700e+00
 Reference value :  1.89900e+00
 Reference value :  1.90100e+00
 Reference value :  1.90300e+00
 Reference value :  1.90500e+00
 Reference value :  1.90700e+00
 Reference value :  1.90900e+00
 Reference value :  1.91100e+00
 Reference value :  1.91300e+00
 Reference value :  1.91500e+00
 Reference value :  1.91700e+00
 Reference value :  1.91900e+00
 Reference value :  1.92100e+00
 Reference value :  1.92300e+00
 Reference value :  1.92500e+00
 Reference value :  1.92700e+00
 Reference value :  1.92900e+00
 Reference value :  1.93100e+00
 Reference value :  1.93300e+00
 Reference value :  1.93500e+00
 Reference value :  1.93700e+00
 Reference value :  1.93900e+00
 Reference value :  1.94100e+00
 Reference value :  1.94300e+00
 Reference value :  1.94500e+00
 Reference value :  1.94700e+00
 Reference value :  1.94900e+00
 Reference value :  1.95100e+00
 Reference value :  1.95300e+00
 Reference value :  1.95500e+00
 Reference value :  1.95700e+00
 Reference value :  1.95900e+00
 Reference value :  1.96100e+00
 Reference value :  1.96300e+00
 Reference value :  1.96500e+00
 Reference value :  1.96700e+00
 Reference value :  1.96900e+00
 Reference value :  1.97100e+00
 Reference value :  1.97300e+00
 Reference value :  1.97500e+00
 Reference value :  1.97700e+00
 Reference value :  1.97900e+00
 Reference value :  1.98100e+00
 Reference value :  1.98300e+00
 Reference value :  1.98500e+00
 Reference value :  1.98700e+00
 Reference value :  1.98900e+00
 Reference value :  1.99100e+00
 Reference value :  1.99300e+00
 Reference value :  1.99500e+00
 Reference value :  1.99700e+00
 Reference value :  1.99900e+00
 Reference value :  2.00100e+00
 Reference value :  2.00300e+00
 Reference value :  2.00500e+00
 Reference value :  2.00700e+00
 Reference value :  2.00900e+00
 Reference value :  2.01100e+00
 Reference value :  2.01300e+00
 Reference value :  2.01500e+00
 Reference value :  2.04100e+00
 Reference value :  2.04300e+00
 Reference value :  2.04500e+00
 Reference value :  2.04700e+00
 Reference value :  2.04900e+00
 Reference value :  2.05100e+00
 Reference value :  2.05300e+00
 Reference value :  2.05500e+00
 Reference value :  2.05700e+00
 Reference value :  2.05900e+00
 Reference value :  2.06100e+00
 Reference value :  2.06300e+00
 Reference value :  2.06500e+00
 Reference value :  2.06700e+00
 Reference value :  2.06900e+00
 Reference value :  2.07100e+00
 Reference value :  2.07300e+00
 Reference value :  2.07500e+00
 Reference value :  2.07700e+00
 Reference value :  2.07900e+00
 Reference value :  2.08100e+00
 Reference value :  2.08300e+00
 Reference value :  2.08500e+00
 Reference value :  2.08700e+00
 Reference value :  2.08900e+00
 Reference value :  2.09100e+00
 Reference value :  2.09300e+00
 Reference value :  2.09500e+00
 Reference value :  2.09700e+00
 Reference value :  2.09900e+00
 Reference value :  2.13400e+00
 Reference value :  2.13600e+00
 Reference value :  2.13800e+00
 Reference value :  2.14000e+00
 Reference value :  2.14200e+00
 Reference value :  2.14400e+00
 Reference value :  2.14600e+00
 Reference value :  2.14800e+00
 Reference value :  2.15000e+00
 Reference value :  2.15200e+00
 Reference value :  2.15400e+00
 Reference value :  2.15600e+00
 Reference value :  2.15800e+00
 Reference value :  2.16000e+00
 Reference value :  2.16200e+00
 Reference value :  2.16400e+00
 Reference value :  2.16600e+00
 Reference value :  2.16800e+00
 Reference value :  2.17000e+00
 Reference value :  2.17200e+00
 Reference value :  2.17400e+00
 Reference value :  2.17600e+00
 Reference value :  2.17800e+00
 Reference value :  2.18000e+00
 Reference value :  2.18200e+00
 Reference value :  2.18400e+00
 Reference value :  2.18600e+00
 Reference value :  2.18800e+00
 Reference value :  2.19000e+00
 Reference value :  2.19200e+00
 Reference value :  2.19400e+00
 Reference value :  2.19600e+00
 Reference value :  2.19800e+00
 Reference value :  2.20000e+00
 Reference value :  2.20200e+00
 Reference value :  2.20400e+00
 Reference value :  2.20600e+00
 Reference value :  2.20800e+00
 Reference value :  2.21000e+00
 Reference value :  2.21200e+00
 Reference value :  2.21400e+00
 Reference value :  2.21600e+00
 Reference value :  2.21800e+00
 Reference value :  2.22000e+00
 Reference value :  2.22200e+00
 Reference value :  2.22400e+00
 Reference value :  2.22600e+00
 Reference value :  2.22800e+00
 Reference value :  2.23000e+00
 Reference value :  2.23200e+00
 Reference value :  2.23400e+00
 Reference value :  2.23600e+00
 Reference value :  2.23800e+00
 Reference value :  2.24000e+00
 Reference value :  2.24200e+00
 Reference value :  2.24400e+00
 Reference value :  2.24600e+00
 Reference value :  2.24800e+00
 Reference value :  2.25000e+00
 Reference value :  2.25200e+00
 Reference value :  2.25400e+00
 Reference value :  2.25600e+00
 Reference value :  2.25800e+00
 Reference value :  2.26000e+00
 Reference value :  2.26200e+00
 Reference value :  2.26400e+00
 Reference value :  2.26600e+00
 Reference value :  2.26800e+00
 Reference value :  2.27000e+00
 Reference value :  2.27200e+00
 Reference value :  2.27400e+00
 Reference value :  2.27600e+00
 Reference value :  2.27800e+00
 Reference value :  2.28000e+00
 Reference value :  2.28200e+00
 Reference value :  2.28400e+00
 Reference value :  2.28600e+00
 Reference value :  2.28800e+00
 Reference value :  2.29000e+00
 Reference value :  2.29200e+00
 Reference value :  2.29600e+00
 Reference value :  2.29800e+00
 Reference value :  2.30000e+00
 Reference value :  2.30300e+00
 Reference value :  2.30500e+00
 Reference value :  2.30700e+00
 Reference value :  2.30900e+00
 Reference value :  2.31100e+00
 Reference value :  2.31300e+00
 Reference value :  2.31500e+00
 Reference value :  2.31700e+00
 Reference value :  2.32700e+00
 Reference value :  2.32900e+00
 Reference value :  2.33100e+00
 Reference value :  2.33300e+00
 Reference value :  2.33500e+00
 Reference value :  2.33700e+00
 Reference value :  2.33900e+00
 Reference value :  2.34100e+00
 Reference value :  2.34300e+00
 Reference value :  2.34500e+00
 Reference value :  2.34700e+00
 Reference value :  2.34900e+00
 Reference value :  2.35100e+00
 Reference value :  2.35300e+00
 Reference value :  2.35500e+00
 Reference value :  2.35700e+00
 Reference value :  2.35900e+00
 Reference value :  2.36200e+00
 Reference value :  2.36600e+00
 Reference value :  2.36800e+00
 Reference value :  2.37000e+00
 Reference value :  2.37200e+00
 Reference value :  2.37400e+00
 Reference value :  2.37600e+00
 Reference value :  2.37800e+00
 Reference value :  2.38000e+00
 Reference value :  2.38200e+00
 Reference value :  2.38400e+00
 Reference value :  2.38600e+00
 Reference value :  2.38800e+00
 Reference value :  2.39000e+00
 Reference value :  2.39200e+00
 Reference value :  2.39400e+00
 Reference value :  2.39600e+00
 Reference value :  2.39800e+00
 Reference value :  2.40000e+00
 Reference value :  2.40200e+00
 Reference value :  2.40400e+00
 Reference value :  2.40600e+00
 Reference value :  2.40800e+00
 Reference value :  2.41000e+00
 Reference value :  2.41200e+00
 Reference value :  2.41400e+00
 Reference value :  2.41600e+00
 Reference value :  2.41800e+00
 Reference value :  2.42000e+00
 Reference value :  2.42200e+00
 Reference value :  2.42400e+00
 Reference value :  2.42600e+00
 Reference value :  2.42800e+00
 Reference value :  2.43000e+00
 Reference value :  2.43200e+00
 Reference value :  2.43400e+00
 Reference value :  2.43600e+00
 Reference value :  2.43800e+00
 Reference value :  2.44000e+00
 Reference value :  2.44200e+00
 Reference value :  2.44400e+00
 Reference value :  2.44600e+00
 Reference value :  2.44800e+00
 Reference value :  2.45000e+00
 Reference value :  2.45200e+00
 Reference value :  2.45400e+00
 Reference value :  2.45600e+00
 Reference value :  2.45800e+00
 Reference value :  2.46000e+00
 Reference value :  2.46200e+00
 Reference value :  2.46400e+00
 Reference value :  2.46600e+00
 Reference value :  2.46800e+00
 Reference value :  2.47000e+00
 Reference value :  2.47200e+00
 Reference value :  2.47400e+00
 Reference value :  2.47600e+00
 Reference value :  2.47800e+00
 Reference value :  2.48000e+00
 Reference value :  2.48200e+00
 Reference value :  2.48400e+00
 Reference value :  2.48600e+00
 Reference value :  2.48800e+00
 Reference value :  2.49000e+00
 Reference value :  2.49200e+00
 Reference value :  2.49400e+00
 Reference value :  2.49600e+00
 Reference value :  2.49800e+00
 Reference value :  2.50000e+00
 Reference value :  2.50200e+00
 Reference value :  2.50400e+00
 Reference value :  2.50600e+00
 Reference value :  2.50800e+00
 Reference value :  2.51000e+00
 Reference value :  2.51200e+00
 Reference value :  2.51400e+00
 Reference value :  2.51600e+00
 Reference value :  2.51800e+00
 Reference value :  2.53800e+00
 Reference value :  2.54000e+00
 Reference value :  2.54200e+00
 Reference value :  2.54400e+00
 Reference value :  2.54600e+00
 Reference value :  2.54800e+00
 Reference value :  2.55000e+00
 Reference value :  2.55400e+00
 Reference value :  2.55600e+00
 Reference value :  2.55800e+00
 Reference value :  2.56000e+00
 Reference value :  2.56200e+00
 Reference value :  2.58100e+00
 Reference value :  2.58300e+00
 Reference value :  2.58500e+00
 Reference value :  2.58700e+00
 Reference value :  2.58900e+00
 Reference value :  2.59100e+00
 Reference value :  2.59300e+00
 Reference value :  2.59500e+00
 Reference value :  2.59700e+00
 Reference value :  2.59900e+00
 Reference value :  2.60100e+00
 Reference value :  2.60300e+00
 Reference value :  2.60500e+00
 Reference value :  2.60700e+00
 Reference value :  2.60900e+00
 Reference value :  2.61100e+00
 Reference value :  2.61300e+00
 Reference value :  2.61500e+00
 Reference value :  2.61700e+00
 Reference value :  2.61900e+00
 Reference value :  2.62100e+00
 Reference value :  2.62300e+00
 Reference value :  2.62500e+00
 Reference value :  2.62700e+00
 Reference value :  2.62900e+00
 Reference value :  2.63100e+00
 Reference value :  2.63300e+00
 Reference value :  2.63500e+00
 Reference value :  2.63800e+00
 Reference value :  2.64000e+00
 Reference value :  2.64200e+00
 Reference value :  2.64400e+00
 Reference value :  2.64600e+00
 Reference value :  2.64800e+00
 Reference value :  2.65000e+00
 Reference value :  2.65200e+00
 Reference value :  2.65400e+00
 Reference value :  2.65600e+00
 Reference value :  2.65800e+00
 Reference value :  2.66000e+00
 Reference value :  2.66200e+00
 Reference value :  2.66400e+00
 Reference value :  2.66600e+00
 Reference value :  2.66800e+00
 Reference value :  2.67000e+00
 Reference value :  2.67200e+00
 Reference value :  2.67400e+00
 Reference value :  2.67600e+00
 Reference value :  2.67800e+00
 Reference value :  2.68000e+00
 Reference value :  2.68200e+00
 Reference value :  2.68400e+00
 Reference value :  2.68600e+00
 Reference value :  2.68800e+00
 Reference value :  2.69000e+00
 Reference value :  2.69200e+00
 Reference value :  2.69400e+00
 Reference value :  2.69600e+00
 Reference value :  2.69800e+00
 Reference value :  2.71300e+00
 Reference value :  2.72000e+00
 Reference value :  2.72200e+00
 Reference value :  2.72400e+00
 Reference value :  2.72600e+00
 Reference value :  2.72800e+00
 Reference value :  2.73000e+00
 Reference value :  2.73200e+00
 Reference value :  2.73400e+00
 Reference value :  2.73600e+00
 Reference value :  2.73800e+00
 Reference value :  2.74000e+00
 Reference value :  2.74200e+00
 Reference value :  2.74400e+00
 Reference value :  2.74600e+00
 Reference value :  2.74800e+00
 Reference value :  2.75000e+00
 Reference value :  2.75200e+00
 Reference value :  2.75400e+00
 Reference value :  2.75600e+00
 Reference value :  2.75800e+00
 Reference value :  2.76000e+00
 Reference value :  2.76200e+00
 Reference value :  2.76400e+00
 Reference value :  2.76600e+00
 Reference value :  2.76800e+00
 Reference value :  2.77000e+00
 Reference value :  2.77200e+00
 Reference value :  2.77400e+00
 Reference value :  2.77600e+00
 Reference value :  2.77800e+00
 Reference value :  2.78000e+00
 Reference value :  2.78200e+00
 Reference value :  2.78400e+00
 Reference value :  2.78600e+00
 Reference value :  2.78800e+00
 Reference value :  2.79000e+00
 Reference value :  2.79200e+00
 Reference value :  2.79400e+00
 Reference value :  2.79600e+00
 Reference value :  2.79800e+00
 Reference value :  2.80000e+00
 Reference value :  2.80200e+00
 Reference value :  2.80400e+00
 Reference value :  2.80600e+00
 Reference value :  2.80800e+00
 Reference value :  2.81000e+00
 Reference value :  2.81200e+00
 Reference value :  2.81400e+00
 Reference value :  2.81600e+00
 Reference value :  2.81800e+00
 Reference value :  2.82000e+00
 Reference value :  2.82200e+00
 Reference value :  2.82400e+00
 Reference value :  2.82600e+00
 Reference value :  2.82800e+00
 Reference value :  2.83000e+00
 Reference value :  2.83200e+00
 Reference value :  2.83400e+00
 Reference value :  2.83600e+00
 Reference value :  2.83800e+00
 Reference value :  2.84000e+00
 Reference value :  2.84200e+00
 Reference value :  2.84400e+00
 Reference value :  2.84600e+00
 Reference value :  2.84800e+00
 Reference value :  2.85000e+00
 Reference value :  2.85200e+00
 Reference value :  2.85400e+00
 Reference value :  2.85600e+00
 Reference value :  2.85800e+00
 Reference value :  2.86000e+00
 Reference value :  2.86200e+00
 Reference value :  2.86400e+00
 Reference value :  2.86600e+00
 Reference value :  2.86800e+00
 Reference value :  2.87000e+00
 Reference value :  2.87200e+00
 Reference value :  2.87400e+00
 Reference value :  2.87600e+00
 Reference value :  2.87800e+00
 Reference value :  2.88000e+00
 Reference value :  2.88200e+00
 Reference value :  2.88400e+00
 Reference value :  2.88600e+00
 Reference value :  2.88800e+00
 Reference value :  2.89000e+00
 Reference value :  2.89200e+00
 Reference value :  2.89400e+00
 Reference value :  2.93200e+00
 Reference value :  2.93400e+00
 Reference value :  2.93600e+00
 Reference value :  2.93800e+00
 Reference value :  2.94000e+00
 Reference value :  2.94200e+00
 Reference value :  2.94400e+00
 Reference value :  2.94600e+00
 Reference value :  2.94800e+00
 Reference value :  2.95000e+00
 Reference value :  2.95200e+00
 Reference value :  2.95400e+00
 Reference value :  2.95600e+00
 Reference value :  2.95800e+00
 Reference value :  2.96000e+00
 Reference value :  2.96200e+00
 Reference value :  2.96400e+00
 Reference value :  2.96600e+00
 Reference value :  2.96800e+00
 Reference value :  2.97000e+00
 Reference value :  2.97200e+00
 Reference value :  2.97400e+00
 Reference value :  3.01300e+00
 Reference value :  3.01500e+00
 Reference value :  3.01700e+00
 Reference value :  3.01900e+00
 Reference value :  3.02100e+00
 Reference value :  3.02300e+00
 Reference value :  3.02500e+00
 Reference value :  3.02700e+00
 Reference value :  3.02900e+00
 Reference value :  3.03100e+00
 Reference value :  3.03300e+00
 Reference value :  3.03500e+00
 Reference value :  3.03700e+00
 Reference value :  3.03900e+00
 Reference value :  3.04100e+00
 Reference value :  3.04300e+00
 Reference value :  3.04500e+00
 Reference value :  3.04700e+00
 Reference value :  3.04900e+00
 Reference value :  3.05100e+00
 Reference value :  3.05300e+00
 Reference value :  3.05500e+00
 Reference value :  3.05700e+00
 Reference value :  3.05900e+00
 Reference value :  3.06100e+00
 Reference value :  3.06300e+00
 Reference value :  3.06500e+00
 Reference value :  3.06700e+00
 Reference value :  3.06900e+00
 Reference value :  3.07100e+00
 Reference value :  3.07300e+00
 Reference value :  3.07500e+00
 Reference value :  3.07700e+00
 Reference value :  3.07900e+00
 Reference value :  3.08100e+00
 Reference value :  3.08300e+00
 Reference value :  3.08500e+00
 Reference value :  3.08700e+00
 Reference value :  3.08900e+00
 Reference value :  3.09100e+00
 Reference value :  3.09300e+00
 Reference value :  3.09500e+00
 Reference value :  3.09700e+00
 Reference value :  3.09900e+00
 Reference value :  3.10100e+00
 Reference value :  3.10300e+00
 Reference value :  3.10500e+00
 Reference value :  3.10700e+00
 Reference value :  3.10900e+00
 Reference value :  3.11100e+00
 Reference value :  3.11300e+00
 Reference value :  3.11500e+00
 Reference value :  3.11700e+00
 Reference value :  3.11900e+00
 Reference value :  3.12100e+00
 Reference value :  3.12300e+00
 Reference value :  3.12500e+00
 Reference value :  3.12700e+00
 Reference value :  3.12900e+00
 Reference value :  3.13100e+00
 Reference value :  3.13300e+00
 Reference value :  3.13500e+00
 Reference value :  3.13700e+00
 Reference value :  3.13900e+00
 Reference value :  3.14100e+00
 Reference value :  3.14300e+00
 Reference value :  3.14500e+00
 Reference value :  3.14700e+00
 Reference value :  3.14900e+00
 Reference value :  3.15100e+00
 Reference value :  3.15300e+00
 Reference value :  3.15500e+00
 Reference value :  3.15700e+00
 Reference value :  3.15900e+00
 Reference value :  3.16100e+00
 Reference value :  3.16300e+00
 Reference value :  3.16500e+00
 Reference value :  3.16700e+00
 Reference value :  3.16900e+00
 Reference value :  3.17100e+00
 Reference value :  3.17300e+00
 Reference value :  3.17500e+00
 Reference value :  3.17700e+00
 Reference value :  3.17900e+00
 Reference value :  3.18100e+00
 Reference value :  3.18300e+00
 Reference value :  3.18500e+00
 Reference value :  3.18700e+00
 Reference value :  3.18900e+00
 Reference value :  3.19100e+00
 Reference value :  3.19300e+00
 Reference value :  3.19500e+00
 Reference value :  3.19700e+00
 Reference value :  3.19900e+00
 Reference value :  3.20100e+00
 Reference value :  3.20300e+00
 Reference value :  3.20500e+00
 Reference value :  3.20700e+00
 Reference value :  3.20900e+00
 Reference value :  3.21100e+00
 Reference value :  3.21300e+00
 Reference value :  3.21500e+00
 Reference value :  3.21700e+00
 Reference value :  3.21900e+00
 Reference value :  3.22100e+00
 Reference value :  3.22300e+00
 Reference value :  3.22500e+00
 Reference value :  3.22700e+00
 Reference value :  3.22900e+00
 Reference value :  3.23100e+00
 Reference value :  3.23300e+00
 Reference value :  3.23500e+00
 Reference value :  3.23700e+00
 Reference value :  3.23900e+00
 Reference value :  3.24100e+00
 Reference value :  3.24300e+00
 Reference value :  3.24500e+00
 Reference value :  3.24700e+00
 Reference value :  3.24900e+00
 Reference value :  3.25100e+00
 Reference value :  3.25300e+00
 Reference value :  3.25500e+00
 Reference value :  3.25700e+00
 Reference value :  3.25900e+00
 Reference value :  3.26100e+00
 Reference value :  3.26300e+00
 Reference value :  3.26500e+00
 Reference value :  3.26700e+00
 Reference value :  3.26900e+00
 Reference value :  3.27100e+00
 Reference value :  3.27300e+00
 Reference value :  3.27500e+00
 Reference value :  3.27700e+00
 Reference value :  3.27900e+00
 Reference value :  3.28100e+00
 Reference value :  3.28300e+00
 Reference value :  3.28500e+00
 Reference value :  3.28700e+00
 Reference value :  3.28900e+00
 Reference value :  3.29100e+00
 Reference value :  3.29300e+00
 Reference value :  3.29500e+00
 Reference value :  3.29700e+00
 Reference value :  3.29900e+00
 Reference value :  3.30100e+00
 Reference value :  3.30300e+00
 Reference value :  3.30500e+00
 Reference value :  3.30700e+00
 Reference value :  3.30900e+00
 Reference value :  3.31100e+00
 Reference value :  3.31300e+00
 Reference value :  3.31500e+00
 Reference value :  3.31700e+00
 Reference value :  3.31900e+00
 Reference value :  3.32100e+00
 Reference value :  3.32300e+00
 Reference value :  3.32500e+00
 Reference value :  3.32700e+00
 Reference value :  3.32900e+00
 Reference value :  3.33100e+00
 Reference value :  3.33300e+00
 Reference value :  3.33500e+00
 Reference value :  3.33700e+00
 Reference value :  3.33900e+00
 Reference value :  3.34100e+00
 Reference value :  3.34300e+00
 Reference value :  3.34500e+00
 Reference value :  3.34700e+00
 Reference value :  3.34900e+00
 Reference value :  3.35100e+00
 Reference value :  3.35300e+00
 Reference value :  3.35500e+00
 Reference value :  3.35700e+00
 Reference value :  3.35900e+00
 Reference value :  3.36100e+00
 Reference value :  3.36300e+00
 Reference value :  3.36500e+00
 Reference value :  3.36700e+00
 Reference value :  3.36900e+00
 Reference value :  3.37100e+00
 Reference value :  3.37300e+00
 Reference value :  3.37500e+00
 Reference value :  3.37700e+00
 Reference value :  3.37900e+00
 Reference value :  3.38100e+00
 Reference value :  3.38300e+00
 Reference value :  3.38500e+00
 Reference value :  3.38700e+00
 Reference value :  3.38900e+00
 Reference value :  3.39100e+00
 Reference value :  3.39300e+00
 Reference value :  3.39500e+00
 Reference value :  3.39700e+00
 Reference value :  3.39900e+00
 Reference value :  3.40100e+00
 Reference value :  3.40300e+00
 Reference value :  3.40500e+00
 Reference value :  3.40700e+00
 Reference value :  3.40900e+00
 Reference value :  3.41100e+00
 Reference value :  3.41300e+00
 Reference value :  3.41500e+00
 Reference value :  3.41700e+00
 Reference value :  3.41900e+00
 Reference value :  3.42100e+00
 Reference value :  3.42300e+00
 Reference value :  3.42500e+00
 Reference value :  3.42700e+00
 Reference value :  3.42900e+00
 Reference value :  3.43100e+00
 Reference value :  3.43300e+00
 Reference value :  3.43500e+00
 Reference value :  3.43700e+00
 Reference value :  3.43900e+00
 Reference value :  3.44100e+00
 Reference value :  3.44300e+00
 Reference value :  3.44500e+00
 Reference value :  3.44700e+00
 Reference value :  3.44900e+00
 Reference value :  3.45100e+00
 Reference value :  3.45400e+00
 Reference value :  3.45600e+00
 Reference value :  3.45800e+00
 Reference value :  3.46000e+00
 Reference value :  3.46200e+00
 Reference value :  3.46400e+00
 Reference value :  3.46600e+00
 Reference value :  3.46800e+00
 Reference value :  3.47000e+00
 Reference value :  3.47200e+00
 Reference value :  3.47400e+00
 Reference value :  3.47600e+00
 Reference value :  3.47800e+00
 Reference value :  3.48000e+00
 Reference value :  3.48200e+00
 Reference value :  3.48400e+00
 Reference value :  3.48600e+00
 Reference value :  3.48800e+00
 Reference value :  3.49000e+00
 Reference value :  3.49200e+00
 Reference value :  3.49400e+00
 Reference value :  3.49600e+00
 Reference value :  3.49800e+00
 Reference value :  3.50000e+00
 Reference value :  3.50200e+00
 Reference value :  3.50400e+00
 Reference value :  3.50600e+00
 Reference value :  3.50800e+00
 Reference value :  3.51000e+00
 Reference value :  3.51200e+00
 Reference value :  3.51400e+00
 Reference value :  3.51600e+00
 Reference value :  3.51800e+00
 Reference value :  3.52000e+00
 Reference value :  3.52200e+00
 Reference value :  3.52400e+00
 Reference value :  3.52600e+00
 Reference value :  3.52800e+00
 Reference value :  3.53000e+00
 Reference value :  3.53200e+00
 Reference value :  3.53400e+00
 Reference value :  3.53600e+00
 Reference value :  3.53800e+00
 Reference value :  3.54000e+00
 Reference value :  3.54200e+00
 Reference value :  3.54400e+00
 Reference value :  3.54600e+00
 Reference value :  3.54800e+00
 Reference value :  3.55000e+00
 Reference value :  3.55200e+00
 Reference value :  3.55400e+00
 Reference value :  3.55600e+00
 Reference value :  3.55800e+00
 Reference value :  3.56000e+00
 Reference value :  3.56200e+00
 Reference value :  3.56400e+00
 Reference value :  3.56600e+00
 Reference value :  3.56800e+00
 Reference value :  3.57000e+00
 Reference value :  3.57200e+00
 Reference value :  3.57400e+00
 Reference value :  3.57600e+00
 Reference value :  3.57800e+00
 Reference value :  3.58000e+00
 Reference value :  3.58200e+00
 Reference value :  3.58400e+00
 Reference value :  3.58600e+00
 Reference value :  3.58800e+00
 Reference value :  3.59000e+00
 Reference value :  3.59200e+00
 Reference value :  3.59400e+00
 Reference value :  3.59600e+00
 Reference value :  3.59800e+00
 Reference value :  3.60000e+00
 Reference value :  3.60200e+00
 Reference value :  3.60400e+00
 Reference value :  3.60700e+00
 Reference value :  3.60900e+00
 Reference value :  3.61100e+00
 Reference value :  3.61300e+00
 Reference value :  3.61500e+00
 Reference value :  3.61700e+00
 Reference value :  3.61900e+00
 Reference value :  3.62100e+00
 Reference value :  3.62300e+00
 Reference value :  3.62500e+00
 Reference value :  3.62700e+00
 Reference value :  3.62900e+00
No. of Data Rows : 3631
meas_vth_n05l25 = 1.955000e-01
meas_ion_n05l25 = 2.009153e-05
meas_ioff_n05l25 = 4.885949e-12
meas_vmin1n_n05l25 = 1.525000e-01
meas_vmin100n_n05l25 = 3.365000e-01
meas_vth_n05l8 = 1.915000e-01
meas_ion_n05l8 = 6.523936e-05
meas_ioff_n05l8 = 1.740431e-11
meas_vmin1n_n05l8 = 1.155000e-01
meas_vmin100n_n05l8 = 2.635000e-01
meas_vth_n03l08 = 6.350000e-02
meas_ion_n03l08 = 1.864964e-04
meas_ioff_n03l08 = 1.058260e-07
meas_vmin1n_n03l08 = 3.500000e-03
meas_vmin100n_n03l08 = 9.050000e-02
meas_isup_a = 2.719332e-04
meas_isup_b = 3.590689e-04
meas_izero_b = 5.571112e-27
meas_ia_flat_n05l25 = 0.000000e+00
ngspice-46 done

# ==== ngspice stderr ====

