# point: tt_mm_-40c_nosupply
# record: 20260825-220116-a9cac4b
# role: mismatch -- local-mismatch distribution at the nominal process point
# section=tt_mm temp=-40C supply=n/a seed=20260825 samples=300
# pdk: sky130A @ open_pdks c6d73a35f524070e85faff4a6a9eef49553ebc2b (/home/ubuntu/.volare/sky130A/libs.tech/combined/sky130.lib.spice)
# ngspice exit: 0
# run (UTC): 2026-08-25T22:01:16Z

# ==== .spiceinit (exact) ====
| * ngspice init settings for the sky130 PDK model libraries.
| *
| * The corner runner copies this file into its scratch run directory as
| * `.spiceinit` before invoking ngspice, so runs do not depend on whatever
| * happens to be in ~/.spiceinit. To drive ngspice by hand with the same
| * settings, copy this file to `.spiceinit` in your working directory.
| *
| * Derived from the PDK's own libs.tech/ngspice/spinit; kept in-repo so the
| * settings a record was produced under are versioned with the harness.
| 
| set ngbehavior=hsa     ; HSPICE-ish compatibility, required to read PDK libs
| set skywaterpdk        ; skip some checks for faster lib loading
| set ng_nomodcheck      ; do not check model parameters
| option noinit          ; do not dump operating point data into the log
| option klu             ; KLU direct linear solver
| 
| * Monte Carlo controls injected by sim/pnp-mismatch/run_pnp_mismatch.py
| set mc_seed=20260825
| set mc_runs=300

# ==== corner.spice (exact) ====
| * Generated per point by sim/pnp-mismatch/run_pnp_mismatch.py from the
| * resolved PDK -- scratch only, not committed.
| .lib "/home/ubuntu/.volare/sky130A/libs.tech/combined/sky130.lib.spice" tt_mm
| .temp -40

# ==== testbench deck (exact input given to ngspice) ====
| * tb_pnp_mismatch.spice -- sky130 substrate-PNP local-mismatch Monte Carlo
| * (issue #17: sim-harness port; adapted from sky130-bandgap's
| * sim/pnp-mismatch/, whose own testbench targets bandgap-core-specific
| * device sizes this repo's design does not use -- see the topology note
| * below).
| *
| * Confirms the ported harness's local-mismatch (MC_MM_SWITCH=1) AND global
| * process (MC_PR_SWITCH=1) Monte Carlo mechanisms both produce non-degenerate
| * samples against THIS repo's own PNP topology, per issue #17's own
| * acceptance criteria edge case. Deliberately NOT run through
| * sim/bin/corner-run.py: that runner drives one deterministic .op per PVT
| * point and has no notion of resampling a deck N times, which is exactly
| * what a distribution claim needs. Driven instead by
| * sim/pnp-mismatch/run_pnp_mismatch.py.
| *
| * ---------------------------------------------------------------------------
| * sky130 mismatch mechanism (verified against the pinned PDK, not assumed --
| * identical mechanism sky130-bandgap's own sim/pnp-mismatch/ already
| * confirmed working on this same PDK pin)
| * ---------------------------------------------------------------------------
| * In sky130A the per-instance mismatch terms live inside the device
| * subcircuits in libs.tech/combined/continuous/models_bjt.spice:
| *
| *   .subckt sky130_fd_pr__pnp_05v5_W3p40L3p40 c b e mult=1
| *   .param mm_bf = {sw_mm_..._bf * mismatch_factor * MC_MM_SWITCH
| *                   * AGAUSS(0,1.0,1)/sqrt(mult)}
| *          mm_is = {sw_mm_..._is * mismatch_factor * MC_MM_SWITCH
| *                   * AGAUSS(0,1.0,1)/sqrt(mult)}
| *   ... is = '<W0p68L0p68 Is expr> * 0.13 * (1+mm_is)'   (area-matching scale)
| *       bf = '<W0p68L0p68 Bf expr> * 0.45 * (1+mm_bf)'
| *
| * The gate is MC_MM_SWITCH (local/intra-die mismatch) and, independently,
| * MC_PR_SWITCH (global/inter-die process Monte Carlo) -- neither is settable
| * from the deck itself: every plain corner section of
| * libs.tech/combined/sky130.lib.spice sets both to 0, the `*_mm` sections set
| * MC_MM_SWITCH=1 (MC_PR_SWITCH stays 0), and the `mc` section sets
| * MC_PR_SWITCH=1 (MC_MM_SWITCH stays 0). The section name is therefore the
| * switch. This run script exercises BOTH: `tt_mm` for the local-mismatch
| * points, `mc` for the global-process point, `tt` for the control point
| * (which must return sigma == 0 exactly for both switches).
| *
| * AGAUSS() is evaluated per subcircuit *instance*, so separate instantiations
| * of the same subcircuit already draw independently -- no per-device
| * parameter plumbing needed. ngspice re-draws on `reset`, which is what makes
| * the control loop below a genuine Monte Carlo; `setseed` makes it
| * reproducible.
| *
| * ---------------------------------------------------------------------------
| * Topology -- THIS repo's own PNP usage, not a re-run of sky130-bandgap's
| * ---------------------------------------------------------------------------
| * Confirmed by grep across design/netlist/*.spice (issue #17 port time):
| * every PNP instance in this repo's design is
| * `sky130_fd_pr__pnp_05v5_W3p40L3p40` (the LARGE fixed emitter size) --
| * design/bias_core.md's own device-mapping table explains why: sky130 ships
| * only two fixed PNP emitter sizes and the small one (W0p68L0p68) is not used
| * anywhere in this design, so sky130-bandgap's own small/large area-ratioed
| * mismatch pair does not map onto this repo's actual circuit. What this
| * design DOES have, in both bias_core and temp_core
| * (design/netlist/bias_core.spice, design/netlist/temp_core.spice): a single
| * PNP (`XQ1`) diode-connected c=VSS b=VSS e=<node>, and an 8-way PARALLEL
| * array of identical PNPs (`XQ8A`..`XQ8H`, same connection convention, all
| * eight emitters tied to one shared node) built as eight separate X
| * instances -- not one instance with `mult=8` -- exactly as
| * design/bias_core.md documents ("mult only scales the mismatch terms, not
| * Is, the identical quirk gf180's pnp_10p00x10p00 has"). This IS the real
| * 8:1-ratio PTAT ΔVBE core the design's own topology depends on, so this
| * deck reproduces it directly rather than inventing a device-size ratio this
| * design does not have:
| *
| *   (a) "identical" pair: two single-unit W3p40L3p40 devices at equal
| *       emitter current -- the pair-offset any single-unit leg in this
| *       design sees (e.g. XQ1 vs one leg of the XQ8x array, or XQR).
| *   (b) "array1v8" pair: one single-unit device vs 8 PARALLEL units sharing
| *       one node, fed the SAME total branch current as the single unit (so
| *       each of the 8 legs carries 1/8th the single device's current
| *       density) -- the actual XQ1-vs-XQ8A..H topology, where a shared
| *       mirrored branch current is split 8 ways. This 8x current-density
| *       ratio is what generates the real VT*ln(8) PTAT ΔVBE term the design
| *       depends on. The 8-parallel array's *combined* random Is deviation is
| *       the average of 8 independent per-instance draws, so its relative
| *       mismatch sigma is expected to land near 1/sqrt(8) of a single
| *       device's -- a real, falsifiable prediction of this exact topology
| *       (see run_pnp_mismatch.py's analytic_sigma()).
| *
| * Every DUT is diode-connected the way this design's PNPs actually are:
| * collector and base tied to VSS (=0 here), emitter driven by an ideal
| * current source, so VEB = v(emitter node). Subcircuit pin order is (c b e),
| * hence `X<name> 0 0 <emitter-node>`.
| *
| * Bias currents: 1 uA and 10 uA total branch current for both the identical
| * pair (per device) and the array1v8 pair (split 8 ways in the array leg) --
| * the same two rungs sky130-bandgap's own mismatch record used (its own
| * cross-reference: rungs of a 100 nA..100 uA half-decade characterization
| * ladder), kept here for cross-repo comparability. This repo's own
| * per-branch bias currents have not been characterized against sky130 models
| * yet (spec/porting-plan.md Sec4 item 2, not yet filed) -- these are
| * generic, round convenience points, not a claim about this design's actual
| * bias point.
| *
| * No supply rail exists in this deck: every DUT is referred to its own
| * emitter node and biased by an ideal current source, the same as
| * sky130-bandgap's own sim/pnp-mismatch/ (see that repo's tb_pnp_mismatch.spice
| * for the identical justification, which applies unchanged here).
| *
| * ---------------------------------------------------------------------------
| * Inputs supplied by the run script (this deck is not standalone)
| * ---------------------------------------------------------------------------
| *   corner.spice  -- generated: `.lib <sky130.lib.spice> <section>` + `.temp`
| *   $mc_seed      -- ngspice variable, set from the generated .spiceinit
| *   $mc_runs      -- ngspice variable, set from the generated .spiceinit
| * The defaults below apply only if the deck is driven by hand.
| 
| .include corner.spice
| 
| * ---- identical pair: W3p40L3p40 x2, 1 uA ----
| Ia1a 0 ea1a 1u
| XA1a 0 0 ea1a sky130_fd_pr__pnp_05v5_W3p40L3p40
| Ia1b 0 ea1b 1u
| XA1b 0 0 ea1b sky130_fd_pr__pnp_05v5_W3p40L3p40
| 
| * ---- identical pair: W3p40L3p40 x2, 10 uA ----
| Ia10a 0 ea10a 10u
| XA10a 0 0 ea10a sky130_fd_pr__pnp_05v5_W3p40L3p40
| Ia10b 0 ea10b 10u
| XA10b 0 0 ea10b sky130_fd_pr__pnp_05v5_W3p40L3p40
| 
| * ---- array1v8 pair: single vs 8-parallel W3p40L3p40, SAME total branch
| * current shared 8 ways (matching bias_core's/temp_core's real topology:
| * XQ1 carries the full branch current alone, XQ8A..H share the same total
| * current 8 ways -- an 8x lower per-device current density in the array,
| * which is what generates the real VT*ln(8) PTAT term. Scaling the array's
| * current source UP by 8x instead (equalizing per-device current density)
| * would cancel that ratio to ~0 -- exactly the kind of mistake
| * run_pnp_mismatch.py's own signal_vs_sigma check exists to catch, not
| * silently accept. ----
| Ir1a 0 er1a 1u
| XR1a 0 0 er1a sky130_fd_pr__pnp_05v5_W3p40L3p40
| Ir1b 0 er1b 1u
| XR1b0 0 0 er1b sky130_fd_pr__pnp_05v5_W3p40L3p40
| XR1b1 0 0 er1b sky130_fd_pr__pnp_05v5_W3p40L3p40
| XR1b2 0 0 er1b sky130_fd_pr__pnp_05v5_W3p40L3p40
| XR1b3 0 0 er1b sky130_fd_pr__pnp_05v5_W3p40L3p40
| XR1b4 0 0 er1b sky130_fd_pr__pnp_05v5_W3p40L3p40
| XR1b5 0 0 er1b sky130_fd_pr__pnp_05v5_W3p40L3p40
| XR1b6 0 0 er1b sky130_fd_pr__pnp_05v5_W3p40L3p40
| XR1b7 0 0 er1b sky130_fd_pr__pnp_05v5_W3p40L3p40
| 
| * ---- array1v8 pair: single vs 8-parallel W3p40L3p40, SAME total branch
| * current shared 8 ways (see the note above) ----
| Ir10a 0 er10a 10u
| XR10a 0 0 er10a sky130_fd_pr__pnp_05v5_W3p40L3p40
| Ir10b 0 er10b 10u
| XR10b0 0 0 er10b sky130_fd_pr__pnp_05v5_W3p40L3p40
| XR10b1 0 0 er10b sky130_fd_pr__pnp_05v5_W3p40L3p40
| XR10b2 0 0 er10b sky130_fd_pr__pnp_05v5_W3p40L3p40
| XR10b3 0 0 er10b sky130_fd_pr__pnp_05v5_W3p40L3p40
| XR10b4 0 0 er10b sky130_fd_pr__pnp_05v5_W3p40L3p40
| XR10b5 0 0 er10b sky130_fd_pr__pnp_05v5_W3p40L3p40
| XR10b6 0 0 er10b sky130_fd_pr__pnp_05v5_W3p40L3p40
| XR10b7 0 0 er10b sky130_fd_pr__pnp_05v5_W3p40L3p40
| 
| .control
| if $?mc_seed
|   setseed $mc_seed
| else
|   setseed 20260825
| end
| if $?mc_runs
|   let nruns = $mc_runs
| else
|   let nruns = 300
| end
| set width  = 512
| set height = 100000
| let run = 0
| dowhile run < nruns
|   reset
|   op
|   let da1   = v(ea1a)  - v(ea1b)
|   let da10  = v(ea10a) - v(ea10b)
|   let dr1   = v(er1a)  - v(er1b)
|   let dr10  = v(er10a) - v(er10b)
|   let vr1a  = v(er1a)
|   let vr1b  = v(er1b)
|   let vr10a = v(er10a)
|   let vr10b = v(er10b)
|   print da1 da10 dr1 dr10 vr1a vr1b vr10a vr10b
|   let run = run + 1
| end
| quit
| .endc
| 
| .end

# ==== ngspice stdout+stderr ====

Note: Compatibility modes selected: hs a


Circuit: * tb_pnp_mismatch.spice -- sky130 substrate-pnp local-mismatch monte carlo

option SCALE: Scale is set to 1e-06 for instance and model parameters
option SCALE: Scale is set to 1e-06 for instance and model parameters
option SCALE: Scale is set to 1e-06 for instance and model parameters
option SCALE: Scale is set to 1e-06 for instance and model parameters
Reset re-loads circuit * tb_pnp_mismatch.spice -- sky130 substrate-pnp local-mismatch monte carlo

Circuit: * tb_pnp_mismatch.spice -- sky130 substrate-pnp local-mismatch monte carlo

option SCALE: Scale is set to 1e-06 for instance and model parameters
option SCALE: Scale is set to 1e-06 for instance and model parameters
option SCALE: Scale is set to 1e-06 for instance and model parameters
option SCALE: Scale is set to 1e-06 for instance and model parameters
Doing analysis at TEMP = -40.000000 and TNOM = 27.000000

Using KLU as Direct Linear Solver
 Reference value :  0.00000e+00
No. of Data Rows : 1
da1 = 1.526752e-05
da10 = 2.258022e-04
dr1 = 4.221900e-02
dr10 = 4.257887e-02
vr1a = 8.040371e-01
vr1b = 7.618181e-01
vr10a = 8.512294e-01
vr10b = 8.086506e-01
Reset re-loads circuit * tb_pnp_mismatch.spice -- sky130 substrate-pnp local-mismatch monte carlo

Circuit: * tb_pnp_mismatch.spice -- sky130 substrate-pnp local-mismatch monte carlo

option SCALE: Scale is set to 1e-06 for instance and model parameters
option SCALE: Scale is set to 1e-06 for instance and model parameters
option SCALE: Scale is set to 1e-06 for instance and model parameters
option SCALE: Scale is set to 1e-06 for instance and model parameters
Doing analysis at TEMP = -40.000000 and TNOM = 27.000000

Using KLU as Direct Linear Solver

No. of Data Rows : 1
da1 = 6.940370e-06
da10 = 1.237832e-05
dr1 = 4.232271e-02
dr10 = 4.262113e-02
vr1a = 8.041892e-01
vr1b = 7.618665e-01
vr10a = 8.512821e-01
vr10b = 8.086609e-01
Reset re-loads circuit * tb_pnp_mismatch.spice -- sky130 substrate-pnp local-mismatch monte carlo

Circuit: * tb_pnp_mismatch.spice -- sky130 substrate-pnp local-mismatch monte carlo

option SCALE: Scale is set to 1e-06 for instance and model parameters
option SCALE: Scale is set to 1e-06 for instance and model parameters
option SCALE: Scale is set to 1e-06 for instance and model parameters
option SCALE: Scale is set to 1e-06 for instance and model parameters
Doing analysis at TEMP = -40.000000 and TNOM = 27.000000

Using KLU as Direct Linear Solver

No. of Data Rows : 1
da1 = 1.017466e-05
da10 = -4.38430e-05
dr1 = 4.232257e-02
dr10 = 4.238980e-02
vr1a = 8.042109e-01
vr1b = 7.618883e-01
vr10a = 8.510983e-01
vr10b = 8.087085e-01
Reset re-loads circuit * tb_pnp_mismatch.spice -- sky130 substrate-pnp local-mismatch monte carlo

Circuit: * tb_pnp_mismatch.spice -- sky130 substrate-pnp local-mismatch monte carlo

option SCALE: Scale is set to 1e-06 for instance and model parameters
option SCALE: Scale is set to 1e-06 for instance and model parameters
option SCALE: Scale is set to 1e-06 for instance and model parameters
option SCALE: Scale is set to 1e-06 for instance and model parameters
Doing analysis at TEMP = -40.000000 and TNOM = 27.000000

Using KLU as Direct Linear Solver

No. of Data Rows : 1
da1 = -7.55805e-05
da10 = 1.833714e-05
dr1 = 4.226409e-02
dr10 = 4.254335e-02
vr1a = 8.041537e-01
vr1b = 7.618896e-01
vr10a = 8.511815e-01
vr10b = 8.086382e-01
Reset re-loads circuit * tb_pnp_mismatch.spice -- sky130 substrate-pnp local-mismatch monte carlo

Circuit: * tb_pnp_mismatch.spice -- sky130 substrate-pnp local-mismatch monte carlo

option SCALE: Scale is set to 1e-06 for instance and model parameters
option SCALE: Scale is set to 1e-06 for instance and model parameters
option SCALE: Scale is set to 1e-06 for instance and model parameters
option SCALE: Scale is set to 1e-06 for instance and model parameters
Doing analysis at TEMP = -40.000000 and TNOM = 27.000000

Using KLU as Direct Linear Solver

No. of Data Rows : 1
da1 = -8.37755e-05
da10 = 2.054557e-04
dr1 = 4.219915e-02
dr10 = 4.247894e-02
vr1a = 8.040711e-01
vr1b = 7.618720e-01
vr10a = 8.511587e-01
vr10b = 8.086798e-01
Reset re-loads circuit * tb_pnp_mismatch.spice -- sky130 substrate-pnp local-mismatch monte carlo

Circuit: * tb_pnp_mismatch.spice -- sky130 substrate-pnp local-mismatch monte carlo

option SCALE: Scale is set to 1e-06 for instance and model parameters
option SCALE: Scale is set to 1e-06 for instance and model parameters
option SCALE: Scale is set to 1e-06 for instance and model parameters
option SCALE: Scale is set to 1e-06 for instance and model parameters
Doing analysis at TEMP = -40.000000 and TNOM = 27.000000

Using KLU as Direct Linear Solver

No. of Data Rows : 1
da1 = -1.38466e-04
da10 = 1.228723e-04
dr1 = 4.215094e-02
dr10 = 4.256794e-02
vr1a = 8.040021e-01
vr1b = 7.618511e-01
vr10a = 8.512702e-01
vr10b = 8.087023e-01
Reset re-loads circuit * tb_pnp_mismatch.spice -- sky130 substrate-pnp local-mismatch monte carlo

Circuit: * tb_pnp_mismatch.spice -- sky130 substrate-pnp local-mismatch monte carlo

option SCALE: Scale is set to 1e-06 for instance and model parameters
option SCALE: Scale is set to 1e-06 for instance and model parameters
option SCALE: Scale is set to 1e-06 for instance and model parameters
option SCALE: Scale is set to 1e-06 for instance and model parameters
Doing analysis at TEMP = -40.000000 and TNOM = 27.000000

Using KLU as Direct Linear Solver

No. of Data Rows : 1
da1 = -1.30094e-04
da10 = 1.507937e-04
dr1 = 4.231422e-02
dr10 = 4.259179e-02
vr1a = 8.041348e-01
vr1b = 7.618206e-01
vr10a = 8.512207e-01
vr10b = 8.086290e-01
Reset re-loads circuit * tb_pnp_mismatch.spice -- sky130 substrate-pnp local-mismatch monte carlo

Circuit: * tb_pnp_mismatch.spice -- sky130 substrate-pnp local-mismatch monte carlo

option SCALE: Scale is set to 1e-06 for instance and model parameters
option SCALE: Scale is set to 1e-06 for instance and model parameters
option SCALE: Scale is set to 1e-06 for instance and model parameters
option SCALE: Scale is set to 1e-06 for instance and model parameters
Doing analysis at TEMP = -40.000000 and TNOM = 27.000000

Using KLU as Direct Linear Solver

No. of Data Rows : 1
da1 = 2.064018e-04
da10 = -3.71383e-06
dr1 = 4.245761e-02
dr10 = 4.253641e-02
vr1a = 8.043518e-01
vr1b = 7.618942e-01
vr10a = 8.511777e-01
vr10b = 8.086413e-01
Reset re-loads circuit * tb_pnp_mismatch.spice -- sky130 substrate-pnp local-mismatch monte carlo

Circuit: * tb_pnp_mismatch.spice -- sky130 substrate-pnp local-mismatch monte carlo

option SCALE: Scale is set to 1e-06 for instance and model parameters
option SCALE: Scale is set to 1e-06 for instance and model parameters
option SCALE: Scale is set to 1e-06 for instance and model parameters
option SCALE: Scale is set to 1e-06 for instance and model parameters
Doing analysis at TEMP = -40.000000 and TNOM = 27.000000

Using KLU as Direct Linear Solver

No. of Data Rows : 1
da1 = -1.96568e-04
da10 = -3.30373e-05
dr1 = 4.221161e-02
dr10 = 4.244751e-02
vr1a = 8.040765e-01
vr1b = 7.618649e-01
vr10a = 8.511097e-01
vr10b = 8.086622e-01
Reset re-loads circuit * tb_pnp_mismatch.spice -- sky130 substrate-pnp local-mismatch monte carlo

Circuit: * tb_pnp_mismatch.spice -- sky130 substrate-pnp local-mismatch monte carlo

option SCALE: Scale is set to 1e-06 for instance and model parameters
option SCALE: Scale is set to 1e-06 for instance and model parameters
option SCALE: Scale is set to 1e-06 for instance and model parameters
option SCALE: Scale is set to 1e-06 for instance and model parameters
Doing analysis at TEMP = -40.000000 and TNOM = 27.000000

Using KLU as Direct Linear Solver

No. of Data Rows : 1
da1 = 1.001831e-04
da10 = -1.42071e-04
dr1 = 4.229868e-02
dr10 = 4.248970e-02
vr1a = 8.041259e-01
vr1b = 7.618272e-01
vr10a = 8.512049e-01
vr10b = 8.087152e-01
Reset re-loads circuit * tb_pnp_mismatch.spice -- sky130 substrate-pnp local-mismatch monte carlo

Circuit: * tb_pnp_mismatch.spice -- sky130 substrate-pnp local-mismatch monte carlo

option SCALE: Scale is set to 1e-06 for instance and model parameters
option SCALE: Scale is set to 1e-06 for instance and model parameters
option SCALE: Scale is set to 1e-06 for instance and model parameters
option SCALE: Scale is set to 1e-06 for instance and model parameters
Doing analysis at TEMP = -40.000000 and TNOM = 27.000000

Using KLU as Direct Linear Solver

No. of Data Rows : 1
da1 = -1.54708e-04
da10 = 1.624189e-04
dr1 = 4.234259e-02
dr10 = 4.259247e-02
vr1a = 8.042262e-01
vr1b = 7.618836e-01
vr10a = 8.512851e-01
vr10b = 8.086927e-01
Reset re-loads circuit * tb_pnp_mismatch.spice -- sky130 substrate-pnp local-mismatch monte carlo

Circuit: * tb_pnp_mismatch.spice -- sky130 substrate-pnp local-mismatch monte carlo

option SCALE: Scale is set to 1e-06 for instance and model parameters
option SCALE: Scale is set to 1e-06 for instance and model parameters
option SCALE: Scale is set to 1e-06 for instance and model parameters
option SCALE: Scale is set to 1e-06 for instance and model parameters
Doing analysis at TEMP = -40.000000 and TNOM = 27.000000

Using KLU as Direct Linear Solver

No. of Data Rows : 1
da1 = 8.607502e-06
da10 = 9.873273e-05
dr1 = 4.217423e-02
dr10 = 4.250540e-02
vr1a = 8.040278e-01
vr1b = 7.618535e-01
vr10a = 8.511535e-01
vr10b = 8.086481e-01
Reset re-loads circuit * tb_pnp_mismatch.spice -- sky130 substrate-pnp local-mismatch monte carlo

Circuit: * tb_pnp_mismatch.spice -- sky130 substrate-pnp local-mismatch monte carlo

option SCALE: Scale is set to 1e-06 for instance and model parameters
option SCALE: Scale is set to 1e-06 for instance and model parameters
option SCALE: Scale is set to 1e-06 for instance and model parameters
option SCALE: Scale is set to 1e-06 for instance and model parameters
Doing analysis at TEMP = -40.000000 and TNOM = 27.000000

Using KLU as Direct Linear Solver

No. of Data Rows : 1
da1 = 1.489396e-04
da10 = 3.597100e-05
dr1 = 4.227871e-02
dr10 = 4.236342e-02
vr1a = 8.041475e-01
vr1b = 7.618688e-01
vr10a = 8.511171e-01
vr10b = 8.087537e-01
Reset re-loads circuit * tb_pnp_mismatch.spice -- sky130 substrate-pnp local-mismatch monte carlo

Circuit: * tb_pnp_mismatch.spice -- sky130 substrate-pnp local-mismatch monte carlo

option SCALE: Scale is set to 1e-06 for instance and model parameters
option SCALE: Scale is set to 1e-06 for instance and model parameters
option SCALE: Scale is set to 1e-06 for instance and model parameters
option SCALE: Scale is set to 1e-06 for instance and model parameters
Doing analysis at TEMP = -40.000000 and TNOM = 27.000000

Using KLU as Direct Linear Solver

No. of Data Rows : 1
da1 = 4.460414e-05
da10 = -3.13124e-05
dr1 = 4.227738e-02
dr10 = 4.272607e-02
vr1a = 8.041361e-01
vr1b = 7.618587e-01
vr10a = 8.513702e-01
vr10b = 8.086441e-01
Reset re-loads circuit * tb_pnp_mismatch.spice -- sky130 substrate-pnp local-mismatch monte carlo

Circuit: * tb_pnp_mismatch.spice -- sky130 substrate-pnp local-mismatch monte carlo

option SCALE: Scale is set to 1e-06 for instance and model parameters
option SCALE: Scale is set to 1e-06 for instance and model parameters
option SCALE: Scale is set to 1e-06 for instance and model parameters
option SCALE: Scale is set to 1e-06 for instance and model parameters
Doing analysis at TEMP = -40.000000 and TNOM = 27.000000

Using KLU as Direct Linear Solver

No. of Data Rows : 1
da1 = -7.39961e-05
da10 = -1.60843e-04
dr1 = 4.220513e-02
dr10 = 4.248447e-02
vr1a = 8.040536e-01
vr1b = 7.618485e-01
vr10a = 8.511160e-01
vr10b = 8.086315e-01
Reset re-loads circuit * tb_pnp_mismatch.spice -- sky130 substrate-pnp local-mismatch monte carlo

Circuit: * tb_pnp_mismatch.spice -- sky130 substrate-pnp local-mismatch monte carlo

option SCALE: Scale is set to 1e-06 for instance and model parameters
option SCALE: Scale is set to 1e-06 for instance and model parameters
option SCALE: Scale is set to 1e-06 for instance and model parameters
option SCALE: Scale is set to 1e-06 for instance and model parameters
Doing analysis at TEMP = -40.000000 and TNOM = 27.000000

Using KLU as Direct Linear Solver

No. of Data Rows : 1
da1 = 1.030006e-04
da10 = -9.49462e-06
dr1 = 4.208575e-02
dr10 = 4.243397e-02
vr1a = 8.040332e-01
vr1b = 7.619474e-01
vr10a = 8.511222e-01
vr10b = 8.086882e-01
Reset re-loads circuit * tb_pnp_mismatch.spice -- sky130 substrate-pnp local-mismatch monte carlo

Circuit: * tb_pnp_mismatch.spice -- sky130 substrate-pnp local-mismatch monte carlo

option SCALE: Scale is set to 1e-06 for instance and model parameters
option SCALE: Scale is set to 1e-06 for instance and model parameters
option SCALE: Scale is set to 1e-06 for instance and model parameters
option SCALE: Scale is set to 1e-06 for instance and model parameters
Doing analysis at TEMP = -40.000000 and TNOM = 27.000000

Using KLU as Direct Linear Solver

No. of Data Rows : 1
da1 = -1.68918e-05
da10 = 5.462644e-05
dr1 = 4.201554e-02
dr10 = 4.240328e-02
vr1a = 8.038515e-01
vr1b = 7.618360e-01
vr10a = 8.510858e-01
vr10b = 8.086825e-01
Reset re-loads circuit * tb_pnp_mismatch.spice -- sky130 substrate-pnp local-mismatch monte carlo

Circuit: * tb_pnp_mismatch.spice -- sky130 substrate-pnp local-mismatch monte carlo

option SCALE: Scale is set to 1e-06 for instance and model parameters
option SCALE: Scale is set to 1e-06 for instance and model parameters
option SCALE: Scale is set to 1e-06 for instance and model parameters
option SCALE: Scale is set to 1e-06 for instance and model parameters
Doing analysis at TEMP = -40.000000 and TNOM = 27.000000

Using KLU as Direct Linear Solver

No. of Data Rows : 1
da1 = 1.051830e-04
da10 = -1.12431e-04
dr1 = 4.241265e-02
dr10 = 4.248045e-02
vr1a = 8.042151e-01
vr1b = 7.618024e-01
vr10a = 8.511295e-01
vr10b = 8.086490e-01
Reset re-loads circuit * tb_pnp_mismatch.spice -- sky130 substrate-pnp local-mismatch monte carlo

Circuit: * tb_pnp_mismatch.spice -- sky130 substrate-pnp local-mismatch monte carlo

option SCALE: Scale is set to 1e-06 for instance and model parameters
option SCALE: Scale is set to 1e-06 for instance and model parameters
option SCALE: Scale is set to 1e-06 for instance and model parameters
option SCALE: Scale is set to 1e-06 for instance and model parameters
Doing analysis at TEMP = -40.000000 and TNOM = 27.000000

Using KLU as Direct Linear Solver

No. of Data Rows : 1
da1 = -2.47932e-04
da10 = -2.45209e-04
dr1 = 4.234949e-02
dr10 = 4.252243e-02
vr1a = 8.041987e-01
vr1b = 7.618492e-01
vr10a = 8.511975e-01
vr10b = 8.086751e-01
Reset re-loads circuit * tb_pnp_mismatch.spice -- sky130 substrate-pnp local-mismatch monte carlo

Circuit: * tb_pnp_mismatch.spice -- sky130 substrate-pnp local-mismatch monte carlo

option SCALE: Scale is set to 1e-06 for instance and model parameters
option SCALE: Scale is set to 1e-06 for instance and model parameters
option SCALE: Scale is set to 1e-06 for instance and model parameters
option SCALE: Scale is set to 1e-06 for instance and model parameters
Doing analysis at TEMP = -40.000000 and TNOM = 27.000000

Using KLU as Direct Linear Solver

No. of Data Rows : 1
da1 = 7.806480e-05
da10 = -1.97358e-05
dr1 = 4.211546e-02
dr10 = 4.258286e-02
vr1a = 8.040415e-01
vr1b = 7.619261e-01
vr10a = 8.511764e-01
vr10b = 8.085935e-01
Reset re-loads circuit * tb_pnp_mismatch.spice -- sky130 substrate-pnp local-mismatch monte carlo

Circuit: * tb_pnp_mismatch.spice -- sky130 substrate-pnp local-mismatch monte carlo

option SCALE: Scale is set to 1e-06 for instance and model parameters
option SCALE: Scale is set to 1e-06 for instance and model parameters
option SCALE: Scale is set to 1e-06 for instance and model parameters
option SCALE: Scale is set to 1e-06 for instance and model parameters
Doing analysis at TEMP = -40.000000 and TNOM = 27.000000

Using KLU as Direct Linear Solver

No. of Data Rows : 1
da1 = 1.872260e-05
da10 = -2.13271e-04
dr1 = 4.241685e-02
dr10 = 4.244588e-02
vr1a = 8.043085e-01
vr1b = 7.618916e-01
vr10a = 8.510605e-01
vr10b = 8.086146e-01
Reset re-loads circuit * tb_pnp_mismatch.spice -- sky130 substrate-pnp local-mismatch monte carlo

Circuit: * tb_pnp_mismatch.spice -- sky130 substrate-pnp local-mismatch monte carlo

option SCALE: Scale is set to 1e-06 for instance and model parameters
option SCALE: Scale is set to 1e-06 for instance and model parameters
option SCALE: Scale is set to 1e-06 for instance and model parameters
option SCALE: Scale is set to 1e-06 for instance and model parameters
Doing analysis at TEMP = -40.000000 and TNOM = 27.000000

Using KLU as Direct Linear Solver

No. of Data Rows : 1
da1 = 4.782587e-06
da10 = -1.93410e-04
dr1 = 4.237054e-02
dr10 = 4.259118e-02
vr1a = 8.042286e-01
vr1b = 7.618581e-01
vr10a = 8.512304e-01
vr10b = 8.086393e-01
Reset re-loads circuit * tb_pnp_mismatch.spice -- sky130 substrate-pnp local-mismatch monte carlo

Circuit: * tb_pnp_mismatch.spice -- sky130 substrate-pnp local-mismatch monte carlo

option SCALE: Scale is set to 1e-06 for instance and model parameters
option SCALE: Scale is set to 1e-06 for instance and model parameters
option SCALE: Scale is set to 1e-06 for instance and model parameters
option SCALE: Scale is set to 1e-06 for instance and model parameters
Doing analysis at TEMP = -40.000000 and TNOM = 27.000000

Using KLU as Direct Linear Solver

No. of Data Rows : 1
da1 = -6.05634e-05
da10 = -3.68352e-05
dr1 = 4.233304e-02
dr10 = 4.245103e-02
vr1a = 8.041878e-01
vr1b = 7.618548e-01
vr10a = 8.510962e-01
vr10b = 8.086451e-01
Reset re-loads circuit * tb_pnp_mismatch.spice -- sky130 substrate-pnp local-mismatch monte carlo

Circuit: * tb_pnp_mismatch.spice -- sky130 substrate-pnp local-mismatch monte carlo

option SCALE: Scale is set to 1e-06 for instance and model parameters
option SCALE: Scale is set to 1e-06 for instance and model parameters
option SCALE: Scale is set to 1e-06 for instance and model parameters
option SCALE: Scale is set to 1e-06 for instance and model parameters
Doing analysis at TEMP = -40.000000 and TNOM = 27.000000

Using KLU as Direct Linear Solver

No. of Data Rows : 1
da1 = -3.76436e-06
da10 = 9.918183e-07
dr1 = 4.224079e-02
dr10 = 4.248765e-02
vr1a = 8.041032e-01
vr1b = 7.618624e-01
vr10a = 8.511413e-01
vr10b = 8.086536e-01
Reset re-loads circuit * tb_pnp_mismatch.spice -- sky130 substrate-pnp local-mismatch monte carlo

Circuit: * tb_pnp_mismatch.spice -- sky130 substrate-pnp local-mismatch monte carlo

option SCALE: Scale is set to 1e-06 for instance and model parameters
option SCALE: Scale is set to 1e-06 for instance and model parameters
option SCALE: Scale is set to 1e-06 for instance and model parameters
option SCALE: Scale is set to 1e-06 for instance and model parameters
Doing analysis at TEMP = -40.000000 and TNOM = 27.000000

Using KLU as Direct Linear Solver

No. of Data Rows : 1
da1 = -3.92553e-05
da10 = -2.43655e-04
dr1 = 4.224367e-02
dr10 = 4.257527e-02
vr1a = 8.041195e-01
vr1b = 7.618758e-01
vr10a = 8.512422e-01
vr10b = 8.086669e-01
Reset re-loads circuit * tb_pnp_mismatch.spice -- sky130 substrate-pnp local-mismatch monte carlo

Circuit: * tb_pnp_mismatch.spice -- sky130 substrate-pnp local-mismatch monte carlo

option SCALE: Scale is set to 1e-06 for instance and model parameters
option SCALE: Scale is set to 1e-06 for instance and model parameters
option SCALE: Scale is set to 1e-06 for instance and model parameters
option SCALE: Scale is set to 1e-06 for instance and model parameters
Doing analysis at TEMP = -40.000000 and TNOM = 27.000000

Using KLU as Direct Linear Solver

No. of Data Rows : 1
da1 = 1.079615e-04
da10 = -1.81588e-04
dr1 = 4.236759e-02
dr10 = 4.253935e-02
vr1a = 8.041995e-01
vr1b = 7.618319e-01
vr10a = 8.512296e-01
vr10b = 8.086903e-01
Reset re-loads circuit * tb_pnp_mismatch.spice -- sky130 substrate-pnp local-mismatch monte carlo

Circuit: * tb_pnp_mismatch.spice -- sky130 substrate-pnp local-mismatch monte carlo

option SCALE: Scale is set to 1e-06 for instance and model parameters
option SCALE: Scale is set to 1e-06 for instance and model parameters
option SCALE: Scale is set to 1e-06 for instance and model parameters
option SCALE: Scale is set to 1e-06 for instance and model parameters
Doing analysis at TEMP = -40.000000 and TNOM = 27.000000

Using KLU as Direct Linear Solver

No. of Data Rows : 1
da1 = 6.514747e-05
da10 = -7.86906e-05
dr1 = 4.226516e-02
dr10 = 4.266376e-02
vr1a = 8.041232e-01
vr1b = 7.618580e-01
vr10a = 8.513125e-01
vr10b = 8.086487e-01
Reset re-loads circuit * tb_pnp_mismatch.spice -- sky130 substrate-pnp local-mismatch monte carlo

Circuit: * tb_pnp_mismatch.spice -- sky130 substrate-pnp local-mismatch monte carlo

option SCALE: Scale is set to 1e-06 for instance and model parameters
option SCALE: Scale is set to 1e-06 for instance and model parameters
option SCALE: Scale is set to 1e-06 for instance and model parameters
option SCALE: Scale is set to 1e-06 for instance and model parameters
Doing analysis at TEMP = -40.000000 and TNOM = 27.000000

Using KLU as Direct Linear Solver

No. of Data Rows : 1
da1 = 1.330971e-05
da10 = 1.310520e-04
dr1 = 4.230029e-02
dr10 = 4.259606e-02
vr1a = 8.041425e-01
vr1b = 7.618422e-01
vr10a = 8.512667e-01
vr10b = 8.086706e-01
Reset re-loads circuit * tb_pnp_mismatch.spice -- sky130 substrate-pnp local-mismatch monte carlo

Circuit: * tb_pnp_mismatch.spice -- sky130 substrate-pnp local-mismatch monte carlo

option SCALE: Scale is set to 1e-06 for instance and model parameters
option SCALE: Scale is set to 1e-06 for instance and model parameters
option SCALE: Scale is set to 1e-06 for instance and model parameters
option SCALE: Scale is set to 1e-06 for instance and model parameters
Doing analysis at TEMP = -40.000000 and TNOM = 27.000000

Using KLU as Direct Linear Solver

No. of Data Rows : 1
da1 = -6.27329e-05
da10 = 3.756947e-06
dr1 = 4.222514e-02
dr10 = 4.266029e-02
vr1a = 8.040927e-01
vr1b = 7.618676e-01
vr10a = 8.513170e-01
vr10b = 8.086567e-01
Reset re-loads circuit * tb_pnp_mismatch.spice -- sky130 substrate-pnp local-mismatch monte carlo

Circuit: * tb_pnp_mismatch.spice -- sky130 substrate-pnp local-mismatch monte carlo

option SCALE: Scale is set to 1e-06 for instance and model parameters
option SCALE: Scale is set to 1e-06 for instance and model parameters
option SCALE: Scale is set to 1e-06 for instance and model parameters
option SCALE: Scale is set to 1e-06 for instance and model parameters
Doing analysis at TEMP = -40.000000 and TNOM = 27.000000

Using KLU as Direct Linear Solver

No. of Data Rows : 1
da1 = -1.73731e-05
da10 = -9.40067e-05
dr1 = 4.233256e-02
dr10 = 4.269243e-02
vr1a = 8.041777e-01
vr1b = 7.618451e-01
vr10a = 8.513117e-01
vr10b = 8.086193e-01
Reset re-loads circuit * tb_pnp_mismatch.spice -- sky130 substrate-pnp local-mismatch monte carlo

Circuit: * tb_pnp_mismatch.spice -- sky130 substrate-pnp local-mismatch monte carlo

option SCALE: Scale is set to 1e-06 for instance and model parameters
option SCALE: Scale is set to 1e-06 for instance and model parameters
option SCALE: Scale is set to 1e-06 for instance and model parameters
option SCALE: Scale is set to 1e-06 for instance and model parameters
Doing analysis at TEMP = -40.000000 and TNOM = 27.000000

Using KLU as Direct Linear Solver

No. of Data Rows : 1
da1 = 2.814054e-05
da10 = 1.419941e-04
dr1 = 4.223490e-02
dr10 = 4.243233e-02
vr1a = 8.041332e-01
vr1b = 7.618983e-01
vr10a = 8.511020e-01
vr10b = 8.086697e-01
Reset re-loads circuit * tb_pnp_mismatch.spice -- sky130 substrate-pnp local-mismatch monte carlo

Circuit: * tb_pnp_mismatch.spice -- sky130 substrate-pnp local-mismatch monte carlo

option SCALE: Scale is set to 1e-06 for instance and model parameters
option SCALE: Scale is set to 1e-06 for instance and model parameters
option SCALE: Scale is set to 1e-06 for instance and model parameters
option SCALE: Scale is set to 1e-06 for instance and model parameters
Doing analysis at TEMP = -40.000000 and TNOM = 27.000000

Using KLU as Direct Linear Solver

No. of Data Rows : 1
da1 = -1.30416e-04
da10 = 5.366554e-05
dr1 = 4.237345e-02
dr10 = 4.251863e-02
vr1a = 8.041914e-01
vr1b = 7.618180e-01
vr10a = 8.511607e-01
vr10b = 8.086421e-01
Reset re-loads circuit * tb_pnp_mismatch.spice -- sky130 substrate-pnp local-mismatch monte carlo

Circuit: * tb_pnp_mismatch.spice -- sky130 substrate-pnp local-mismatch monte carlo

option SCALE: Scale is set to 1e-06 for instance and model parameters
option SCALE: Scale is set to 1e-06 for instance and model parameters
option SCALE: Scale is set to 1e-06 for instance and model parameters
option SCALE: Scale is set to 1e-06 for instance and model parameters
Doing analysis at TEMP = -40.000000 and TNOM = 27.000000

Using KLU as Direct Linear Solver

No. of Data Rows : 1
da1 = 2.309413e-05
da10 = 2.183765e-04
dr1 = 4.234594e-02
dr10 = 4.250876e-02
vr1a = 8.041997e-01
vr1b = 7.618538e-01
vr10a = 8.511524e-01
vr10b = 8.086436e-01
Reset re-loads circuit * tb_pnp_mismatch.spice -- sky130 substrate-pnp local-mismatch monte carlo

Circuit: * tb_pnp_mismatch.spice -- sky130 substrate-pnp local-mismatch monte carlo

option SCALE: Scale is set to 1e-06 for instance and model parameters
option SCALE: Scale is set to 1e-06 for instance and model parameters
option SCALE: Scale is set to 1e-06 for instance and model parameters
option SCALE: Scale is set to 1e-06 for instance and model parameters
Doing analysis at TEMP = -40.000000 and TNOM = 27.000000

Using KLU as Direct Linear Solver

No. of Data Rows : 1
da1 = -2.02902e-04
da10 = 1.411787e-04
dr1 = 4.213874e-02
dr10 = 4.256894e-02
vr1a = 8.040076e-01
vr1b = 7.618688e-01
vr10a = 8.512365e-01
vr10b = 8.086675e-01
Reset re-loads circuit * tb_pnp_mismatch.spice -- sky130 substrate-pnp local-mismatch monte carlo

Circuit: * tb_pnp_mismatch.spice -- sky130 substrate-pnp local-mismatch monte carlo

option SCALE: Scale is set to 1e-06 for instance and model parameters
option SCALE: Scale is set to 1e-06 for instance and model parameters
option SCALE: Scale is set to 1e-06 for instance and model parameters
option SCALE: Scale is set to 1e-06 for instance and model parameters
Doing analysis at TEMP = -40.000000 and TNOM = 27.000000

Using KLU as Direct Linear Solver

No. of Data Rows : 1
da1 = -7.21574e-05
da10 = -5.12510e-05
dr1 = 4.229644e-02
dr10 = 4.246094e-02
vr1a = 8.041572e-01
vr1b = 7.618607e-01
vr10a = 8.510847e-01
vr10b = 8.086237e-01
Reset re-loads circuit * tb_pnp_mismatch.spice -- sky130 substrate-pnp local-mismatch monte carlo

Circuit: * tb_pnp_mismatch.spice -- sky130 substrate-pnp local-mismatch monte carlo

option SCALE: Scale is set to 1e-06 for instance and model parameters
option SCALE: Scale is set to 1e-06 for instance and model parameters
option SCALE: Scale is set to 1e-06 for instance and model parameters
option SCALE: Scale is set to 1e-06 for instance and model parameters
Doing analysis at TEMP = -40.000000 and TNOM = 27.000000

Using KLU as Direct Linear Solver

No. of Data Rows : 1
da1 = -1.35751e-04
da10 = 3.820198e-05
dr1 = 4.225129e-02
dr10 = 4.251749e-02
vr1a = 8.040378e-01
vr1b = 7.617865e-01
vr10a = 8.511884e-01
vr10b = 8.086709e-01
Reset re-loads circuit * tb_pnp_mismatch.spice -- sky130 substrate-pnp local-mismatch monte carlo

Circuit: * tb_pnp_mismatch.spice -- sky130 substrate-pnp local-mismatch monte carlo

option SCALE: Scale is set to 1e-06 for instance and model parameters
option SCALE: Scale is set to 1e-06 for instance and model parameters
option SCALE: Scale is set to 1e-06 for instance and model parameters
option SCALE: Scale is set to 1e-06 for instance and model parameters
Doing analysis at TEMP = -40.000000 and TNOM = 27.000000

Using KLU as Direct Linear Solver

No. of Data Rows : 1
da1 = 2.410779e-04
da10 = 8.011518e-05
dr1 = 4.203169e-02
dr10 = 4.261833e-02
vr1a = 8.039125e-01
vr1b = 7.618808e-01
vr10a = 8.512893e-01
vr10b = 8.086709e-01
Reset re-loads circuit * tb_pnp_mismatch.spice -- sky130 substrate-pnp local-mismatch monte carlo

Circuit: * tb_pnp_mismatch.spice -- sky130 substrate-pnp local-mismatch monte carlo

option SCALE: Scale is set to 1e-06 for instance and model parameters
option SCALE: Scale is set to 1e-06 for instance and model parameters
option SCALE: Scale is set to 1e-06 for instance and model parameters
option SCALE: Scale is set to 1e-06 for instance and model parameters
Doing analysis at TEMP = -40.000000 and TNOM = 27.000000

Using KLU as Direct Linear Solver

No. of Data Rows : 1
da1 = -1.12862e-04
da10 = -2.57609e-04
dr1 = 4.228344e-02
dr10 = 4.259418e-02
vr1a = 8.041518e-01
vr1b = 7.618684e-01
vr10a = 8.512751e-01
vr10b = 8.086810e-01
Reset re-loads circuit * tb_pnp_mismatch.spice -- sky130 substrate-pnp local-mismatch monte carlo

Circuit: * tb_pnp_mismatch.spice -- sky130 substrate-pnp local-mismatch monte carlo

option SCALE: Scale is set to 1e-06 for instance and model parameters
option SCALE: Scale is set to 1e-06 for instance and model parameters
option SCALE: Scale is set to 1e-06 for instance and model parameters
option SCALE: Scale is set to 1e-06 for instance and model parameters
Doing analysis at TEMP = -40.000000 and TNOM = 27.000000

Using KLU as Direct Linear Solver

No. of Data Rows : 1
da1 = 6.096434e-05
da10 = 2.137553e-04
dr1 = 4.225622e-02
dr10 = 4.252875e-02
vr1a = 8.040638e-01
vr1b = 7.618076e-01
vr10a = 8.512254e-01
vr10b = 8.086967e-01
Reset re-loads circuit * tb_pnp_mismatch.spice -- sky130 substrate-pnp local-mismatch monte carlo

Circuit: * tb_pnp_mismatch.spice -- sky130 substrate-pnp local-mismatch monte carlo

option SCALE: Scale is set to 1e-06 for instance and model parameters
option SCALE: Scale is set to 1e-06 for instance and model parameters
option SCALE: Scale is set to 1e-06 for instance and model parameters
option SCALE: Scale is set to 1e-06 for instance and model parameters
Doing analysis at TEMP = -40.000000 and TNOM = 27.000000

Using KLU as Direct Linear Solver

No. of Data Rows : 1
da1 = -8.67249e-05
da10 = 9.186936e-05
dr1 = 4.225307e-02
dr10 = 4.248601e-02
vr1a = 8.041193e-01
vr1b = 7.618662e-01
vr10a = 8.511590e-01
vr10b = 8.086730e-01
Reset re-loads circuit * tb_pnp_mismatch.spice -- sky130 substrate-pnp local-mismatch monte carlo

Circuit: * tb_pnp_mismatch.spice -- sky130 substrate-pnp local-mismatch monte carlo

option SCALE: Scale is set to 1e-06 for instance and model parameters
option SCALE: Scale is set to 1e-06 for instance and model parameters
option SCALE: Scale is set to 1e-06 for instance and model parameters
option SCALE: Scale is set to 1e-06 for instance and model parameters
Doing analysis at TEMP = -40.000000 and TNOM = 27.000000

Using KLU as Direct Linear Solver

No. of Data Rows : 1
da1 = -2.14812e-04
da10 = 3.375139e-05
dr1 = 4.221309e-02
dr10 = 4.256855e-02
vr1a = 8.040852e-01
vr1b = 7.618721e-01
vr10a = 8.512230e-01
vr10b = 8.086544e-01
Reset re-loads circuit * tb_pnp_mismatch.spice -- sky130 substrate-pnp local-mismatch monte carlo

Circuit: * tb_pnp_mismatch.spice -- sky130 substrate-pnp local-mismatch monte carlo

option SCALE: Scale is set to 1e-06 for instance and model parameters
option SCALE: Scale is set to 1e-06 for instance and model parameters
option SCALE: Scale is set to 1e-06 for instance and model parameters
option SCALE: Scale is set to 1e-06 for instance and model parameters
Doing analysis at TEMP = -40.000000 and TNOM = 27.000000

Using KLU as Direct Linear Solver

No. of Data Rows : 1
da1 = 1.225782e-04
da10 = -6.86604e-07
dr1 = 4.228839e-02
dr10 = 4.247675e-02
vr1a = 8.041552e-01
vr1b = 7.618669e-01
vr10a = 8.511527e-01
vr10b = 8.086759e-01
Reset re-loads circuit * tb_pnp_mismatch.spice -- sky130 substrate-pnp local-mismatch monte carlo

Circuit: * tb_pnp_mismatch.spice -- sky130 substrate-pnp local-mismatch monte carlo

option SCALE: Scale is set to 1e-06 for instance and model parameters
option SCALE: Scale is set to 1e-06 for instance and model parameters
option SCALE: Scale is set to 1e-06 for instance and model parameters
option SCALE: Scale is set to 1e-06 for instance and model parameters
Doing analysis at TEMP = -40.000000 and TNOM = 27.000000

Using KLU as Direct Linear Solver

No. of Data Rows : 1
da1 = -9.80517e-05
da10 = 1.266646e-04
dr1 = 4.232428e-02
dr10 = 4.252553e-02
vr1a = 8.041780e-01
vr1b = 7.618537e-01
vr10a = 8.512185e-01
vr10b = 8.086930e-01
Reset re-loads circuit * tb_pnp_mismatch.spice -- sky130 substrate-pnp local-mismatch monte carlo

Circuit: * tb_pnp_mismatch.spice -- sky130 substrate-pnp local-mismatch monte carlo

option SCALE: Scale is set to 1e-06 for instance and model parameters
option SCALE: Scale is set to 1e-06 for instance and model parameters
option SCALE: Scale is set to 1e-06 for instance and model parameters
option SCALE: Scale is set to 1e-06 for instance and model parameters
Doing analysis at TEMP = -40.000000 and TNOM = 27.000000

Using KLU as Direct Linear Solver
 Reference value :  0.00000e+00
No. of Data Rows : 1
da1 = 6.089230e-05
da10 = 4.030333e-05
dr1 = 4.237206e-02
dr10 = 4.251901e-02
vr1a = 8.042467e-01
vr1b = 7.618747e-01
vr10a = 8.512163e-01
vr10b = 8.086973e-01
Reset re-loads circuit * tb_pnp_mismatch.spice -- sky130 substrate-pnp local-mismatch monte carlo

Circuit: * tb_pnp_mismatch.spice -- sky130 substrate-pnp local-mismatch monte carlo

option SCALE: Scale is set to 1e-06 for instance and model parameters
option SCALE: Scale is set to 1e-06 for instance and model parameters
option SCALE: Scale is set to 1e-06 for instance and model parameters
option SCALE: Scale is set to 1e-06 for instance and model parameters
Doing analysis at TEMP = -40.000000 and TNOM = 27.000000

Using KLU as Direct Linear Solver

No. of Data Rows : 1
da1 = 8.125133e-05
da10 = -1.68503e-04
dr1 = 4.210735e-02
dr10 = 4.250188e-02
vr1a = 8.040036e-01
vr1b = 7.618963e-01
vr10a = 8.511400e-01
vr10b = 8.086381e-01
Reset re-loads circuit * tb_pnp_mismatch.spice -- sky130 substrate-pnp local-mismatch monte carlo

Circuit: * tb_pnp_mismatch.spice -- sky130 substrate-pnp local-mismatch monte carlo

option SCALE: Scale is set to 1e-06 for instance and model parameters
option SCALE: Scale is set to 1e-06 for instance and model parameters
option SCALE: Scale is set to 1e-06 for instance and model parameters
option SCALE: Scale is set to 1e-06 for instance and model parameters
Doing analysis at TEMP = -40.000000 and TNOM = 27.000000

Using KLU as Direct Linear Solver

No. of Data Rows : 1
da1 = -1.36572e-04
da10 = -7.15066e-05
dr1 = 4.197418e-02
dr10 = 4.242480e-02
vr1a = 8.038719e-01
vr1b = 7.618977e-01
vr10a = 8.510558e-01
vr10b = 8.086310e-01
Reset re-loads circuit * tb_pnp_mismatch.spice -- sky130 substrate-pnp local-mismatch monte carlo

Circuit: * tb_pnp_mismatch.spice -- sky130 substrate-pnp local-mismatch monte carlo

option SCALE: Scale is set to 1e-06 for instance and model parameters
option SCALE: Scale is set to 1e-06 for instance and model parameters
option SCALE: Scale is set to 1e-06 for instance and model parameters
option SCALE: Scale is set to 1e-06 for instance and model parameters
Doing analysis at TEMP = -40.000000 and TNOM = 27.000000

Using KLU as Direct Linear Solver

No. of Data Rows : 1
da1 = 1.577091e-05
da10 = -1.00020e-04
dr1 = 4.220565e-02
dr10 = 4.266007e-02
vr1a = 8.041176e-01
vr1b = 7.619119e-01
vr10a = 8.512804e-01
vr10b = 8.086203e-01
Reset re-loads circuit * tb_pnp_mismatch.spice -- sky130 substrate-pnp local-mismatch monte carlo

Circuit: * tb_pnp_mismatch.spice -- sky130 substrate-pnp local-mismatch monte carlo

option SCALE: Scale is set to 1e-06 for instance and model parameters
option SCALE: Scale is set to 1e-06 for instance and model parameters
option SCALE: Scale is set to 1e-06 for instance and model parameters
option SCALE: Scale is set to 1e-06 for instance and model parameters
Doing analysis at TEMP = -40.000000 and TNOM = 27.000000

Using KLU as Direct Linear Solver

No. of Data Rows : 1
da1 = 3.941835e-04
da10 = 8.993248e-05
dr1 = 4.218663e-02
dr10 = 4.258944e-02
vr1a = 8.040560e-01
vr1b = 7.618694e-01
vr10a = 8.512608e-01
vr10b = 8.086713e-01
Reset re-loads circuit * tb_pnp_mismatch.spice -- sky130 substrate-pnp local-mismatch monte carlo

Circuit: * tb_pnp_mismatch.spice -- sky130 substrate-pnp local-mismatch monte carlo

option SCALE: Scale is set to 1e-06 for instance and model parameters
option SCALE: Scale is set to 1e-06 for instance and model parameters
option SCALE: Scale is set to 1e-06 for instance and model parameters
option SCALE: Scale is set to 1e-06 for instance and model parameters
Doing analysis at TEMP = -40.000000 and TNOM = 27.000000

Using KLU as Direct Linear Solver

No. of Data Rows : 1
da1 = 3.775697e-05
da10 = -5.18882e-05
dr1 = 4.224099e-02
dr10 = 4.256113e-02
vr1a = 8.040999e-01
vr1b = 7.618589e-01
vr10a = 8.511902e-01
vr10b = 8.086290e-01
Reset re-loads circuit * tb_pnp_mismatch.spice -- sky130 substrate-pnp local-mismatch monte carlo

Circuit: * tb_pnp_mismatch.spice -- sky130 substrate-pnp local-mismatch monte carlo

option SCALE: Scale is set to 1e-06 for instance and model parameters
option SCALE: Scale is set to 1e-06 for instance and model parameters
option SCALE: Scale is set to 1e-06 for instance and model parameters
option SCALE: Scale is set to 1e-06 for instance and model parameters
Doing analysis at TEMP = -40.000000 and TNOM = 27.000000

Using KLU as Direct Linear Solver

No. of Data Rows : 1
da1 = -7.57538e-05
da10 = -1.49978e-04
dr1 = 4.220021e-02
dr10 = 4.257822e-02
vr1a = 8.040691e-01
vr1b = 7.618689e-01
vr10a = 8.512595e-01
vr10b = 8.086813e-01
Reset re-loads circuit * tb_pnp_mismatch.spice -- sky130 substrate-pnp local-mismatch monte carlo

Circuit: * tb_pnp_mismatch.spice -- sky130 substrate-pnp local-mismatch monte carlo

option SCALE: Scale is set to 1e-06 for instance and model parameters
option SCALE: Scale is set to 1e-06 for instance and model parameters
option SCALE: Scale is set to 1e-06 for instance and model parameters
option SCALE: Scale is set to 1e-06 for instance and model parameters
Doing analysis at TEMP = -40.000000 and TNOM = 27.000000

Using KLU as Direct Linear Solver

No. of Data Rows : 1
da1 = -2.04857e-04
da10 = -1.11790e-04
dr1 = 4.208401e-02
dr10 = 4.246000e-02
vr1a = 8.039784e-01
vr1b = 7.618944e-01
vr10a = 8.511194e-01
vr10b = 8.086595e-01
Reset re-loads circuit * tb_pnp_mismatch.spice -- sky130 substrate-pnp local-mismatch monte carlo

Circuit: * tb_pnp_mismatch.spice -- sky130 substrate-pnp local-mismatch monte carlo

option SCALE: Scale is set to 1e-06 for instance and model parameters
option SCALE: Scale is set to 1e-06 for instance and model parameters
option SCALE: Scale is set to 1e-06 for instance and model parameters
option SCALE: Scale is set to 1e-06 for instance and model parameters
Doing analysis at TEMP = -40.000000 and TNOM = 27.000000

Using KLU as Direct Linear Solver

No. of Data Rows : 1
da1 = 2.382875e-05
da10 = -1.45203e-04
dr1 = 4.232563e-02
dr10 = 4.264399e-02
vr1a = 8.041658e-01
vr1b = 7.618402e-01
vr10a = 8.512999e-01
vr10b = 8.086559e-01
Reset re-loads circuit * tb_pnp_mismatch.spice -- sky130 substrate-pnp local-mismatch monte carlo

Circuit: * tb_pnp_mismatch.spice -- sky130 substrate-pnp local-mismatch monte carlo

option SCALE: Scale is set to 1e-06 for instance and model parameters
option SCALE: Scale is set to 1e-06 for instance and model parameters
option SCALE: Scale is set to 1e-06 for instance and model parameters
option SCALE: Scale is set to 1e-06 for instance and model parameters
Doing analysis at TEMP = -40.000000 and TNOM = 27.000000

Using KLU as Direct Linear Solver

No. of Data Rows : 1
da1 = 7.529559e-05
da10 = 6.290117e-05
dr1 = 4.237975e-02
dr10 = 4.240965e-02
vr1a = 8.041651e-01
vr1b = 7.617854e-01
vr10a = 8.510166e-01
vr10b = 8.086070e-01
Reset re-loads circuit * tb_pnp_mismatch.spice -- sky130 substrate-pnp local-mismatch monte carlo

Circuit: * tb_pnp_mismatch.spice -- sky130 substrate-pnp local-mismatch monte carlo

option SCALE: Scale is set to 1e-06 for instance and model parameters
option SCALE: Scale is set to 1e-06 for instance and model parameters
option SCALE: Scale is set to 1e-06 for instance and model parameters
option SCALE: Scale is set to 1e-06 for instance and model parameters
Doing analysis at TEMP = -40.000000 and TNOM = 27.000000

Using KLU as Direct Linear Solver

No. of Data Rows : 1
da1 = -3.10244e-05
da10 = -3.15423e-05
dr1 = 4.223856e-02
dr10 = 4.252056e-02
vr1a = 8.041102e-01
vr1b = 7.618717e-01
vr10a = 8.511477e-01
vr10b = 8.086272e-01
Reset re-loads circuit * tb_pnp_mismatch.spice -- sky130 substrate-pnp local-mismatch monte carlo

Circuit: * tb_pnp_mismatch.spice -- sky130 substrate-pnp local-mismatch monte carlo

option SCALE: Scale is set to 1e-06 for instance and model parameters
option SCALE: Scale is set to 1e-06 for instance and model parameters
option SCALE: Scale is set to 1e-06 for instance and model parameters
option SCALE: Scale is set to 1e-06 for instance and model parameters
Doing analysis at TEMP = -40.000000 and TNOM = 27.000000

Using KLU as Direct Linear Solver

No. of Data Rows : 1
da1 = -2.87623e-04
da10 = -8.25113e-05
dr1 = 4.229394e-02
dr10 = 4.251194e-02
vr1a = 8.041522e-01
vr1b = 7.618583e-01
vr10a = 8.511345e-01
vr10b = 8.086226e-01
Reset re-loads circuit * tb_pnp_mismatch.spice -- sky130 substrate-pnp local-mismatch monte carlo

Circuit: * tb_pnp_mismatch.spice -- sky130 substrate-pnp local-mismatch monte carlo

option SCALE: Scale is set to 1e-06 for instance and model parameters
option SCALE: Scale is set to 1e-06 for instance and model parameters
option SCALE: Scale is set to 1e-06 for instance and model parameters
option SCALE: Scale is set to 1e-06 for instance and model parameters
Doing analysis at TEMP = -40.000000 and TNOM = 27.000000

Using KLU as Direct Linear Solver

No. of Data Rows : 1
da1 = 4.462663e-05
da10 = -7.77245e-05
dr1 = 4.235857e-02
dr10 = 4.258510e-02
vr1a = 8.041964e-01
vr1b = 7.618378e-01
vr10a = 8.512573e-01
vr10b = 8.086722e-01
Reset re-loads circuit * tb_pnp_mismatch.spice -- sky130 substrate-pnp local-mismatch monte carlo

Circuit: * tb_pnp_mismatch.spice -- sky130 substrate-pnp local-mismatch monte carlo

option SCALE: Scale is set to 1e-06 for instance and model parameters
option SCALE: Scale is set to 1e-06 for instance and model parameters
option SCALE: Scale is set to 1e-06 for instance and model parameters
option SCALE: Scale is set to 1e-06 for instance and model parameters
Doing analysis at TEMP = -40.000000 and TNOM = 27.000000

Using KLU as Direct Linear Solver

No. of Data Rows : 1
da1 = -3.38241e-06
da10 = 1.577709e-05
dr1 = 4.236165e-02
dr10 = 4.249859e-02
vr1a = 8.043003e-01
vr1b = 7.619387e-01
vr10a = 8.511012e-01
vr10b = 8.086026e-01
Reset re-loads circuit * tb_pnp_mismatch.spice -- sky130 substrate-pnp local-mismatch monte carlo

Circuit: * tb_pnp_mismatch.spice -- sky130 substrate-pnp local-mismatch monte carlo

option SCALE: Scale is set to 1e-06 for instance and model parameters
option SCALE: Scale is set to 1e-06 for instance and model parameters
option SCALE: Scale is set to 1e-06 for instance and model parameters
option SCALE: Scale is set to 1e-06 for instance and model parameters
Doing analysis at TEMP = -40.000000 and TNOM = 27.000000

Using KLU as Direct Linear Solver

No. of Data Rows : 1
da1 = -2.77444e-04
da10 = -1.88721e-04
dr1 = 4.227456e-02
dr10 = 4.249122e-02
vr1a = 8.041707e-01
vr1b = 7.618962e-01
vr10a = 8.510961e-01
vr10b = 8.086049e-01
Reset re-loads circuit * tb_pnp_mismatch.spice -- sky130 substrate-pnp local-mismatch monte carlo

Circuit: * tb_pnp_mismatch.spice -- sky130 substrate-pnp local-mismatch monte carlo

option SCALE: Scale is set to 1e-06 for instance and model parameters
option SCALE: Scale is set to 1e-06 for instance and model parameters
option SCALE: Scale is set to 1e-06 for instance and model parameters
option SCALE: Scale is set to 1e-06 for instance and model parameters
Doing analysis at TEMP = -40.000000 and TNOM = 27.000000

Using KLU as Direct Linear Solver

No. of Data Rows : 1
da1 = -1.36638e-04
da10 = 5.363750e-05
dr1 = 4.217978e-02
dr10 = 4.239871e-02
vr1a = 8.040596e-01
vr1b = 7.618798e-01
vr10a = 8.510104e-01
vr10b = 8.086117e-01
Reset re-loads circuit * tb_pnp_mismatch.spice -- sky130 substrate-pnp local-mismatch monte carlo

Circuit: * tb_pnp_mismatch.spice -- sky130 substrate-pnp local-mismatch monte carlo

option SCALE: Scale is set to 1e-06 for instance and model parameters
option SCALE: Scale is set to 1e-06 for instance and model parameters
option SCALE: Scale is set to 1e-06 for instance and model parameters
option SCALE: Scale is set to 1e-06 for instance and model parameters
Doing analysis at TEMP = -40.000000 and TNOM = 27.000000

Using KLU as Direct Linear Solver

No. of Data Rows : 1
da1 = 1.204126e-04
da10 = 1.507683e-04
dr1 = 4.226065e-02
dr10 = 4.243316e-02
vr1a = 8.041083e-01
vr1b = 7.618476e-01
vr10a = 8.510914e-01
vr10b = 8.086583e-01
Reset re-loads circuit * tb_pnp_mismatch.spice -- sky130 substrate-pnp local-mismatch monte carlo

Circuit: * tb_pnp_mismatch.spice -- sky130 substrate-pnp local-mismatch monte carlo

option SCALE: Scale is set to 1e-06 for instance and model parameters
option SCALE: Scale is set to 1e-06 for instance and model parameters
option SCALE: Scale is set to 1e-06 for instance and model parameters
option SCALE: Scale is set to 1e-06 for instance and model parameters
Doing analysis at TEMP = -40.000000 and TNOM = 27.000000

Using KLU as Direct Linear Solver

No. of Data Rows : 1
da1 = -8.50065e-05
da10 = -1.92661e-04
dr1 = 4.223702e-02
dr10 = 4.240648e-02
vr1a = 8.041294e-01
vr1b = 7.618924e-01
vr10a = 8.510797e-01
vr10b = 8.086733e-01
Reset re-loads circuit * tb_pnp_mismatch.spice -- sky130 substrate-pnp local-mismatch monte carlo

Circuit: * tb_pnp_mismatch.spice -- sky130 substrate-pnp local-mismatch monte carlo

option SCALE: Scale is set to 1e-06 for instance and model parameters
option SCALE: Scale is set to 1e-06 for instance and model parameters
option SCALE: Scale is set to 1e-06 for instance and model parameters
option SCALE: Scale is set to 1e-06 for instance and model parameters
Doing analysis at TEMP = -40.000000 and TNOM = 27.000000

Using KLU as Direct Linear Solver

No. of Data Rows : 1
da1 = -8.22401e-06
da10 = -1.13370e-04
dr1 = 4.237690e-02
dr10 = 4.259008e-02
vr1a = 8.042390e-01
vr1b = 7.618621e-01
vr10a = 8.512420e-01
vr10b = 8.086520e-01
Reset re-loads circuit * tb_pnp_mismatch.spice -- sky130 substrate-pnp local-mismatch monte carlo

Circuit: * tb_pnp_mismatch.spice -- sky130 substrate-pnp local-mismatch monte carlo

option SCALE: Scale is set to 1e-06 for instance and model parameters
option SCALE: Scale is set to 1e-06 for instance and model parameters
option SCALE: Scale is set to 1e-06 for instance and model parameters
option SCALE: Scale is set to 1e-06 for instance and model parameters
Doing analysis at TEMP = -40.000000 and TNOM = 27.000000

Using KLU as Direct Linear Solver

No. of Data Rows : 1
da1 = 4.200109e-06
da10 = -6.88235e-05
dr1 = 4.225310e-02
dr10 = 4.258926e-02
vr1a = 8.040922e-01
vr1b = 7.618391e-01
vr10a = 8.512283e-01
vr10b = 8.086390e-01
Reset re-loads circuit * tb_pnp_mismatch.spice -- sky130 substrate-pnp local-mismatch monte carlo

Circuit: * tb_pnp_mismatch.spice -- sky130 substrate-pnp local-mismatch monte carlo

option SCALE: Scale is set to 1e-06 for instance and model parameters
option SCALE: Scale is set to 1e-06 for instance and model parameters
option SCALE: Scale is set to 1e-06 for instance and model parameters
option SCALE: Scale is set to 1e-06 for instance and model parameters
Doing analysis at TEMP = -40.000000 and TNOM = 27.000000

Using KLU as Direct Linear Solver

No. of Data Rows : 1
da1 = 1.623838e-04
da10 = -1.03868e-04
dr1 = 4.220993e-02
dr10 = 4.251271e-02
vr1a = 8.040178e-01
vr1b = 7.618079e-01
vr10a = 8.511519e-01
vr10b = 8.086392e-01
Reset re-loads circuit * tb_pnp_mismatch.spice -- sky130 substrate-pnp local-mismatch monte carlo

Circuit: * tb_pnp_mismatch.spice -- sky130 substrate-pnp local-mismatch monte carlo

option SCALE: Scale is set to 1e-06 for instance and model parameters
option SCALE: Scale is set to 1e-06 for instance and model parameters
option SCALE: Scale is set to 1e-06 for instance and model parameters
option SCALE: Scale is set to 1e-06 for instance and model parameters
Doing analysis at TEMP = -40.000000 and TNOM = 27.000000

Using KLU as Direct Linear Solver

No. of Data Rows : 1
da1 = 9.092119e-05
da10 = 6.841612e-05
dr1 = 4.214265e-02
dr10 = 4.259948e-02
vr1a = 8.039884e-01
vr1b = 7.618458e-01
vr10a = 8.512107e-01
vr10b = 8.086112e-01
Reset re-loads circuit * tb_pnp_mismatch.spice -- sky130 substrate-pnp local-mismatch monte carlo

Circuit: * tb_pnp_mismatch.spice -- sky130 substrate-pnp local-mismatch monte carlo

option SCALE: Scale is set to 1e-06 for instance and model parameters
option SCALE: Scale is set to 1e-06 for instance and model parameters
option SCALE: Scale is set to 1e-06 for instance and model parameters
option SCALE: Scale is set to 1e-06 for instance and model parameters
Doing analysis at TEMP = -40.000000 and TNOM = 27.000000

Using KLU as Direct Linear Solver

No. of Data Rows : 1
da1 = 3.040067e-05
da10 = 1.848062e-05
dr1 = 4.224417e-02
dr10 = 4.254948e-02
vr1a = 8.041023e-01
vr1b = 7.618581e-01
vr10a = 8.512001e-01
vr10b = 8.086506e-01
Reset re-loads circuit * tb_pnp_mismatch.spice -- sky130 substrate-pnp local-mismatch monte carlo

Circuit: * tb_pnp_mismatch.spice -- sky130 substrate-pnp local-mismatch monte carlo

option SCALE: Scale is set to 1e-06 for instance and model parameters
option SCALE: Scale is set to 1e-06 for instance and model parameters
option SCALE: Scale is set to 1e-06 for instance and model parameters
option SCALE: Scale is set to 1e-06 for instance and model parameters
Doing analysis at TEMP = -40.000000 and TNOM = 27.000000

Using KLU as Direct Linear Solver

No. of Data Rows : 1
da1 = 4.887305e-06
da10 = -8.66368e-05
dr1 = 4.245050e-02
dr10 = 4.256861e-02
vr1a = 8.042670e-01
vr1b = 7.618165e-01
vr10a = 8.512307e-01
vr10b = 8.086621e-01
Reset re-loads circuit * tb_pnp_mismatch.spice -- sky130 substrate-pnp local-mismatch monte carlo

Circuit: * tb_pnp_mismatch.spice -- sky130 substrate-pnp local-mismatch monte carlo

option SCALE: Scale is set to 1e-06 for instance and model parameters
option SCALE: Scale is set to 1e-06 for instance and model parameters
option SCALE: Scale is set to 1e-06 for instance and model parameters
option SCALE: Scale is set to 1e-06 for instance and model parameters
Doing analysis at TEMP = -40.000000 and TNOM = 27.000000

Using KLU as Direct Linear Solver

No. of Data Rows : 1
da1 = 3.426194e-05
da10 = 1.404078e-04
dr1 = 4.225757e-02
dr10 = 4.251864e-02
vr1a = 8.041420e-01
vr1b = 7.618844e-01
vr10a = 8.512184e-01
vr10b = 8.086997e-01
Reset re-loads circuit * tb_pnp_mismatch.spice -- sky130 substrate-pnp local-mismatch monte carlo

Circuit: * tb_pnp_mismatch.spice -- sky130 substrate-pnp local-mismatch monte carlo

option SCALE: Scale is set to 1e-06 for instance and model parameters
option SCALE: Scale is set to 1e-06 for instance and model parameters
option SCALE: Scale is set to 1e-06 for instance and model parameters
option SCALE: Scale is set to 1e-06 for instance and model parameters
Doing analysis at TEMP = -40.000000 and TNOM = 27.000000

Using KLU as Direct Linear Solver

No. of Data Rows : 1
da1 = 1.176459e-04
da10 = -1.49788e-04
dr1 = 4.233733e-02
dr10 = 4.256744e-02
vr1a = 8.041734e-01
vr1b = 7.618361e-01
vr10a = 8.512396e-01
vr10b = 8.086721e-01
Reset re-loads circuit * tb_pnp_mismatch.spice -- sky130 substrate-pnp local-mismatch monte carlo

Circuit: * tb_pnp_mismatch.spice -- sky130 substrate-pnp local-mismatch monte carlo

option SCALE: Scale is set to 1e-06 for instance and model parameters
option SCALE: Scale is set to 1e-06 for instance and model parameters
option SCALE: Scale is set to 1e-06 for instance and model parameters
option SCALE: Scale is set to 1e-06 for instance and model parameters
Doing analysis at TEMP = -40.000000 and TNOM = 27.000000

Using KLU as Direct Linear Solver

No. of Data Rows : 1
da1 = 2.884666e-05
da10 = -1.97152e-04
dr1 = 4.225948e-02
dr10 = 4.251303e-02
vr1a = 8.040786e-01
vr1b = 7.618191e-01
vr10a = 8.511892e-01
vr10b = 8.086762e-01
Reset re-loads circuit * tb_pnp_mismatch.spice -- sky130 substrate-pnp local-mismatch monte carlo

Circuit: * tb_pnp_mismatch.spice -- sky130 substrate-pnp local-mismatch monte carlo

option SCALE: Scale is set to 1e-06 for instance and model parameters
option SCALE: Scale is set to 1e-06 for instance and model parameters
option SCALE: Scale is set to 1e-06 for instance and model parameters
option SCALE: Scale is set to 1e-06 for instance and model parameters
Doing analysis at TEMP = -40.000000 and TNOM = 27.000000

Using KLU as Direct Linear Solver

No. of Data Rows : 1
da1 = -8.70223e-05
da10 = -1.34936e-05
dr1 = 4.231592e-02
dr10 = 4.251792e-02
vr1a = 8.041443e-01
vr1b = 7.618284e-01
vr10a = 8.512063e-01
vr10b = 8.086883e-01
Reset re-loads circuit * tb_pnp_mismatch.spice -- sky130 substrate-pnp local-mismatch monte carlo

Circuit: * tb_pnp_mismatch.spice -- sky130 substrate-pnp local-mismatch monte carlo

option SCALE: Scale is set to 1e-06 for instance and model parameters
option SCALE: Scale is set to 1e-06 for instance and model parameters
option SCALE: Scale is set to 1e-06 for instance and model parameters
option SCALE: Scale is set to 1e-06 for instance and model parameters
Doing analysis at TEMP = -40.000000 and TNOM = 27.000000

Using KLU as Direct Linear Solver

No. of Data Rows : 1
da1 = 8.741559e-05
da10 = 6.770180e-05
dr1 = 4.220034e-02
dr10 = 4.252797e-02
vr1a = 8.040871e-01
vr1b = 7.618868e-01
vr10a = 8.512179e-01
vr10b = 8.086900e-01
Reset re-loads circuit * tb_pnp_mismatch.spice -- sky130 substrate-pnp local-mismatch monte carlo

Circuit: * tb_pnp_mismatch.spice -- sky130 substrate-pnp local-mismatch monte carlo

option SCALE: Scale is set to 1e-06 for instance and model parameters
option SCALE: Scale is set to 1e-06 for instance and model parameters
option SCALE: Scale is set to 1e-06 for instance and model parameters
option SCALE: Scale is set to 1e-06 for instance and model parameters
Doing analysis at TEMP = -40.000000 and TNOM = 27.000000

Using KLU as Direct Linear Solver

No. of Data Rows : 1
da1 = 5.244786e-06
da10 = 1.276354e-04
dr1 = 4.228205e-02
dr10 = 4.231244e-02
vr1a = 8.041089e-01
vr1b = 7.618268e-01
vr10a = 8.509724e-01
vr10b = 8.086600e-01
Reset re-loads circuit * tb_pnp_mismatch.spice -- sky130 substrate-pnp local-mismatch monte carlo

Circuit: * tb_pnp_mismatch.spice -- sky130 substrate-pnp local-mismatch monte carlo

option SCALE: Scale is set to 1e-06 for instance and model parameters
option SCALE: Scale is set to 1e-06 for instance and model parameters
option SCALE: Scale is set to 1e-06 for instance and model parameters
option SCALE: Scale is set to 1e-06 for instance and model parameters
Doing analysis at TEMP = -40.000000 and TNOM = 27.000000

Using KLU as Direct Linear Solver

No. of Data Rows : 1
da1 = -2.12785e-04
da10 = -1.31521e-04
dr1 = 4.235191e-02
dr10 = 4.259992e-02
vr1a = 8.041705e-01
vr1b = 7.618186e-01
vr10a = 8.512434e-01
vr10b = 8.086435e-01
Reset re-loads circuit * tb_pnp_mismatch.spice -- sky130 substrate-pnp local-mismatch monte carlo

Circuit: * tb_pnp_mismatch.spice -- sky130 substrate-pnp local-mismatch monte carlo

option SCALE: Scale is set to 1e-06 for instance and model parameters
option SCALE: Scale is set to 1e-06 for instance and model parameters
option SCALE: Scale is set to 1e-06 for instance and model parameters
option SCALE: Scale is set to 1e-06 for instance and model parameters
Doing analysis at TEMP = -40.000000 and TNOM = 27.000000

Using KLU as Direct Linear Solver

No. of Data Rows : 1
da1 = -2.30522e-04
da10 = 6.862401e-06
dr1 = 4.228564e-02
dr10 = 4.247523e-02
vr1a = 8.042247e-01
vr1b = 7.619391e-01
vr10a = 8.511740e-01
vr10b = 8.086988e-01
Reset re-loads circuit * tb_pnp_mismatch.spice -- sky130 substrate-pnp local-mismatch monte carlo

Circuit: * tb_pnp_mismatch.spice -- sky130 substrate-pnp local-mismatch monte carlo

option SCALE: Scale is set to 1e-06 for instance and model parameters
option SCALE: Scale is set to 1e-06 for instance and model parameters
option SCALE: Scale is set to 1e-06 for instance and model parameters
option SCALE: Scale is set to 1e-06 for instance and model parameters
Doing analysis at TEMP = -40.000000 and TNOM = 27.000000

Using KLU as Direct Linear Solver

No. of Data Rows : 1
da1 = 9.123976e-05
da10 = 1.348776e-04
dr1 = 4.225623e-02
dr10 = 4.260620e-02
vr1a = 8.041021e-01
vr1b = 7.618458e-01
vr10a = 8.512766e-01
vr10b = 8.086704e-01
Reset re-loads circuit * tb_pnp_mismatch.spice -- sky130 substrate-pnp local-mismatch monte carlo

Circuit: * tb_pnp_mismatch.spice -- sky130 substrate-pnp local-mismatch monte carlo

option SCALE: Scale is set to 1e-06 for instance and model parameters
option SCALE: Scale is set to 1e-06 for instance and model parameters
option SCALE: Scale is set to 1e-06 for instance and model parameters
option SCALE: Scale is set to 1e-06 for instance and model parameters
Doing analysis at TEMP = -40.000000 and TNOM = 27.000000

Using KLU as Direct Linear Solver

No. of Data Rows : 1
da1 = 2.421738e-05
da10 = -5.96430e-05
dr1 = 4.229701e-02
dr10 = 4.254163e-02
vr1a = 8.041374e-01
vr1b = 7.618403e-01
vr10a = 8.512741e-01
vr10b = 8.087325e-01
Reset re-loads circuit * tb_pnp_mismatch.spice -- sky130 substrate-pnp local-mismatch monte carlo

Circuit: * tb_pnp_mismatch.spice -- sky130 substrate-pnp local-mismatch monte carlo

option SCALE: Scale is set to 1e-06 for instance and model parameters
option SCALE: Scale is set to 1e-06 for instance and model parameters
option SCALE: Scale is set to 1e-06 for instance and model parameters
option SCALE: Scale is set to 1e-06 for instance and model parameters
Doing analysis at TEMP = -40.000000 and TNOM = 27.000000

Using KLU as Direct Linear Solver

No. of Data Rows : 1
da1 = 7.215725e-05
da10 = 1.082019e-04
dr1 = 4.223578e-02
dr10 = 4.248303e-02
vr1a = 8.041045e-01
vr1b = 7.618687e-01
vr10a = 8.511155e-01
vr10b = 8.086325e-01
Reset re-loads circuit * tb_pnp_mismatch.spice -- sky130 substrate-pnp local-mismatch monte carlo

Circuit: * tb_pnp_mismatch.spice -- sky130 substrate-pnp local-mismatch monte carlo

option SCALE: Scale is set to 1e-06 for instance and model parameters
option SCALE: Scale is set to 1e-06 for instance and model parameters
option SCALE: Scale is set to 1e-06 for instance and model parameters
option SCALE: Scale is set to 1e-06 for instance and model parameters
Doing analysis at TEMP = -40.000000 and TNOM = 27.000000

Using KLU as Direct Linear Solver

No. of Data Rows : 1
da1 = -2.05394e-04
da10 = -1.52910e-05
dr1 = 4.220034e-02
dr10 = 4.252128e-02
vr1a = 8.040723e-01
vr1b = 7.618720e-01
vr10a = 8.511843e-01
vr10b = 8.086630e-01
Reset re-loads circuit * tb_pnp_mismatch.spice -- sky130 substrate-pnp local-mismatch monte carlo

Circuit: * tb_pnp_mismatch.spice -- sky130 substrate-pnp local-mismatch monte carlo

option SCALE: Scale is set to 1e-06 for instance and model parameters
option SCALE: Scale is set to 1e-06 for instance and model parameters
option SCALE: Scale is set to 1e-06 for instance and model parameters
option SCALE: Scale is set to 1e-06 for instance and model parameters
Doing analysis at TEMP = -40.000000 and TNOM = 27.000000

Using KLU as Direct Linear Solver

No. of Data Rows : 1
da1 = -1.26213e-05
da10 = 9.021032e-05
dr1 = 4.212432e-02
dr10 = 4.256839e-02
vr1a = 8.040088e-01
vr1b = 7.618845e-01
vr10a = 8.512202e-01
vr10b = 8.086519e-01
Reset re-loads circuit * tb_pnp_mismatch.spice -- sky130 substrate-pnp local-mismatch monte carlo

Circuit: * tb_pnp_mismatch.spice -- sky130 substrate-pnp local-mismatch monte carlo

option SCALE: Scale is set to 1e-06 for instance and model parameters
option SCALE: Scale is set to 1e-06 for instance and model parameters
option SCALE: Scale is set to 1e-06 for instance and model parameters
option SCALE: Scale is set to 1e-06 for instance and model parameters
Doing analysis at TEMP = -40.000000 and TNOM = 27.000000

Using KLU as Direct Linear Solver

No. of Data Rows : 1
da1 = -1.53072e-05
da10 = -5.71891e-05
dr1 = 4.230731e-02
dr10 = 4.238807e-02
vr1a = 8.041483e-01
vr1b = 7.618410e-01
vr10a = 8.510561e-01
vr10b = 8.086680e-01
Reset re-loads circuit * tb_pnp_mismatch.spice -- sky130 substrate-pnp local-mismatch monte carlo

Circuit: * tb_pnp_mismatch.spice -- sky130 substrate-pnp local-mismatch monte carlo

option SCALE: Scale is set to 1e-06 for instance and model parameters
option SCALE: Scale is set to 1e-06 for instance and model parameters
option SCALE: Scale is set to 1e-06 for instance and model parameters
option SCALE: Scale is set to 1e-06 for instance and model parameters
Doing analysis at TEMP = -40.000000 and TNOM = 27.000000

Using KLU as Direct Linear Solver

No. of Data Rows : 1
da1 = 1.467270e-04
da10 = 1.649346e-06
dr1 = 4.217616e-02
dr10 = 4.237478e-02
vr1a = 8.040585e-01
vr1b = 7.618824e-01
vr10a = 8.510687e-01
vr10b = 8.086939e-01
Reset re-loads circuit * tb_pnp_mismatch.spice -- sky130 substrate-pnp local-mismatch monte carlo

Circuit: * tb_pnp_mismatch.spice -- sky130 substrate-pnp local-mismatch monte carlo

option SCALE: Scale is set to 1e-06 for instance and model parameters
option SCALE: Scale is set to 1e-06 for instance and model parameters
option SCALE: Scale is set to 1e-06 for instance and model parameters
option SCALE: Scale is set to 1e-06 for instance and model parameters
Doing analysis at TEMP = -40.000000 and TNOM = 27.000000

Using KLU as Direct Linear Solver

No. of Data Rows : 1
da1 = 3.437752e-05
da10 = 1.756830e-04
dr1 = 4.231929e-02
dr10 = 4.256836e-02
vr1a = 8.041988e-01
vr1b = 7.618795e-01
vr10a = 8.512357e-01
vr10b = 8.086674e-01
Reset re-loads circuit * tb_pnp_mismatch.spice -- sky130 substrate-pnp local-mismatch monte carlo

Circuit: * tb_pnp_mismatch.spice -- sky130 substrate-pnp local-mismatch monte carlo

option SCALE: Scale is set to 1e-06 for instance and model parameters
option SCALE: Scale is set to 1e-06 for instance and model parameters
option SCALE: Scale is set to 1e-06 for instance and model parameters
option SCALE: Scale is set to 1e-06 for instance and model parameters
Doing analysis at TEMP = -40.000000 and TNOM = 27.000000

Using KLU as Direct Linear Solver

No. of Data Rows : 1
da1 = -8.81581e-05
da10 = 6.451138e-05
dr1 = 4.237437e-02
dr10 = 4.245786e-02
vr1a = 8.042708e-01
vr1b = 7.618964e-01
vr10a = 8.511230e-01
vr10b = 8.086651e-01
Reset re-loads circuit * tb_pnp_mismatch.spice -- sky130 substrate-pnp local-mismatch monte carlo

Circuit: * tb_pnp_mismatch.spice -- sky130 substrate-pnp local-mismatch monte carlo

option SCALE: Scale is set to 1e-06 for instance and model parameters
option SCALE: Scale is set to 1e-06 for instance and model parameters
option SCALE: Scale is set to 1e-06 for instance and model parameters
option SCALE: Scale is set to 1e-06 for instance and model parameters
Doing analysis at TEMP = -40.000000 and TNOM = 27.000000

Using KLU as Direct Linear Solver

No. of Data Rows : 1
da1 = -1.33292e-05
da10 = 5.438559e-06
dr1 = 4.232206e-02
dr10 = 4.247756e-02
vr1a = 8.041805e-01
vr1b = 7.618584e-01
vr10a = 8.511375e-01
vr10b = 8.086600e-01
Reset re-loads circuit * tb_pnp_mismatch.spice -- sky130 substrate-pnp local-mismatch monte carlo

Circuit: * tb_pnp_mismatch.spice -- sky130 substrate-pnp local-mismatch monte carlo

option SCALE: Scale is set to 1e-06 for instance and model parameters
option SCALE: Scale is set to 1e-06 for instance and model parameters
option SCALE: Scale is set to 1e-06 for instance and model parameters
option SCALE: Scale is set to 1e-06 for instance and model parameters
Doing analysis at TEMP = -40.000000 and TNOM = 27.000000

Using KLU as Direct Linear Solver
 Reference value :  0.00000e+00
No. of Data Rows : 1
da1 = 5.505779e-06
da10 = 9.531896e-05
dr1 = 4.216569e-02
dr10 = 4.248067e-02
vr1a = 8.040612e-01
vr1b = 7.618955e-01
vr10a = 8.511209e-01
vr10b = 8.086402e-01
Reset re-loads circuit * tb_pnp_mismatch.spice -- sky130 substrate-pnp local-mismatch monte carlo

Circuit: * tb_pnp_mismatch.spice -- sky130 substrate-pnp local-mismatch monte carlo

option SCALE: Scale is set to 1e-06 for instance and model parameters
option SCALE: Scale is set to 1e-06 for instance and model parameters
option SCALE: Scale is set to 1e-06 for instance and model parameters
option SCALE: Scale is set to 1e-06 for instance and model parameters
Doing analysis at TEMP = -40.000000 and TNOM = 27.000000

Using KLU as Direct Linear Solver

No. of Data Rows : 1
da1 = 3.084577e-05
da10 = -9.36502e-05
dr1 = 4.213432e-02
dr10 = 4.258139e-02
vr1a = 8.040366e-01
vr1b = 7.619023e-01
vr10a = 8.513010e-01
vr10b = 8.087196e-01
Reset re-loads circuit * tb_pnp_mismatch.spice -- sky130 substrate-pnp local-mismatch monte carlo

Circuit: * tb_pnp_mismatch.spice -- sky130 substrate-pnp local-mismatch monte carlo

option SCALE: Scale is set to 1e-06 for instance and model parameters
option SCALE: Scale is set to 1e-06 for instance and model parameters
option SCALE: Scale is set to 1e-06 for instance and model parameters
option SCALE: Scale is set to 1e-06 for instance and model parameters
Doing analysis at TEMP = -40.000000 and TNOM = 27.000000

Using KLU as Direct Linear Solver

No. of Data Rows : 1
da1 = -1.29675e-05
da10 = 1.914457e-04
dr1 = 4.234294e-02
dr10 = 4.249500e-02
vr1a = 8.042006e-01
vr1b = 7.618577e-01
vr10a = 8.511530e-01
vr10b = 8.086580e-01
Reset re-loads circuit * tb_pnp_mismatch.spice -- sky130 substrate-pnp local-mismatch monte carlo

Circuit: * tb_pnp_mismatch.spice -- sky130 substrate-pnp local-mismatch monte carlo

option SCALE: Scale is set to 1e-06 for instance and model parameters
option SCALE: Scale is set to 1e-06 for instance and model parameters
option SCALE: Scale is set to 1e-06 for instance and model parameters
option SCALE: Scale is set to 1e-06 for instance and model parameters
Doing analysis at TEMP = -40.000000 and TNOM = 27.000000

Using KLU as Direct Linear Solver

No. of Data Rows : 1
da1 = -4.24369e-05
da10 = 3.643634e-05
dr1 = 4.228599e-02
dr10 = 4.248912e-02
vr1a = 8.041275e-01
vr1b = 7.618415e-01
vr10a = 8.511696e-01
vr10b = 8.086804e-01
Reset re-loads circuit * tb_pnp_mismatch.spice -- sky130 substrate-pnp local-mismatch monte carlo

Circuit: * tb_pnp_mismatch.spice -- sky130 substrate-pnp local-mismatch monte carlo

option SCALE: Scale is set to 1e-06 for instance and model parameters
option SCALE: Scale is set to 1e-06 for instance and model parameters
option SCALE: Scale is set to 1e-06 for instance and model parameters
option SCALE: Scale is set to 1e-06 for instance and model parameters
Doing analysis at TEMP = -40.000000 and TNOM = 27.000000

Using KLU as Direct Linear Solver

No. of Data Rows : 1
da1 = -6.33667e-05
da10 = -1.04952e-04
dr1 = 4.225265e-02
dr10 = 4.246811e-02
vr1a = 8.041400e-01
vr1b = 7.618873e-01
vr10a = 8.511308e-01
vr10b = 8.086627e-01
Reset re-loads circuit * tb_pnp_mismatch.spice -- sky130 substrate-pnp local-mismatch monte carlo

Circuit: * tb_pnp_mismatch.spice -- sky130 substrate-pnp local-mismatch monte carlo

option SCALE: Scale is set to 1e-06 for instance and model parameters
option SCALE: Scale is set to 1e-06 for instance and model parameters
option SCALE: Scale is set to 1e-06 for instance and model parameters
option SCALE: Scale is set to 1e-06 for instance and model parameters
Doing analysis at TEMP = -40.000000 and TNOM = 27.000000

Using KLU as Direct Linear Solver

No. of Data Rows : 1
da1 = -5.05563e-05
da10 = 1.295773e-05
dr1 = 4.207593e-02
dr10 = 4.249735e-02
vr1a = 8.039993e-01
vr1b = 7.619234e-01
vr10a = 8.511562e-01
vr10b = 8.086589e-01
Reset re-loads circuit * tb_pnp_mismatch.spice -- sky130 substrate-pnp local-mismatch monte carlo

Circuit: * tb_pnp_mismatch.spice -- sky130 substrate-pnp local-mismatch monte carlo

option SCALE: Scale is set to 1e-06 for instance and model parameters
option SCALE: Scale is set to 1e-06 for instance and model parameters
option SCALE: Scale is set to 1e-06 for instance and model parameters
option SCALE: Scale is set to 1e-06 for instance and model parameters
Doing analysis at TEMP = -40.000000 and TNOM = 27.000000

Using KLU as Direct Linear Solver

No. of Data Rows : 1
da1 = -7.65923e-05
da10 = 4.546881e-05
dr1 = 4.211630e-02
dr10 = 4.246029e-02
vr1a = 8.040012e-01
vr1b = 7.618849e-01
vr10a = 8.511605e-01
vr10b = 8.087002e-01
Reset re-loads circuit * tb_pnp_mismatch.spice -- sky130 substrate-pnp local-mismatch monte carlo

Circuit: * tb_pnp_mismatch.spice -- sky130 substrate-pnp local-mismatch monte carlo

option SCALE: Scale is set to 1e-06 for instance and model parameters
option SCALE: Scale is set to 1e-06 for instance and model parameters
option SCALE: Scale is set to 1e-06 for instance and model parameters
option SCALE: Scale is set to 1e-06 for instance and model parameters
Doing analysis at TEMP = -40.000000 and TNOM = 27.000000

Using KLU as Direct Linear Solver

No. of Data Rows : 1
da1 = -4.14350e-05
da10 = -3.49846e-05
dr1 = 4.226290e-02
dr10 = 4.258157e-02
vr1a = 8.040633e-01
vr1b = 7.618004e-01
vr10a = 8.512415e-01
vr10b = 8.086599e-01
Reset re-loads circuit * tb_pnp_mismatch.spice -- sky130 substrate-pnp local-mismatch monte carlo

Circuit: * tb_pnp_mismatch.spice -- sky130 substrate-pnp local-mismatch monte carlo

option SCALE: Scale is set to 1e-06 for instance and model parameters
option SCALE: Scale is set to 1e-06 for instance and model parameters
option SCALE: Scale is set to 1e-06 for instance and model parameters
option SCALE: Scale is set to 1e-06 for instance and model parameters
Doing analysis at TEMP = -40.000000 and TNOM = 27.000000

Using KLU as Direct Linear Solver

No. of Data Rows : 1
da1 = 7.927402e-05
da10 = -2.04250e-04
dr1 = 4.215856e-02
dr10 = 4.252118e-02
vr1a = 8.040186e-01
vr1b = 7.618601e-01
vr10a = 8.512081e-01
vr10b = 8.086869e-01
Reset re-loads circuit * tb_pnp_mismatch.spice -- sky130 substrate-pnp local-mismatch monte carlo

Circuit: * tb_pnp_mismatch.spice -- sky130 substrate-pnp local-mismatch monte carlo

option SCALE: Scale is set to 1e-06 for instance and model parameters
option SCALE: Scale is set to 1e-06 for instance and model parameters
option SCALE: Scale is set to 1e-06 for instance and model parameters
option SCALE: Scale is set to 1e-06 for instance and model parameters
Doing analysis at TEMP = -40.000000 and TNOM = 27.000000

Using KLU as Direct Linear Solver

No. of Data Rows : 1
da1 = 7.817613e-05
da10 = 1.778987e-05
dr1 = 4.225037e-02
dr10 = 4.263095e-02
vr1a = 8.040871e-01
vr1b = 7.618368e-01
vr10a = 8.512361e-01
vr10b = 8.086052e-01
Reset re-loads circuit * tb_pnp_mismatch.spice -- sky130 substrate-pnp local-mismatch monte carlo

Circuit: * tb_pnp_mismatch.spice -- sky130 substrate-pnp local-mismatch monte carlo

option SCALE: Scale is set to 1e-06 for instance and model parameters
option SCALE: Scale is set to 1e-06 for instance and model parameters
option SCALE: Scale is set to 1e-06 for instance and model parameters
option SCALE: Scale is set to 1e-06 for instance and model parameters
Doing analysis at TEMP = -40.000000 and TNOM = 27.000000

Using KLU as Direct Linear Solver

No. of Data Rows : 1
da1 = 5.308396e-05
da10 = 9.697261e-05
dr1 = 4.218670e-02
dr10 = 4.246721e-02
vr1a = 8.040744e-01
vr1b = 7.618877e-01
vr10a = 8.511167e-01
vr10b = 8.086494e-01
Reset re-loads circuit * tb_pnp_mismatch.spice -- sky130 substrate-pnp local-mismatch monte carlo

Circuit: * tb_pnp_mismatch.spice -- sky130 substrate-pnp local-mismatch monte carlo

option SCALE: Scale is set to 1e-06 for instance and model parameters
option SCALE: Scale is set to 1e-06 for instance and model parameters
option SCALE: Scale is set to 1e-06 for instance and model parameters
option SCALE: Scale is set to 1e-06 for instance and model parameters
Doing analysis at TEMP = -40.000000 and TNOM = 27.000000

Using KLU as Direct Linear Solver

No. of Data Rows : 1
da1 = 4.775205e-05
da10 = 1.891731e-04
dr1 = 4.232771e-02
dr10 = 4.251606e-02
vr1a = 8.042023e-01
vr1b = 7.618746e-01
vr10a = 8.512028e-01
vr10b = 8.086867e-01
Reset re-loads circuit * tb_pnp_mismatch.spice -- sky130 substrate-pnp local-mismatch monte carlo

Circuit: * tb_pnp_mismatch.spice -- sky130 substrate-pnp local-mismatch monte carlo

option SCALE: Scale is set to 1e-06 for instance and model parameters
option SCALE: Scale is set to 1e-06 for instance and model parameters
option SCALE: Scale is set to 1e-06 for instance and model parameters
option SCALE: Scale is set to 1e-06 for instance and model parameters
Doing analysis at TEMP = -40.000000 and TNOM = 27.000000

Using KLU as Direct Linear Solver

No. of Data Rows : 1
da1 = 1.585022e-04
da10 = -1.72253e-04
dr1 = 4.210724e-02
dr10 = 4.260493e-02
vr1a = 8.040005e-01
vr1b = 7.618933e-01
vr10a = 8.512276e-01
vr10b = 8.086227e-01
Reset re-loads circuit * tb_pnp_mismatch.spice -- sky130 substrate-pnp local-mismatch monte carlo

Circuit: * tb_pnp_mismatch.spice -- sky130 substrate-pnp local-mismatch monte carlo

option SCALE: Scale is set to 1e-06 for instance and model parameters
option SCALE: Scale is set to 1e-06 for instance and model parameters
option SCALE: Scale is set to 1e-06 for instance and model parameters
option SCALE: Scale is set to 1e-06 for instance and model parameters
Doing analysis at TEMP = -40.000000 and TNOM = 27.000000

Using KLU as Direct Linear Solver

No. of Data Rows : 1
da1 = -9.73448e-05
da10 = 4.266352e-08
dr1 = 4.221939e-02
dr10 = 4.240319e-02
vr1a = 8.040583e-01
vr1b = 7.618390e-01
vr10a = 8.510775e-01
vr10b = 8.086743e-01
Reset re-loads circuit * tb_pnp_mismatch.spice -- sky130 substrate-pnp local-mismatch monte carlo

Circuit: * tb_pnp_mismatch.spice -- sky130 substrate-pnp local-mismatch monte carlo

option SCALE: Scale is set to 1e-06 for instance and model parameters
option SCALE: Scale is set to 1e-06 for instance and model parameters
option SCALE: Scale is set to 1e-06 for instance and model parameters
option SCALE: Scale is set to 1e-06 for instance and model parameters
Doing analysis at TEMP = -40.000000 and TNOM = 27.000000

Using KLU as Direct Linear Solver

No. of Data Rows : 1
da1 = 1.381980e-04
da10 = -2.53497e-04
dr1 = 4.222161e-02
dr10 = 4.254310e-02
vr1a = 8.040888e-01
vr1b = 7.618672e-01
vr10a = 8.512164e-01
vr10b = 8.086733e-01
Reset re-loads circuit * tb_pnp_mismatch.spice -- sky130 substrate-pnp local-mismatch monte carlo

Circuit: * tb_pnp_mismatch.spice -- sky130 substrate-pnp local-mismatch monte carlo

option SCALE: Scale is set to 1e-06 for instance and model parameters
option SCALE: Scale is set to 1e-06 for instance and model parameters
option SCALE: Scale is set to 1e-06 for instance and model parameters
option SCALE: Scale is set to 1e-06 for instance and model parameters
Doing analysis at TEMP = -40.000000 and TNOM = 27.000000

Using KLU as Direct Linear Solver

No. of Data Rows : 1
da1 = -2.85234e-05
da10 = -2.17699e-04
dr1 = 4.218623e-02
dr10 = 4.260475e-02
vr1a = 8.040949e-01
vr1b = 7.619087e-01
vr10a = 8.512593e-01
vr10b = 8.086545e-01
Reset re-loads circuit * tb_pnp_mismatch.spice -- sky130 substrate-pnp local-mismatch monte carlo

Circuit: * tb_pnp_mismatch.spice -- sky130 substrate-pnp local-mismatch monte carlo

option SCALE: Scale is set to 1e-06 for instance and model parameters
option SCALE: Scale is set to 1e-06 for instance and model parameters
option SCALE: Scale is set to 1e-06 for instance and model parameters
option SCALE: Scale is set to 1e-06 for instance and model parameters
Doing analysis at TEMP = -40.000000 and TNOM = 27.000000

Using KLU as Direct Linear Solver

No. of Data Rows : 1
da1 = -6.93971e-05
da10 = -2.42509e-04
dr1 = 4.222834e-02
dr10 = 4.261363e-02
vr1a = 8.041222e-01
vr1b = 7.618939e-01
vr10a = 8.512329e-01
vr10b = 8.086192e-01
Reset re-loads circuit * tb_pnp_mismatch.spice -- sky130 substrate-pnp local-mismatch monte carlo

Circuit: * tb_pnp_mismatch.spice -- sky130 substrate-pnp local-mismatch monte carlo

option SCALE: Scale is set to 1e-06 for instance and model parameters
option SCALE: Scale is set to 1e-06 for instance and model parameters
option SCALE: Scale is set to 1e-06 for instance and model parameters
option SCALE: Scale is set to 1e-06 for instance and model parameters
Doing analysis at TEMP = -40.000000 and TNOM = 27.000000

Using KLU as Direct Linear Solver

No. of Data Rows : 1
da1 = -7.20015e-07
da10 = 1.191037e-04
dr1 = 4.224051e-02
dr10 = 4.256798e-02
vr1a = 8.041354e-01
vr1b = 7.618949e-01
vr10a = 8.512089e-01
vr10b = 8.086409e-01
Reset re-loads circuit * tb_pnp_mismatch.spice -- sky130 substrate-pnp local-mismatch monte carlo

Circuit: * tb_pnp_mismatch.spice -- sky130 substrate-pnp local-mismatch monte carlo

option SCALE: Scale is set to 1e-06 for instance and model parameters
option SCALE: Scale is set to 1e-06 for instance and model parameters
option SCALE: Scale is set to 1e-06 for instance and model parameters
option SCALE: Scale is set to 1e-06 for instance and model parameters
Doing analysis at TEMP = -40.000000 and TNOM = 27.000000

Using KLU as Direct Linear Solver

No. of Data Rows : 1
da1 = -3.04043e-04
da10 = -1.22193e-04
dr1 = 4.223661e-02
dr10 = 4.245074e-02
vr1a = 8.041133e-01
vr1b = 7.618767e-01
vr10a = 8.511171e-01
vr10b = 8.086663e-01
Reset re-loads circuit * tb_pnp_mismatch.spice -- sky130 substrate-pnp local-mismatch monte carlo

Circuit: * tb_pnp_mismatch.spice -- sky130 substrate-pnp local-mismatch monte carlo

option SCALE: Scale is set to 1e-06 for instance and model parameters
option SCALE: Scale is set to 1e-06 for instance and model parameters
option SCALE: Scale is set to 1e-06 for instance and model parameters
option SCALE: Scale is set to 1e-06 for instance and model parameters
Doing analysis at TEMP = -40.000000 and TNOM = 27.000000

Using KLU as Direct Linear Solver

No. of Data Rows : 1
da1 = -4.91124e-05
da10 = 3.550721e-05
dr1 = 4.224291e-02
dr10 = 4.251480e-02
vr1a = 8.041403e-01
vr1b = 7.618974e-01
vr10a = 8.511797e-01
vr10b = 8.086649e-01
Reset re-loads circuit * tb_pnp_mismatch.spice -- sky130 substrate-pnp local-mismatch monte carlo

Circuit: * tb_pnp_mismatch.spice -- sky130 substrate-pnp local-mismatch monte carlo

option SCALE: Scale is set to 1e-06 for instance and model parameters
option SCALE: Scale is set to 1e-06 for instance and model parameters
option SCALE: Scale is set to 1e-06 for instance and model parameters
option SCALE: Scale is set to 1e-06 for instance and model parameters
Doing analysis at TEMP = -40.000000 and TNOM = 27.000000

Using KLU as Direct Linear Solver

No. of Data Rows : 1
da1 = 1.085516e-04
da10 = 6.072290e-05
dr1 = 4.228736e-02
dr10 = 4.244452e-02
vr1a = 8.041434e-01
vr1b = 7.618561e-01
vr10a = 8.511440e-01
vr10b = 8.086995e-01
Reset re-loads circuit * tb_pnp_mismatch.spice -- sky130 substrate-pnp local-mismatch monte carlo

Circuit: * tb_pnp_mismatch.spice -- sky130 substrate-pnp local-mismatch monte carlo

option SCALE: Scale is set to 1e-06 for instance and model parameters
option SCALE: Scale is set to 1e-06 for instance and model parameters
option SCALE: Scale is set to 1e-06 for instance and model parameters
option SCALE: Scale is set to 1e-06 for instance and model parameters
Doing analysis at TEMP = -40.000000 and TNOM = 27.000000

Using KLU as Direct Linear Solver

No. of Data Rows : 1
da1 = -4.59945e-05
da10 = -3.10387e-06
dr1 = 4.236443e-02
dr10 = 4.245314e-02
vr1a = 8.042085e-01
vr1b = 7.618441e-01
vr10a = 8.511319e-01
vr10b = 8.086788e-01
Reset re-loads circuit * tb_pnp_mismatch.spice -- sky130 substrate-pnp local-mismatch monte carlo

Circuit: * tb_pnp_mismatch.spice -- sky130 substrate-pnp local-mismatch monte carlo

option SCALE: Scale is set to 1e-06 for instance and model parameters
option SCALE: Scale is set to 1e-06 for instance and model parameters
option SCALE: Scale is set to 1e-06 for instance and model parameters
option SCALE: Scale is set to 1e-06 for instance and model parameters
Doing analysis at TEMP = -40.000000 and TNOM = 27.000000

Using KLU as Direct Linear Solver

No. of Data Rows : 1
da1 = -5.46939e-05
da10 = 3.532096e-05
dr1 = 4.234414e-02
dr10 = 4.261443e-02
vr1a = 8.041572e-01
vr1b = 7.618130e-01
vr10a = 8.512885e-01
vr10b = 8.086740e-01
Reset re-loads circuit * tb_pnp_mismatch.spice -- sky130 substrate-pnp local-mismatch monte carlo

Circuit: * tb_pnp_mismatch.spice -- sky130 substrate-pnp local-mismatch monte carlo

option SCALE: Scale is set to 1e-06 for instance and model parameters
option SCALE: Scale is set to 1e-06 for instance and model parameters
option SCALE: Scale is set to 1e-06 for instance and model parameters
option SCALE: Scale is set to 1e-06 for instance and model parameters
Doing analysis at TEMP = -40.000000 and TNOM = 27.000000

Using KLU as Direct Linear Solver

No. of Data Rows : 1
da1 = -1.62343e-04
da10 = 8.234689e-05
dr1 = 4.226740e-02
dr10 = 4.258485e-02
vr1a = 8.040894e-01
vr1b = 7.618220e-01
vr10a = 8.512235e-01
vr10b = 8.086387e-01
Reset re-loads circuit * tb_pnp_mismatch.spice -- sky130 substrate-pnp local-mismatch monte carlo

Circuit: * tb_pnp_mismatch.spice -- sky130 substrate-pnp local-mismatch monte carlo

option SCALE: Scale is set to 1e-06 for instance and model parameters
option SCALE: Scale is set to 1e-06 for instance and model parameters
option SCALE: Scale is set to 1e-06 for instance and model parameters
option SCALE: Scale is set to 1e-06 for instance and model parameters
Doing analysis at TEMP = -40.000000 and TNOM = 27.000000

Using KLU as Direct Linear Solver

No. of Data Rows : 1
da1 = 3.555177e-05
da10 = -5.90190e-05
dr1 = 4.226218e-02
dr10 = 4.248311e-02
vr1a = 8.041513e-01
vr1b = 7.618891e-01
vr10a = 8.511909e-01
vr10b = 8.087078e-01
Reset re-loads circuit * tb_pnp_mismatch.spice -- sky130 substrate-pnp local-mismatch monte carlo

Circuit: * tb_pnp_mismatch.spice -- sky130 substrate-pnp local-mismatch monte carlo

option SCALE: Scale is set to 1e-06 for instance and model parameters
option SCALE: Scale is set to 1e-06 for instance and model parameters
option SCALE: Scale is set to 1e-06 for instance and model parameters
option SCALE: Scale is set to 1e-06 for instance and model parameters
Doing analysis at TEMP = -40.000000 and TNOM = 27.000000

Using KLU as Direct Linear Solver

No. of Data Rows : 1
da1 = -1.23236e-04
da10 = 1.567328e-04
dr1 = 4.222621e-02
dr10 = 4.249173e-02
vr1a = 8.040766e-01
vr1b = 7.618503e-01
vr10a = 8.511716e-01
vr10b = 8.086798e-01
Reset re-loads circuit * tb_pnp_mismatch.spice -- sky130 substrate-pnp local-mismatch monte carlo

Circuit: * tb_pnp_mismatch.spice -- sky130 substrate-pnp local-mismatch monte carlo

option SCALE: Scale is set to 1e-06 for instance and model parameters
option SCALE: Scale is set to 1e-06 for instance and model parameters
option SCALE: Scale is set to 1e-06 for instance and model parameters
option SCALE: Scale is set to 1e-06 for instance and model parameters
Doing analysis at TEMP = -40.000000 and TNOM = 27.000000

Using KLU as Direct Linear Solver

No. of Data Rows : 1
da1 = -3.23196e-04
da10 = -1.37481e-04
dr1 = 4.231741e-02
dr10 = 4.260808e-02
vr1a = 8.041688e-01
vr1b = 7.618513e-01
vr10a = 8.512679e-01
vr10b = 8.086598e-01
Reset re-loads circuit * tb_pnp_mismatch.spice -- sky130 substrate-pnp local-mismatch monte carlo

Circuit: * tb_pnp_mismatch.spice -- sky130 substrate-pnp local-mismatch monte carlo

option SCALE: Scale is set to 1e-06 for instance and model parameters
option SCALE: Scale is set to 1e-06 for instance and model parameters
option SCALE: Scale is set to 1e-06 for instance and model parameters
option SCALE: Scale is set to 1e-06 for instance and model parameters
Doing analysis at TEMP = -40.000000 and TNOM = 27.000000

Using KLU as Direct Linear Solver

No. of Data Rows : 1
da1 = -9.76748e-05
da10 = -4.13610e-05
dr1 = 4.235523e-02
dr10 = 4.255606e-02
vr1a = 8.042537e-01
vr1b = 7.618985e-01
vr10a = 8.512283e-01
vr10b = 8.086723e-01
Reset re-loads circuit * tb_pnp_mismatch.spice -- sky130 substrate-pnp local-mismatch monte carlo

Circuit: * tb_pnp_mismatch.spice -- sky130 substrate-pnp local-mismatch monte carlo

option SCALE: Scale is set to 1e-06 for instance and model parameters
option SCALE: Scale is set to 1e-06 for instance and model parameters
option SCALE: Scale is set to 1e-06 for instance and model parameters
option SCALE: Scale is set to 1e-06 for instance and model parameters
Doing analysis at TEMP = -40.000000 and TNOM = 27.000000

Using KLU as Direct Linear Solver

No. of Data Rows : 1
da1 = 1.039645e-04
da10 = -2.53128e-06
dr1 = 4.221205e-02
dr10 = 4.263430e-02
vr1a = 8.040825e-01
vr1b = 7.618705e-01
vr10a = 8.512820e-01
vr10b = 8.086477e-01
Reset re-loads circuit * tb_pnp_mismatch.spice -- sky130 substrate-pnp local-mismatch monte carlo

Circuit: * tb_pnp_mismatch.spice -- sky130 substrate-pnp local-mismatch monte carlo

option SCALE: Scale is set to 1e-06 for instance and model parameters
option SCALE: Scale is set to 1e-06 for instance and model parameters
option SCALE: Scale is set to 1e-06 for instance and model parameters
option SCALE: Scale is set to 1e-06 for instance and model parameters
Doing analysis at TEMP = -40.000000 and TNOM = 27.000000

Using KLU as Direct Linear Solver

No. of Data Rows : 1
da1 = -1.46730e-04
da10 = -2.11205e-04
dr1 = 4.232227e-02
dr10 = 4.259960e-02
vr1a = 8.041499e-01
vr1b = 7.618276e-01
vr10a = 8.512422e-01
vr10b = 8.086426e-01
Reset re-loads circuit * tb_pnp_mismatch.spice -- sky130 substrate-pnp local-mismatch monte carlo

Circuit: * tb_pnp_mismatch.spice -- sky130 substrate-pnp local-mismatch monte carlo

option SCALE: Scale is set to 1e-06 for instance and model parameters
option SCALE: Scale is set to 1e-06 for instance and model parameters
option SCALE: Scale is set to 1e-06 for instance and model parameters
option SCALE: Scale is set to 1e-06 for instance and model parameters
Doing analysis at TEMP = -40.000000 and TNOM = 27.000000

Using KLU as Direct Linear Solver

No. of Data Rows : 1
da1 = 5.271379e-05
da10 = 2.615169e-04
dr1 = 4.210968e-02
dr10 = 4.245786e-02
vr1a = 8.039896e-01
vr1b = 7.618800e-01
vr10a = 8.511554e-01
vr10b = 8.086976e-01
Reset re-loads circuit * tb_pnp_mismatch.spice -- sky130 substrate-pnp local-mismatch monte carlo

Circuit: * tb_pnp_mismatch.spice -- sky130 substrate-pnp local-mismatch monte carlo

option SCALE: Scale is set to 1e-06 for instance and model parameters
option SCALE: Scale is set to 1e-06 for instance and model parameters
option SCALE: Scale is set to 1e-06 for instance and model parameters
option SCALE: Scale is set to 1e-06 for instance and model parameters
Doing analysis at TEMP = -40.000000 and TNOM = 27.000000

Using KLU as Direct Linear Solver

No. of Data Rows : 1
da1 = 1.130371e-04
da10 = 1.105328e-04
dr1 = 4.225858e-02
dr10 = 4.248424e-02
vr1a = 8.041845e-01
vr1b = 7.619259e-01
vr10a = 8.511386e-01
vr10b = 8.086544e-01
Reset re-loads circuit * tb_pnp_mismatch.spice -- sky130 substrate-pnp local-mismatch monte carlo

Circuit: * tb_pnp_mismatch.spice -- sky130 substrate-pnp local-mismatch monte carlo

option SCALE: Scale is set to 1e-06 for instance and model parameters
option SCALE: Scale is set to 1e-06 for instance and model parameters
option SCALE: Scale is set to 1e-06 for instance and model parameters
option SCALE: Scale is set to 1e-06 for instance and model parameters
Doing analysis at TEMP = -40.000000 and TNOM = 27.000000

Using KLU as Direct Linear Solver

No. of Data Rows : 1
da1 = -7.52719e-05
da10 = 2.056358e-05
dr1 = 4.219870e-02
dr10 = 4.234152e-02
vr1a = 8.040834e-01
vr1b = 7.618847e-01
vr10a = 8.509966e-01
vr10b = 8.086551e-01
Reset re-loads circuit * tb_pnp_mismatch.spice -- sky130 substrate-pnp local-mismatch monte carlo

Circuit: * tb_pnp_mismatch.spice -- sky130 substrate-pnp local-mismatch monte carlo

option SCALE: Scale is set to 1e-06 for instance and model parameters
option SCALE: Scale is set to 1e-06 for instance and model parameters
option SCALE: Scale is set to 1e-06 for instance and model parameters
option SCALE: Scale is set to 1e-06 for instance and model parameters
Doing analysis at TEMP = -40.000000 and TNOM = 27.000000

Using KLU as Direct Linear Solver

No. of Data Rows : 1
da1 = 2.277103e-05
da10 = 2.994879e-04
dr1 = 4.220449e-02
dr10 = 4.246229e-02
vr1a = 8.040404e-01
vr1b = 7.618359e-01
vr10a = 8.511736e-01
vr10b = 8.087113e-01
Reset re-loads circuit * tb_pnp_mismatch.spice -- sky130 substrate-pnp local-mismatch monte carlo

Circuit: * tb_pnp_mismatch.spice -- sky130 substrate-pnp local-mismatch monte carlo

option SCALE: Scale is set to 1e-06 for instance and model parameters
option SCALE: Scale is set to 1e-06 for instance and model parameters
option SCALE: Scale is set to 1e-06 for instance and model parameters
option SCALE: Scale is set to 1e-06 for instance and model parameters
Doing analysis at TEMP = -40.000000 and TNOM = 27.000000

Using KLU as Direct Linear Solver

No. of Data Rows : 1
da1 = 1.448364e-04
da10 = -7.86957e-05
dr1 = 4.211585e-02
dr10 = 4.257558e-02
vr1a = 8.039873e-01
vr1b = 7.618714e-01
vr10a = 8.511966e-01
vr10b = 8.086210e-01
Reset re-loads circuit * tb_pnp_mismatch.spice -- sky130 substrate-pnp local-mismatch monte carlo

Circuit: * tb_pnp_mismatch.spice -- sky130 substrate-pnp local-mismatch monte carlo

option SCALE: Scale is set to 1e-06 for instance and model parameters
option SCALE: Scale is set to 1e-06 for instance and model parameters
option SCALE: Scale is set to 1e-06 for instance and model parameters
option SCALE: Scale is set to 1e-06 for instance and model parameters
Doing analysis at TEMP = -40.000000 and TNOM = 27.000000

Using KLU as Direct Linear Solver

No. of Data Rows : 1
da1 = 5.103339e-05
da10 = -1.16021e-05
dr1 = 4.220341e-02
dr10 = 4.232079e-02
vr1a = 8.040548e-01
vr1b = 7.618514e-01
vr10a = 8.510404e-01
vr10b = 8.087196e-01
Reset re-loads circuit * tb_pnp_mismatch.spice -- sky130 substrate-pnp local-mismatch monte carlo

Circuit: * tb_pnp_mismatch.spice -- sky130 substrate-pnp local-mismatch monte carlo

option SCALE: Scale is set to 1e-06 for instance and model parameters
option SCALE: Scale is set to 1e-06 for instance and model parameters
option SCALE: Scale is set to 1e-06 for instance and model parameters
option SCALE: Scale is set to 1e-06 for instance and model parameters
Doing analysis at TEMP = -40.000000 and TNOM = 27.000000

Using KLU as Direct Linear Solver

No. of Data Rows : 1
da1 = -8.97224e-06
da10 = 1.440123e-04
dr1 = 4.208164e-02
dr10 = 4.249851e-02
vr1a = 8.039437e-01
vr1b = 7.618621e-01
vr10a = 8.512147e-01
vr10b = 8.087162e-01
Reset re-loads circuit * tb_pnp_mismatch.spice -- sky130 substrate-pnp local-mismatch monte carlo

Circuit: * tb_pnp_mismatch.spice -- sky130 substrate-pnp local-mismatch monte carlo

option SCALE: Scale is set to 1e-06 for instance and model parameters
option SCALE: Scale is set to 1e-06 for instance and model parameters
option SCALE: Scale is set to 1e-06 for instance and model parameters
option SCALE: Scale is set to 1e-06 for instance and model parameters
Doing analysis at TEMP = -40.000000 and TNOM = 27.000000

Using KLU as Direct Linear Solver

No. of Data Rows : 1
da1 = -9.92375e-06
da10 = 1.059441e-05
dr1 = 4.223999e-02
dr10 = 4.257385e-02
vr1a = 8.040954e-01
vr1b = 7.618554e-01
vr10a = 8.512044e-01
vr10b = 8.086305e-01
Reset re-loads circuit * tb_pnp_mismatch.spice -- sky130 substrate-pnp local-mismatch monte carlo

Circuit: * tb_pnp_mismatch.spice -- sky130 substrate-pnp local-mismatch monte carlo

option SCALE: Scale is set to 1e-06 for instance and model parameters
option SCALE: Scale is set to 1e-06 for instance and model parameters
option SCALE: Scale is set to 1e-06 for instance and model parameters
option SCALE: Scale is set to 1e-06 for instance and model parameters
Doing analysis at TEMP = -40.000000 and TNOM = 27.000000

Using KLU as Direct Linear Solver

No. of Data Rows : 1
da1 = 2.257443e-05
da10 = 1.222508e-04
dr1 = 4.213283e-02
dr10 = 4.241325e-02
vr1a = 8.040507e-01
vr1b = 7.619179e-01
vr10a = 8.510354e-01
vr10b = 8.086222e-01
Reset re-loads circuit * tb_pnp_mismatch.spice -- sky130 substrate-pnp local-mismatch monte carlo

Circuit: * tb_pnp_mismatch.spice -- sky130 substrate-pnp local-mismatch monte carlo

option SCALE: Scale is set to 1e-06 for instance and model parameters
option SCALE: Scale is set to 1e-06 for instance and model parameters
option SCALE: Scale is set to 1e-06 for instance and model parameters
option SCALE: Scale is set to 1e-06 for instance and model parameters
Doing analysis at TEMP = -40.000000 and TNOM = 27.000000

Using KLU as Direct Linear Solver

No. of Data Rows : 1
da1 = 2.782397e-05
da10 = 3.767372e-06
dr1 = 4.226709e-02
dr10 = 4.248492e-02
vr1a = 8.041073e-01
vr1b = 7.618402e-01
vr10a = 8.511510e-01
vr10b = 8.086661e-01
Reset re-loads circuit * tb_pnp_mismatch.spice -- sky130 substrate-pnp local-mismatch monte carlo

Circuit: * tb_pnp_mismatch.spice -- sky130 substrate-pnp local-mismatch monte carlo

option SCALE: Scale is set to 1e-06 for instance and model parameters
option SCALE: Scale is set to 1e-06 for instance and model parameters
option SCALE: Scale is set to 1e-06 for instance and model parameters
option SCALE: Scale is set to 1e-06 for instance and model parameters
Doing analysis at TEMP = -40.000000 and TNOM = 27.000000

Using KLU as Direct Linear Solver
 Reference value :  0.00000e+00
No. of Data Rows : 1
da1 = 4.847004e-05
da10 = -2.19761e-04
dr1 = 4.217547e-02
dr10 = 4.259948e-02
vr1a = 8.040175e-01
vr1b = 7.618420e-01
vr10a = 8.512367e-01
vr10b = 8.086372e-01
Reset re-loads circuit * tb_pnp_mismatch.spice -- sky130 substrate-pnp local-mismatch monte carlo

Circuit: * tb_pnp_mismatch.spice -- sky130 substrate-pnp local-mismatch monte carlo

option SCALE: Scale is set to 1e-06 for instance and model parameters
option SCALE: Scale is set to 1e-06 for instance and model parameters
option SCALE: Scale is set to 1e-06 for instance and model parameters
option SCALE: Scale is set to 1e-06 for instance and model parameters
Doing analysis at TEMP = -40.000000 and TNOM = 27.000000

Using KLU as Direct Linear Solver

No. of Data Rows : 1
da1 = 1.631018e-04
da10 = 3.351718e-06
dr1 = 4.249727e-02
dr10 = 4.256675e-02
vr1a = 8.043857e-01
vr1b = 7.618884e-01
vr10a = 8.512104e-01
vr10b = 8.086437e-01
Reset re-loads circuit * tb_pnp_mismatch.spice -- sky130 substrate-pnp local-mismatch monte carlo

Circuit: * tb_pnp_mismatch.spice -- sky130 substrate-pnp local-mismatch monte carlo

option SCALE: Scale is set to 1e-06 for instance and model parameters
option SCALE: Scale is set to 1e-06 for instance and model parameters
option SCALE: Scale is set to 1e-06 for instance and model parameters
option SCALE: Scale is set to 1e-06 for instance and model parameters
Doing analysis at TEMP = -40.000000 and TNOM = 27.000000

Using KLU as Direct Linear Solver

No. of Data Rows : 1
da1 = -1.02244e-04
da10 = -4.38482e-05
dr1 = 4.223028e-02
dr10 = 4.269712e-02
vr1a = 8.040913e-01
vr1b = 7.618611e-01
vr10a = 8.513713e-01
vr10b = 8.086741e-01
Reset re-loads circuit * tb_pnp_mismatch.spice -- sky130 substrate-pnp local-mismatch monte carlo

Circuit: * tb_pnp_mismatch.spice -- sky130 substrate-pnp local-mismatch monte carlo

option SCALE: Scale is set to 1e-06 for instance and model parameters
option SCALE: Scale is set to 1e-06 for instance and model parameters
option SCALE: Scale is set to 1e-06 for instance and model parameters
option SCALE: Scale is set to 1e-06 for instance and model parameters
Doing analysis at TEMP = -40.000000 and TNOM = 27.000000

Using KLU as Direct Linear Solver

No. of Data Rows : 1
da1 = -4.16312e-06
da10 = -1.87792e-04
dr1 = 4.229263e-02
dr10 = 4.261382e-02
vr1a = 8.041197e-01
vr1b = 7.618271e-01
vr10a = 8.512944e-01
vr10b = 8.086805e-01
Reset re-loads circuit * tb_pnp_mismatch.spice -- sky130 substrate-pnp local-mismatch monte carlo

Circuit: * tb_pnp_mismatch.spice -- sky130 substrate-pnp local-mismatch monte carlo

option SCALE: Scale is set to 1e-06 for instance and model parameters
option SCALE: Scale is set to 1e-06 for instance and model parameters
option SCALE: Scale is set to 1e-06 for instance and model parameters
option SCALE: Scale is set to 1e-06 for instance and model parameters
Doing analysis at TEMP = -40.000000 and TNOM = 27.000000

Using KLU as Direct Linear Solver

No. of Data Rows : 1
da1 = 2.540311e-04
da10 = 8.998941e-05
dr1 = 4.218870e-02
dr10 = 4.253653e-02
vr1a = 8.040213e-01
vr1b = 7.618326e-01
vr10a = 8.511594e-01
vr10b = 8.086229e-01
Reset re-loads circuit * tb_pnp_mismatch.spice -- sky130 substrate-pnp local-mismatch monte carlo

Circuit: * tb_pnp_mismatch.spice -- sky130 substrate-pnp local-mismatch monte carlo

option SCALE: Scale is set to 1e-06 for instance and model parameters
option SCALE: Scale is set to 1e-06 for instance and model parameters
option SCALE: Scale is set to 1e-06 for instance and model parameters
option SCALE: Scale is set to 1e-06 for instance and model parameters
Doing analysis at TEMP = -40.000000 and TNOM = 27.000000

Using KLU as Direct Linear Solver

No. of Data Rows : 1
da1 = 1.213688e-04
da10 = 9.543143e-05
dr1 = 4.245340e-02
dr10 = 4.268053e-02
vr1a = 8.042907e-01
vr1b = 7.618373e-01
vr10a = 8.513293e-01
vr10b = 8.086488e-01
Reset re-loads circuit * tb_pnp_mismatch.spice -- sky130 substrate-pnp local-mismatch monte carlo

Circuit: * tb_pnp_mismatch.spice -- sky130 substrate-pnp local-mismatch monte carlo

option SCALE: Scale is set to 1e-06 for instance and model parameters
option SCALE: Scale is set to 1e-06 for instance and model parameters
option SCALE: Scale is set to 1e-06 for instance and model parameters
option SCALE: Scale is set to 1e-06 for instance and model parameters
Doing analysis at TEMP = -40.000000 and TNOM = 27.000000

Using KLU as Direct Linear Solver

No. of Data Rows : 1
da1 = -9.50101e-05
da10 = 1.966064e-04
dr1 = 4.225742e-02
dr10 = 4.257228e-02
vr1a = 8.041260e-01
vr1b = 7.618686e-01
vr10a = 8.512556e-01
vr10b = 8.086833e-01
Reset re-loads circuit * tb_pnp_mismatch.spice -- sky130 substrate-pnp local-mismatch monte carlo

Circuit: * tb_pnp_mismatch.spice -- sky130 substrate-pnp local-mismatch monte carlo

option SCALE: Scale is set to 1e-06 for instance and model parameters
option SCALE: Scale is set to 1e-06 for instance and model parameters
option SCALE: Scale is set to 1e-06 for instance and model parameters
option SCALE: Scale is set to 1e-06 for instance and model parameters
Doing analysis at TEMP = -40.000000 and TNOM = 27.000000

Using KLU as Direct Linear Solver

No. of Data Rows : 1
da1 = 2.529964e-04
da10 = 4.414370e-05
dr1 = 4.233089e-02
dr10 = 4.239554e-02
vr1a = 8.041670e-01
vr1b = 7.618361e-01
vr10a = 8.510195e-01
vr10b = 8.086240e-01
Reset re-loads circuit * tb_pnp_mismatch.spice -- sky130 substrate-pnp local-mismatch monte carlo

Circuit: * tb_pnp_mismatch.spice -- sky130 substrate-pnp local-mismatch monte carlo

option SCALE: Scale is set to 1e-06 for instance and model parameters
option SCALE: Scale is set to 1e-06 for instance and model parameters
option SCALE: Scale is set to 1e-06 for instance and model parameters
option SCALE: Scale is set to 1e-06 for instance and model parameters
Doing analysis at TEMP = -40.000000 and TNOM = 27.000000

Using KLU as Direct Linear Solver

No. of Data Rows : 1
da1 = 1.023741e-04
da10 = -6.23470e-05
dr1 = 4.212689e-02
dr10 = 4.258998e-02
vr1a = 8.039965e-01
vr1b = 7.618696e-01
vr10a = 8.512569e-01
vr10b = 8.086669e-01
Reset re-loads circuit * tb_pnp_mismatch.spice -- sky130 substrate-pnp local-mismatch monte carlo

Circuit: * tb_pnp_mismatch.spice -- sky130 substrate-pnp local-mismatch monte carlo

option SCALE: Scale is set to 1e-06 for instance and model parameters
option SCALE: Scale is set to 1e-06 for instance and model parameters
option SCALE: Scale is set to 1e-06 for instance and model parameters
option SCALE: Scale is set to 1e-06 for instance and model parameters
Doing analysis at TEMP = -40.000000 and TNOM = 27.000000

Using KLU as Direct Linear Solver

No. of Data Rows : 1
da1 = -8.29628e-05
da10 = 5.476557e-05
dr1 = 4.233614e-02
dr10 = 4.246054e-02
vr1a = 8.042392e-01
vr1b = 7.619031e-01
vr10a = 8.510984e-01
vr10b = 8.086378e-01
Reset re-loads circuit * tb_pnp_mismatch.spice -- sky130 substrate-pnp local-mismatch monte carlo

Circuit: * tb_pnp_mismatch.spice -- sky130 substrate-pnp local-mismatch monte carlo

option SCALE: Scale is set to 1e-06 for instance and model parameters
option SCALE: Scale is set to 1e-06 for instance and model parameters
option SCALE: Scale is set to 1e-06 for instance and model parameters
option SCALE: Scale is set to 1e-06 for instance and model parameters
Doing analysis at TEMP = -40.000000 and TNOM = 27.000000

Using KLU as Direct Linear Solver

No. of Data Rows : 1
da1 = -8.04831e-05
da10 = -1.55715e-04
dr1 = 4.227842e-02
dr10 = 4.251266e-02
vr1a = 8.041230e-01
vr1b = 7.618445e-01
vr10a = 8.511919e-01
vr10b = 8.086793e-01
Reset re-loads circuit * tb_pnp_mismatch.spice -- sky130 substrate-pnp local-mismatch monte carlo

Circuit: * tb_pnp_mismatch.spice -- sky130 substrate-pnp local-mismatch monte carlo

option SCALE: Scale is set to 1e-06 for instance and model parameters
option SCALE: Scale is set to 1e-06 for instance and model parameters
option SCALE: Scale is set to 1e-06 for instance and model parameters
option SCALE: Scale is set to 1e-06 for instance and model parameters
Doing analysis at TEMP = -40.000000 and TNOM = 27.000000

Using KLU as Direct Linear Solver

No. of Data Rows : 1
da1 = 1.326965e-04
da10 = 7.518245e-05
dr1 = 4.240916e-02
dr10 = 4.259761e-02
vr1a = 8.042394e-01
vr1b = 7.618302e-01
vr10a = 8.512843e-01
vr10b = 8.086867e-01
Reset re-loads circuit * tb_pnp_mismatch.spice -- sky130 substrate-pnp local-mismatch monte carlo

Circuit: * tb_pnp_mismatch.spice -- sky130 substrate-pnp local-mismatch monte carlo

option SCALE: Scale is set to 1e-06 for instance and model parameters
option SCALE: Scale is set to 1e-06 for instance and model parameters
option SCALE: Scale is set to 1e-06 for instance and model parameters
option SCALE: Scale is set to 1e-06 for instance and model parameters
Doing analysis at TEMP = -40.000000 and TNOM = 27.000000

Using KLU as Direct Linear Solver

No. of Data Rows : 1
da1 = 3.703849e-05
da10 = 7.950024e-05
dr1 = 4.223378e-02
dr10 = 4.257676e-02
vr1a = 8.040969e-01
vr1b = 7.618631e-01
vr10a = 8.512252e-01
vr10b = 8.086485e-01
Reset re-loads circuit * tb_pnp_mismatch.spice -- sky130 substrate-pnp local-mismatch monte carlo

Circuit: * tb_pnp_mismatch.spice -- sky130 substrate-pnp local-mismatch monte carlo

option SCALE: Scale is set to 1e-06 for instance and model parameters
option SCALE: Scale is set to 1e-06 for instance and model parameters
option SCALE: Scale is set to 1e-06 for instance and model parameters
option SCALE: Scale is set to 1e-06 for instance and model parameters
Doing analysis at TEMP = -40.000000 and TNOM = 27.000000

Using KLU as Direct Linear Solver

No. of Data Rows : 1
da1 = -8.33541e-05
da10 = -2.72158e-04
dr1 = 4.233971e-02
dr10 = 4.260500e-02
vr1a = 8.042003e-01
vr1b = 7.618606e-01
vr10a = 8.512706e-01
vr10b = 8.086656e-01
Reset re-loads circuit * tb_pnp_mismatch.spice -- sky130 substrate-pnp local-mismatch monte carlo

Circuit: * tb_pnp_mismatch.spice -- sky130 substrate-pnp local-mismatch monte carlo

option SCALE: Scale is set to 1e-06 for instance and model parameters
option SCALE: Scale is set to 1e-06 for instance and model parameters
option SCALE: Scale is set to 1e-06 for instance and model parameters
option SCALE: Scale is set to 1e-06 for instance and model parameters
Doing analysis at TEMP = -40.000000 and TNOM = 27.000000

Using KLU as Direct Linear Solver

No. of Data Rows : 1
da1 = -9.28923e-05
da10 = 9.099706e-05
dr1 = 4.234212e-02
dr10 = 4.258312e-02
vr1a = 8.041717e-01
vr1b = 7.618295e-01
vr10a = 8.512140e-01
vr10b = 8.086309e-01
Reset re-loads circuit * tb_pnp_mismatch.spice -- sky130 substrate-pnp local-mismatch monte carlo

Circuit: * tb_pnp_mismatch.spice -- sky130 substrate-pnp local-mismatch monte carlo

option SCALE: Scale is set to 1e-06 for instance and model parameters
option SCALE: Scale is set to 1e-06 for instance and model parameters
option SCALE: Scale is set to 1e-06 for instance and model parameters
option SCALE: Scale is set to 1e-06 for instance and model parameters
Doing analysis at TEMP = -40.000000 and TNOM = 27.000000

Using KLU as Direct Linear Solver

No. of Data Rows : 1
da1 = -4.51446e-05
da10 = -2.22009e-04
dr1 = 4.217333e-02
dr10 = 4.255807e-02
vr1a = 8.040494e-01
vr1b = 7.618760e-01
vr10a = 8.512365e-01
vr10b = 8.086785e-01
Reset re-loads circuit * tb_pnp_mismatch.spice -- sky130 substrate-pnp local-mismatch monte carlo

Circuit: * tb_pnp_mismatch.spice -- sky130 substrate-pnp local-mismatch monte carlo

option SCALE: Scale is set to 1e-06 for instance and model parameters
option SCALE: Scale is set to 1e-06 for instance and model parameters
option SCALE: Scale is set to 1e-06 for instance and model parameters
option SCALE: Scale is set to 1e-06 for instance and model parameters
Doing analysis at TEMP = -40.000000 and TNOM = 27.000000

Using KLU as Direct Linear Solver

No. of Data Rows : 1
da1 = 2.011575e-05
da10 = -2.10597e-05
dr1 = 4.223319e-02
dr10 = 4.256641e-02
vr1a = 8.041291e-01
vr1b = 7.618959e-01
vr10a = 8.512179e-01
vr10b = 8.086515e-01
Reset re-loads circuit * tb_pnp_mismatch.spice -- sky130 substrate-pnp local-mismatch monte carlo

Circuit: * tb_pnp_mismatch.spice -- sky130 substrate-pnp local-mismatch monte carlo

option SCALE: Scale is set to 1e-06 for instance and model parameters
option SCALE: Scale is set to 1e-06 for instance and model parameters
option SCALE: Scale is set to 1e-06 for instance and model parameters
option SCALE: Scale is set to 1e-06 for instance and model parameters
Doing analysis at TEMP = -40.000000 and TNOM = 27.000000

Using KLU as Direct Linear Solver

No. of Data Rows : 1
da1 = -1.41741e-04
da10 = -5.00162e-05
dr1 = 4.206728e-02
dr10 = 4.244606e-02
vr1a = 8.039711e-01
vr1b = 7.619038e-01
vr10a = 8.510744e-01
vr10b = 8.086284e-01
Reset re-loads circuit * tb_pnp_mismatch.spice -- sky130 substrate-pnp local-mismatch monte carlo

Circuit: * tb_pnp_mismatch.spice -- sky130 substrate-pnp local-mismatch monte carlo

option SCALE: Scale is set to 1e-06 for instance and model parameters
option SCALE: Scale is set to 1e-06 for instance and model parameters
option SCALE: Scale is set to 1e-06 for instance and model parameters
option SCALE: Scale is set to 1e-06 for instance and model parameters
Doing analysis at TEMP = -40.000000 and TNOM = 27.000000

Using KLU as Direct Linear Solver

No. of Data Rows : 1
da1 = -2.04847e-04
da10 = -2.79034e-04
dr1 = 4.230200e-02
dr10 = 4.262491e-02
vr1a = 8.041785e-01
vr1b = 7.618765e-01
vr10a = 8.512687e-01
vr10b = 8.086438e-01
Reset re-loads circuit * tb_pnp_mismatch.spice -- sky130 substrate-pnp local-mismatch monte carlo

Circuit: * tb_pnp_mismatch.spice -- sky130 substrate-pnp local-mismatch monte carlo

option SCALE: Scale is set to 1e-06 for instance and model parameters
option SCALE: Scale is set to 1e-06 for instance and model parameters
option SCALE: Scale is set to 1e-06 for instance and model parameters
option SCALE: Scale is set to 1e-06 for instance and model parameters
Doing analysis at TEMP = -40.000000 and TNOM = 27.000000

Using KLU as Direct Linear Solver

No. of Data Rows : 1
da1 = 1.811649e-04
da10 = 1.084037e-04
dr1 = 4.228388e-02
dr10 = 4.261798e-02
vr1a = 8.041279e-01
vr1b = 7.618440e-01
vr10a = 8.513065e-01
vr10b = 8.086885e-01
Reset re-loads circuit * tb_pnp_mismatch.spice -- sky130 substrate-pnp local-mismatch monte carlo

Circuit: * tb_pnp_mismatch.spice -- sky130 substrate-pnp local-mismatch monte carlo

option SCALE: Scale is set to 1e-06 for instance and model parameters
option SCALE: Scale is set to 1e-06 for instance and model parameters
option SCALE: Scale is set to 1e-06 for instance and model parameters
option SCALE: Scale is set to 1e-06 for instance and model parameters
Doing analysis at TEMP = -40.000000 and TNOM = 27.000000

Using KLU as Direct Linear Solver

No. of Data Rows : 1
da1 = -7.25174e-05
da10 = -3.80203e-05
dr1 = 4.229617e-02
dr10 = 4.244223e-02
vr1a = 8.041508e-01
vr1b = 7.618546e-01
vr10a = 8.510362e-01
vr10b = 8.085940e-01
Reset re-loads circuit * tb_pnp_mismatch.spice -- sky130 substrate-pnp local-mismatch monte carlo

Circuit: * tb_pnp_mismatch.spice -- sky130 substrate-pnp local-mismatch monte carlo

option SCALE: Scale is set to 1e-06 for instance and model parameters
option SCALE: Scale is set to 1e-06 for instance and model parameters
option SCALE: Scale is set to 1e-06 for instance and model parameters
option SCALE: Scale is set to 1e-06 for instance and model parameters
Doing analysis at TEMP = -40.000000 and TNOM = 27.000000

Using KLU as Direct Linear Solver

No. of Data Rows : 1
da1 = -9.10697e-05
da10 = 4.087422e-05
dr1 = 4.230234e-02
dr10 = 4.255281e-02
vr1a = 8.041708e-01
vr1b = 7.618685e-01
vr10a = 8.512196e-01
vr10b = 8.086668e-01
Reset re-loads circuit * tb_pnp_mismatch.spice -- sky130 substrate-pnp local-mismatch monte carlo

Circuit: * tb_pnp_mismatch.spice -- sky130 substrate-pnp local-mismatch monte carlo

option SCALE: Scale is set to 1e-06 for instance and model parameters
option SCALE: Scale is set to 1e-06 for instance and model parameters
option SCALE: Scale is set to 1e-06 for instance and model parameters
option SCALE: Scale is set to 1e-06 for instance and model parameters
Doing analysis at TEMP = -40.000000 and TNOM = 27.000000

Using KLU as Direct Linear Solver

No. of Data Rows : 1
da1 = 1.076635e-04
da10 = -3.74023e-05
dr1 = 4.230956e-02
dr10 = 4.256329e-02
vr1a = 8.042084e-01
vr1b = 7.618988e-01
vr10a = 8.512545e-01
vr10b = 8.086912e-01
Reset re-loads circuit * tb_pnp_mismatch.spice -- sky130 substrate-pnp local-mismatch monte carlo

Circuit: * tb_pnp_mismatch.spice -- sky130 substrate-pnp local-mismatch monte carlo

option SCALE: Scale is set to 1e-06 for instance and model parameters
option SCALE: Scale is set to 1e-06 for instance and model parameters
option SCALE: Scale is set to 1e-06 for instance and model parameters
option SCALE: Scale is set to 1e-06 for instance and model parameters
Doing analysis at TEMP = -40.000000 and TNOM = 27.000000

Using KLU as Direct Linear Solver

No. of Data Rows : 1
da1 = 1.921090e-04
da10 = 1.113165e-04
dr1 = 4.215366e-02
dr10 = 4.251455e-02
vr1a = 8.039986e-01
vr1b = 7.618450e-01
vr10a = 8.511987e-01
vr10b = 8.086842e-01
Reset re-loads circuit * tb_pnp_mismatch.spice -- sky130 substrate-pnp local-mismatch monte carlo

Circuit: * tb_pnp_mismatch.spice -- sky130 substrate-pnp local-mismatch monte carlo

option SCALE: Scale is set to 1e-06 for instance and model parameters
option SCALE: Scale is set to 1e-06 for instance and model parameters
option SCALE: Scale is set to 1e-06 for instance and model parameters
option SCALE: Scale is set to 1e-06 for instance and model parameters
Doing analysis at TEMP = -40.000000 and TNOM = 27.000000

Using KLU as Direct Linear Solver

No. of Data Rows : 1
da1 = -8.47665e-05
da10 = -3.96851e-05
dr1 = 4.222865e-02
dr10 = 4.249257e-02
vr1a = 8.040471e-01
vr1b = 7.618184e-01
vr10a = 8.511648e-01
vr10b = 8.086723e-01
Reset re-loads circuit * tb_pnp_mismatch.spice -- sky130 substrate-pnp local-mismatch monte carlo

Circuit: * tb_pnp_mismatch.spice -- sky130 substrate-pnp local-mismatch monte carlo

option SCALE: Scale is set to 1e-06 for instance and model parameters
option SCALE: Scale is set to 1e-06 for instance and model parameters
option SCALE: Scale is set to 1e-06 for instance and model parameters
option SCALE: Scale is set to 1e-06 for instance and model parameters
Doing analysis at TEMP = -40.000000 and TNOM = 27.000000

Using KLU as Direct Linear Solver

No. of Data Rows : 1
da1 = 7.636925e-05
da10 = -1.32434e-04
dr1 = 4.242099e-02
dr10 = 4.245780e-02
vr1a = 8.042748e-01
vr1b = 7.618538e-01
vr10a = 8.511362e-01
vr10b = 8.086784e-01
Reset re-loads circuit * tb_pnp_mismatch.spice -- sky130 substrate-pnp local-mismatch monte carlo

Circuit: * tb_pnp_mismatch.spice -- sky130 substrate-pnp local-mismatch monte carlo

option SCALE: Scale is set to 1e-06 for instance and model parameters
option SCALE: Scale is set to 1e-06 for instance and model parameters
option SCALE: Scale is set to 1e-06 for instance and model parameters
option SCALE: Scale is set to 1e-06 for instance and model parameters
Doing analysis at TEMP = -40.000000 and TNOM = 27.000000

Using KLU as Direct Linear Solver

No. of Data Rows : 1
da1 = 2.289050e-06
da10 = -2.89148e-04
dr1 = 4.232768e-02
dr10 = 4.269570e-02
vr1a = 8.042208e-01
vr1b = 7.618931e-01
vr10a = 8.513730e-01
vr10b = 8.086773e-01
Reset re-loads circuit * tb_pnp_mismatch.spice -- sky130 substrate-pnp local-mismatch monte carlo

Circuit: * tb_pnp_mismatch.spice -- sky130 substrate-pnp local-mismatch monte carlo

option SCALE: Scale is set to 1e-06 for instance and model parameters
option SCALE: Scale is set to 1e-06 for instance and model parameters
option SCALE: Scale is set to 1e-06 for instance and model parameters
option SCALE: Scale is set to 1e-06 for instance and model parameters
Doing analysis at TEMP = -40.000000 and TNOM = 27.000000

Using KLU as Direct Linear Solver

No. of Data Rows : 1
da1 = -1.82472e-04
da10 = 1.043768e-04
dr1 = 4.206173e-02
dr10 = 4.260626e-02
vr1a = 8.039740e-01
vr1b = 7.619122e-01
vr10a = 8.512312e-01
vr10b = 8.086250e-01
Reset re-loads circuit * tb_pnp_mismatch.spice -- sky130 substrate-pnp local-mismatch monte carlo

Circuit: * tb_pnp_mismatch.spice -- sky130 substrate-pnp local-mismatch monte carlo

option SCALE: Scale is set to 1e-06 for instance and model parameters
option SCALE: Scale is set to 1e-06 for instance and model parameters
option SCALE: Scale is set to 1e-06 for instance and model parameters
option SCALE: Scale is set to 1e-06 for instance and model parameters
Doing analysis at TEMP = -40.000000 and TNOM = 27.000000

Using KLU as Direct Linear Solver

No. of Data Rows : 1
da1 = 6.699704e-05
da10 = -9.19346e-05
dr1 = 4.222091e-02
dr10 = 4.253644e-02
vr1a = 8.040988e-01
vr1b = 7.618779e-01
vr10a = 8.511362e-01
vr10b = 8.085998e-01
Reset re-loads circuit * tb_pnp_mismatch.spice -- sky130 substrate-pnp local-mismatch monte carlo

Circuit: * tb_pnp_mismatch.spice -- sky130 substrate-pnp local-mismatch monte carlo

option SCALE: Scale is set to 1e-06 for instance and model parameters
option SCALE: Scale is set to 1e-06 for instance and model parameters
option SCALE: Scale is set to 1e-06 for instance and model parameters
option SCALE: Scale is set to 1e-06 for instance and model parameters
Doing analysis at TEMP = -40.000000 and TNOM = 27.000000

Using KLU as Direct Linear Solver

No. of Data Rows : 1
da1 = -1.08040e-04
da10 = 7.866187e-06
dr1 = 4.236036e-02
dr10 = 4.248035e-02
vr1a = 8.042257e-01
vr1b = 7.618653e-01
vr10a = 8.511873e-01
vr10b = 8.087069e-01
Reset re-loads circuit * tb_pnp_mismatch.spice -- sky130 substrate-pnp local-mismatch monte carlo

Circuit: * tb_pnp_mismatch.spice -- sky130 substrate-pnp local-mismatch monte carlo

option SCALE: Scale is set to 1e-06 for instance and model parameters
option SCALE: Scale is set to 1e-06 for instance and model parameters
option SCALE: Scale is set to 1e-06 for instance and model parameters
option SCALE: Scale is set to 1e-06 for instance and model parameters
Doing analysis at TEMP = -40.000000 and TNOM = 27.000000

Using KLU as Direct Linear Solver

No. of Data Rows : 1
da1 = -7.43017e-06
da10 = 1.345963e-04
dr1 = 4.216415e-02
dr10 = 4.250104e-02
vr1a = 8.040147e-01
vr1b = 7.618506e-01
vr10a = 8.511201e-01
vr10b = 8.086191e-01
Reset re-loads circuit * tb_pnp_mismatch.spice -- sky130 substrate-pnp local-mismatch monte carlo

Circuit: * tb_pnp_mismatch.spice -- sky130 substrate-pnp local-mismatch monte carlo

option SCALE: Scale is set to 1e-06 for instance and model parameters
option SCALE: Scale is set to 1e-06 for instance and model parameters
option SCALE: Scale is set to 1e-06 for instance and model parameters
option SCALE: Scale is set to 1e-06 for instance and model parameters
Doing analysis at TEMP = -40.000000 and TNOM = 27.000000

Using KLU as Direct Linear Solver

No. of Data Rows : 1
da1 = 2.871782e-06
da10 = -1.50942e-04
dr1 = 4.238866e-02
dr10 = 4.256342e-02
vr1a = 8.042599e-01
vr1b = 7.618712e-01
vr10a = 8.512569e-01
vr10b = 8.086935e-01
Reset re-loads circuit * tb_pnp_mismatch.spice -- sky130 substrate-pnp local-mismatch monte carlo

Circuit: * tb_pnp_mismatch.spice -- sky130 substrate-pnp local-mismatch monte carlo

option SCALE: Scale is set to 1e-06 for instance and model parameters
option SCALE: Scale is set to 1e-06 for instance and model parameters
option SCALE: Scale is set to 1e-06 for instance and model parameters
option SCALE: Scale is set to 1e-06 for instance and model parameters
Doing analysis at TEMP = -40.000000 and TNOM = 27.000000

Using KLU as Direct Linear Solver

No. of Data Rows : 1
da1 = 5.703657e-05
da10 = -1.59256e-04
dr1 = 4.228049e-02
dr10 = 4.244829e-02
vr1a = 8.041635e-01
vr1b = 7.618830e-01
vr10a = 8.511066e-01
vr10b = 8.086583e-01
Reset re-loads circuit * tb_pnp_mismatch.spice -- sky130 substrate-pnp local-mismatch monte carlo

Circuit: * tb_pnp_mismatch.spice -- sky130 substrate-pnp local-mismatch monte carlo

option SCALE: Scale is set to 1e-06 for instance and model parameters
option SCALE: Scale is set to 1e-06 for instance and model parameters
option SCALE: Scale is set to 1e-06 for instance and model parameters
option SCALE: Scale is set to 1e-06 for instance and model parameters
Doing analysis at TEMP = -40.000000 and TNOM = 27.000000

Using KLU as Direct Linear Solver

No. of Data Rows : 1
da1 = -7.71972e-05
da10 = -4.27041e-05
dr1 = 4.219818e-02
dr10 = 4.228243e-02
vr1a = 8.040373e-01
vr1b = 7.618392e-01
vr10a = 8.509563e-01
vr10b = 8.086739e-01
Reset re-loads circuit * tb_pnp_mismatch.spice -- sky130 substrate-pnp local-mismatch monte carlo

Circuit: * tb_pnp_mismatch.spice -- sky130 substrate-pnp local-mismatch monte carlo

option SCALE: Scale is set to 1e-06 for instance and model parameters
option SCALE: Scale is set to 1e-06 for instance and model parameters
option SCALE: Scale is set to 1e-06 for instance and model parameters
option SCALE: Scale is set to 1e-06 for instance and model parameters
Doing analysis at TEMP = -40.000000 and TNOM = 27.000000

Using KLU as Direct Linear Solver

No. of Data Rows : 1
da1 = 2.663094e-05
da10 = -2.83365e-05
dr1 = 4.234151e-02
dr10 = 4.248197e-02
vr1a = 8.042306e-01
vr1b = 7.618891e-01
vr10a = 8.511460e-01
vr10b = 8.086640e-01
Reset re-loads circuit * tb_pnp_mismatch.spice -- sky130 substrate-pnp local-mismatch monte carlo

Circuit: * tb_pnp_mismatch.spice -- sky130 substrate-pnp local-mismatch monte carlo

option SCALE: Scale is set to 1e-06 for instance and model parameters
option SCALE: Scale is set to 1e-06 for instance and model parameters
option SCALE: Scale is set to 1e-06 for instance and model parameters
option SCALE: Scale is set to 1e-06 for instance and model parameters
Doing analysis at TEMP = -40.000000 and TNOM = 27.000000

Using KLU as Direct Linear Solver

No. of Data Rows : 1
da1 = -6.14467e-05
da10 = -1.05225e-04
dr1 = 4.222179e-02
dr10 = 4.245305e-02
vr1a = 8.040906e-01
vr1b = 7.618688e-01
vr10a = 8.511312e-01
vr10b = 8.086782e-01
Reset re-loads circuit * tb_pnp_mismatch.spice -- sky130 substrate-pnp local-mismatch monte carlo

Circuit: * tb_pnp_mismatch.spice -- sky130 substrate-pnp local-mismatch monte carlo

option SCALE: Scale is set to 1e-06 for instance and model parameters
option SCALE: Scale is set to 1e-06 for instance and model parameters
option SCALE: Scale is set to 1e-06 for instance and model parameters
option SCALE: Scale is set to 1e-06 for instance and model parameters
Doing analysis at TEMP = -40.000000 and TNOM = 27.000000

Using KLU as Direct Linear Solver

No. of Data Rows : 1
da1 = -1.73393e-04
da10 = 1.317015e-04
dr1 = 4.229516e-02
dr10 = 4.262444e-02
vr1a = 8.041644e-01
vr1b = 7.618692e-01
vr10a = 8.512936e-01
vr10b = 8.086692e-01
Reset re-loads circuit * tb_pnp_mismatch.spice -- sky130 substrate-pnp local-mismatch monte carlo

Circuit: * tb_pnp_mismatch.spice -- sky130 substrate-pnp local-mismatch monte carlo

option SCALE: Scale is set to 1e-06 for instance and model parameters
option SCALE: Scale is set to 1e-06 for instance and model parameters
option SCALE: Scale is set to 1e-06 for instance and model parameters
option SCALE: Scale is set to 1e-06 for instance and model parameters
Doing analysis at TEMP = -40.000000 and TNOM = 27.000000

Using KLU as Direct Linear Solver

No. of Data Rows : 1
da1 = 5.814448e-05
da10 = -4.11094e-05
dr1 = 4.220084e-02
dr10 = 4.227072e-02
vr1a = 8.040427e-01
vr1b = 7.618419e-01
vr10a = 8.509003e-01
vr10b = 8.086296e-01
Reset re-loads circuit * tb_pnp_mismatch.spice -- sky130 substrate-pnp local-mismatch monte carlo

Circuit: * tb_pnp_mismatch.spice -- sky130 substrate-pnp local-mismatch monte carlo

option SCALE: Scale is set to 1e-06 for instance and model parameters
option SCALE: Scale is set to 1e-06 for instance and model parameters
option SCALE: Scale is set to 1e-06 for instance and model parameters
option SCALE: Scale is set to 1e-06 for instance and model parameters
Doing analysis at TEMP = -40.000000 and TNOM = 27.000000

Using KLU as Direct Linear Solver
 Reference value :  0.00000e+00
No. of Data Rows : 1
da1 = -1.86170e-04
da10 = 1.589743e-04
dr1 = 4.227590e-02
dr10 = 4.258783e-02
vr1a = 8.041324e-01
vr1b = 7.618565e-01
vr10a = 8.512734e-01
vr10b = 8.086856e-01
Reset re-loads circuit * tb_pnp_mismatch.spice -- sky130 substrate-pnp local-mismatch monte carlo

Circuit: * tb_pnp_mismatch.spice -- sky130 substrate-pnp local-mismatch monte carlo

option SCALE: Scale is set to 1e-06 for instance and model parameters
option SCALE: Scale is set to 1e-06 for instance and model parameters
option SCALE: Scale is set to 1e-06 for instance and model parameters
option SCALE: Scale is set to 1e-06 for instance and model parameters
Doing analysis at TEMP = -40.000000 and TNOM = 27.000000

Using KLU as Direct Linear Solver

No. of Data Rows : 1
da1 = -9.70800e-05
da10 = 8.698098e-05
dr1 = 4.222233e-02
dr10 = 4.252565e-02
vr1a = 8.041492e-01
vr1b = 7.619269e-01
vr10a = 8.511621e-01
vr10b = 8.086365e-01
Reset re-loads circuit * tb_pnp_mismatch.spice -- sky130 substrate-pnp local-mismatch monte carlo

Circuit: * tb_pnp_mismatch.spice -- sky130 substrate-pnp local-mismatch monte carlo

option SCALE: Scale is set to 1e-06 for instance and model parameters
option SCALE: Scale is set to 1e-06 for instance and model parameters
option SCALE: Scale is set to 1e-06 for instance and model parameters
option SCALE: Scale is set to 1e-06 for instance and model parameters
Doing analysis at TEMP = -40.000000 and TNOM = 27.000000

Using KLU as Direct Linear Solver

No. of Data Rows : 1
da1 = 2.095102e-04
da10 = -6.64959e-05
dr1 = 4.237044e-02
dr10 = 4.252306e-02
vr1a = 8.042096e-01
vr1b = 7.618391e-01
vr10a = 8.511754e-01
vr10b = 8.086523e-01
Reset re-loads circuit * tb_pnp_mismatch.spice -- sky130 substrate-pnp local-mismatch monte carlo

Circuit: * tb_pnp_mismatch.spice -- sky130 substrate-pnp local-mismatch monte carlo

option SCALE: Scale is set to 1e-06 for instance and model parameters
option SCALE: Scale is set to 1e-06 for instance and model parameters
option SCALE: Scale is set to 1e-06 for instance and model parameters
option SCALE: Scale is set to 1e-06 for instance and model parameters
Doing analysis at TEMP = -40.000000 and TNOM = 27.000000

Using KLU as Direct Linear Solver

No. of Data Rows : 1
da1 = -5.05317e-05
da10 = 9.265762e-05
dr1 = 4.238615e-02
dr10 = 4.256349e-02
vr1a = 8.041839e-01
vr1b = 7.617977e-01
vr10a = 8.511985e-01
vr10b = 8.086350e-01
Reset re-loads circuit * tb_pnp_mismatch.spice -- sky130 substrate-pnp local-mismatch monte carlo

Circuit: * tb_pnp_mismatch.spice -- sky130 substrate-pnp local-mismatch monte carlo

option SCALE: Scale is set to 1e-06 for instance and model parameters
option SCALE: Scale is set to 1e-06 for instance and model parameters
option SCALE: Scale is set to 1e-06 for instance and model parameters
option SCALE: Scale is set to 1e-06 for instance and model parameters
Doing analysis at TEMP = -40.000000 and TNOM = 27.000000

Using KLU as Direct Linear Solver

No. of Data Rows : 1
da1 = -1.81924e-04
da10 = 1.521128e-04
dr1 = 4.216769e-02
dr10 = 4.249798e-02
vr1a = 8.040962e-01
vr1b = 7.619285e-01
vr10a = 8.511530e-01
vr10b = 8.086550e-01
Reset re-loads circuit * tb_pnp_mismatch.spice -- sky130 substrate-pnp local-mismatch monte carlo

Circuit: * tb_pnp_mismatch.spice -- sky130 substrate-pnp local-mismatch monte carlo

option SCALE: Scale is set to 1e-06 for instance and model parameters
option SCALE: Scale is set to 1e-06 for instance and model parameters
option SCALE: Scale is set to 1e-06 for instance and model parameters
option SCALE: Scale is set to 1e-06 for instance and model parameters
Doing analysis at TEMP = -40.000000 and TNOM = 27.000000

Using KLU as Direct Linear Solver

No. of Data Rows : 1
da1 = 1.177918e-05
da10 = -1.13446e-04
dr1 = 4.227922e-02
dr10 = 4.245499e-02
vr1a = 8.041363e-01
vr1b = 7.618571e-01
vr10a = 8.511168e-01
vr10b = 8.086619e-01
Reset re-loads circuit * tb_pnp_mismatch.spice -- sky130 substrate-pnp local-mismatch monte carlo

Circuit: * tb_pnp_mismatch.spice -- sky130 substrate-pnp local-mismatch monte carlo

option SCALE: Scale is set to 1e-06 for instance and model parameters
option SCALE: Scale is set to 1e-06 for instance and model parameters
option SCALE: Scale is set to 1e-06 for instance and model parameters
option SCALE: Scale is set to 1e-06 for instance and model parameters
Doing analysis at TEMP = -40.000000 and TNOM = 27.000000

Using KLU as Direct Linear Solver

No. of Data Rows : 1
da1 = -4.79443e-05
da10 = 1.396562e-04
dr1 = 4.229190e-02
dr10 = 4.256831e-02
vr1a = 8.041570e-01
vr1b = 7.618651e-01
vr10a = 8.512385e-01
vr10b = 8.086701e-01
Reset re-loads circuit * tb_pnp_mismatch.spice -- sky130 substrate-pnp local-mismatch monte carlo

Circuit: * tb_pnp_mismatch.spice -- sky130 substrate-pnp local-mismatch monte carlo

option SCALE: Scale is set to 1e-06 for instance and model parameters
option SCALE: Scale is set to 1e-06 for instance and model parameters
option SCALE: Scale is set to 1e-06 for instance and model parameters
option SCALE: Scale is set to 1e-06 for instance and model parameters
Doing analysis at TEMP = -40.000000 and TNOM = 27.000000

Using KLU as Direct Linear Solver

No. of Data Rows : 1
da1 = -1.48115e-04
da10 = -1.85044e-04
dr1 = 4.225149e-02
dr10 = 4.251340e-02
vr1a = 8.040713e-01
vr1b = 7.618198e-01
vr10a = 8.511648e-01
vr10b = 8.086514e-01
Reset re-loads circuit * tb_pnp_mismatch.spice -- sky130 substrate-pnp local-mismatch monte carlo

Circuit: * tb_pnp_mismatch.spice -- sky130 substrate-pnp local-mismatch monte carlo

option SCALE: Scale is set to 1e-06 for instance and model parameters
option SCALE: Scale is set to 1e-06 for instance and model parameters
option SCALE: Scale is set to 1e-06 for instance and model parameters
option SCALE: Scale is set to 1e-06 for instance and model parameters
Doing analysis at TEMP = -40.000000 and TNOM = 27.000000

Using KLU as Direct Linear Solver

No. of Data Rows : 1
da1 = 7.214342e-05
da10 = 3.452448e-05
dr1 = 4.217237e-02
dr10 = 4.254192e-02
vr1a = 8.040707e-01
vr1b = 7.618983e-01
vr10a = 8.512086e-01
vr10b = 8.086666e-01
Reset re-loads circuit * tb_pnp_mismatch.spice -- sky130 substrate-pnp local-mismatch monte carlo

Circuit: * tb_pnp_mismatch.spice -- sky130 substrate-pnp local-mismatch monte carlo

option SCALE: Scale is set to 1e-06 for instance and model parameters
option SCALE: Scale is set to 1e-06 for instance and model parameters
option SCALE: Scale is set to 1e-06 for instance and model parameters
option SCALE: Scale is set to 1e-06 for instance and model parameters
Doing analysis at TEMP = -40.000000 and TNOM = 27.000000

Using KLU as Direct Linear Solver

No. of Data Rows : 1
da1 = 1.226128e-04
da10 = 7.687378e-05
dr1 = 4.233498e-02
dr10 = 4.272454e-02
vr1a = 8.041924e-01
vr1b = 7.618574e-01
vr10a = 8.513180e-01
vr10b = 8.085935e-01
Reset re-loads circuit * tb_pnp_mismatch.spice -- sky130 substrate-pnp local-mismatch monte carlo

Circuit: * tb_pnp_mismatch.spice -- sky130 substrate-pnp local-mismatch monte carlo

option SCALE: Scale is set to 1e-06 for instance and model parameters
option SCALE: Scale is set to 1e-06 for instance and model parameters
option SCALE: Scale is set to 1e-06 for instance and model parameters
option SCALE: Scale is set to 1e-06 for instance and model parameters
Doing analysis at TEMP = -40.000000 and TNOM = 27.000000

Using KLU as Direct Linear Solver

No. of Data Rows : 1
da1 = -3.38963e-05
da10 = 9.996752e-05
dr1 = 4.240641e-02
dr10 = 4.260508e-02
vr1a = 8.042780e-01
vr1b = 7.618716e-01
vr10a = 8.512732e-01
vr10b = 8.086681e-01
Reset re-loads circuit * tb_pnp_mismatch.spice -- sky130 substrate-pnp local-mismatch monte carlo

Circuit: * tb_pnp_mismatch.spice -- sky130 substrate-pnp local-mismatch monte carlo

option SCALE: Scale is set to 1e-06 for instance and model parameters
option SCALE: Scale is set to 1e-06 for instance and model parameters
option SCALE: Scale is set to 1e-06 for instance and model parameters
option SCALE: Scale is set to 1e-06 for instance and model parameters
Doing analysis at TEMP = -40.000000 and TNOM = 27.000000

Using KLU as Direct Linear Solver

No. of Data Rows : 1
da1 = -2.89603e-04
da10 = -2.03034e-04
dr1 = 4.228166e-02
dr10 = 4.272048e-02
vr1a = 8.041488e-01
vr1b = 7.618671e-01
vr10a = 8.513385e-01
vr10b = 8.086180e-01
Reset re-loads circuit * tb_pnp_mismatch.spice -- sky130 substrate-pnp local-mismatch monte carlo

Circuit: * tb_pnp_mismatch.spice -- sky130 substrate-pnp local-mismatch monte carlo

option SCALE: Scale is set to 1e-06 for instance and model parameters
option SCALE: Scale is set to 1e-06 for instance and model parameters
option SCALE: Scale is set to 1e-06 for instance and model parameters
option SCALE: Scale is set to 1e-06 for instance and model parameters
Doing analysis at TEMP = -40.000000 and TNOM = 27.000000

Using KLU as Direct Linear Solver

No. of Data Rows : 1
da1 = -5.17072e-05
da10 = -2.43752e-04
dr1 = 4.219285e-02
dr10 = 4.254039e-02
vr1a = 8.040159e-01
vr1b = 7.618231e-01
vr10a = 8.512119e-01
vr10b = 8.086715e-01
Reset re-loads circuit * tb_pnp_mismatch.spice -- sky130 substrate-pnp local-mismatch monte carlo

Circuit: * tb_pnp_mismatch.spice -- sky130 substrate-pnp local-mismatch monte carlo

option SCALE: Scale is set to 1e-06 for instance and model parameters
option SCALE: Scale is set to 1e-06 for instance and model parameters
option SCALE: Scale is set to 1e-06 for instance and model parameters
option SCALE: Scale is set to 1e-06 for instance and model parameters
Doing analysis at TEMP = -40.000000 and TNOM = 27.000000

Using KLU as Direct Linear Solver

No. of Data Rows : 1
da1 = 8.882544e-05
da10 = -4.53953e-06
dr1 = 4.221401e-02
dr10 = 4.263382e-02
vr1a = 8.040518e-01
vr1b = 7.618377e-01
vr10a = 8.513039e-01
vr10b = 8.086701e-01
Reset re-loads circuit * tb_pnp_mismatch.spice -- sky130 substrate-pnp local-mismatch monte carlo

Circuit: * tb_pnp_mismatch.spice -- sky130 substrate-pnp local-mismatch monte carlo

option SCALE: Scale is set to 1e-06 for instance and model parameters
option SCALE: Scale is set to 1e-06 for instance and model parameters
option SCALE: Scale is set to 1e-06 for instance and model parameters
option SCALE: Scale is set to 1e-06 for instance and model parameters
Doing analysis at TEMP = -40.000000 and TNOM = 27.000000

Using KLU as Direct Linear Solver

No. of Data Rows : 1
da1 = -1.23365e-05
da10 = 7.920534e-05
dr1 = 4.233271e-02
dr10 = 4.244522e-02
vr1a = 8.041688e-01
vr1b = 7.618361e-01
vr10a = 8.511375e-01
vr10b = 8.086923e-01
Reset re-loads circuit * tb_pnp_mismatch.spice -- sky130 substrate-pnp local-mismatch monte carlo

Circuit: * tb_pnp_mismatch.spice -- sky130 substrate-pnp local-mismatch monte carlo

option SCALE: Scale is set to 1e-06 for instance and model parameters
option SCALE: Scale is set to 1e-06 for instance and model parameters
option SCALE: Scale is set to 1e-06 for instance and model parameters
option SCALE: Scale is set to 1e-06 for instance and model parameters
Doing analysis at TEMP = -40.000000 and TNOM = 27.000000

Using KLU as Direct Linear Solver

No. of Data Rows : 1
da1 = -1.70674e-04
da10 = 3.331341e-04
dr1 = 4.233196e-02
dr10 = 4.259483e-02
vr1a = 8.041682e-01
vr1b = 7.618362e-01
vr10a = 8.512591e-01
vr10b = 8.086643e-01
Reset re-loads circuit * tb_pnp_mismatch.spice -- sky130 substrate-pnp local-mismatch monte carlo

Circuit: * tb_pnp_mismatch.spice -- sky130 substrate-pnp local-mismatch monte carlo

option SCALE: Scale is set to 1e-06 for instance and model parameters
option SCALE: Scale is set to 1e-06 for instance and model parameters
option SCALE: Scale is set to 1e-06 for instance and model parameters
option SCALE: Scale is set to 1e-06 for instance and model parameters
Doing analysis at TEMP = -40.000000 and TNOM = 27.000000

Using KLU as Direct Linear Solver

No. of Data Rows : 1
da1 = -5.64677e-05
da10 = -9.97693e-05
dr1 = 4.241052e-02
dr10 = 4.267738e-02
vr1a = 8.042626e-01
vr1b = 7.618520e-01
vr10a = 8.513257e-01
vr10b = 8.086484e-01
Reset re-loads circuit * tb_pnp_mismatch.spice -- sky130 substrate-pnp local-mismatch monte carlo

Circuit: * tb_pnp_mismatch.spice -- sky130 substrate-pnp local-mismatch monte carlo

option SCALE: Scale is set to 1e-06 for instance and model parameters
option SCALE: Scale is set to 1e-06 for instance and model parameters
option SCALE: Scale is set to 1e-06 for instance and model parameters
option SCALE: Scale is set to 1e-06 for instance and model parameters
Doing analysis at TEMP = -40.000000 and TNOM = 27.000000

Using KLU as Direct Linear Solver

No. of Data Rows : 1
da1 = -7.75412e-05
da10 = -1.52339e-05
dr1 = 4.236069e-02
dr10 = 4.252348e-02
vr1a = 8.042218e-01
vr1b = 7.618611e-01
vr10a = 8.511695e-01
vr10b = 8.086460e-01
Reset re-loads circuit * tb_pnp_mismatch.spice -- sky130 substrate-pnp local-mismatch monte carlo

Circuit: * tb_pnp_mismatch.spice -- sky130 substrate-pnp local-mismatch monte carlo

option SCALE: Scale is set to 1e-06 for instance and model parameters
option SCALE: Scale is set to 1e-06 for instance and model parameters
option SCALE: Scale is set to 1e-06 for instance and model parameters
option SCALE: Scale is set to 1e-06 for instance and model parameters
Doing analysis at TEMP = -40.000000 and TNOM = 27.000000

Using KLU as Direct Linear Solver

No. of Data Rows : 1
da1 = -4.98660e-05
da10 = -1.09727e-04
dr1 = 4.232532e-02
dr10 = 4.255893e-02
vr1a = 8.041801e-01
vr1b = 7.618548e-01
vr10a = 8.512275e-01
vr10b = 8.086685e-01
Reset re-loads circuit * tb_pnp_mismatch.spice -- sky130 substrate-pnp local-mismatch monte carlo

Circuit: * tb_pnp_mismatch.spice -- sky130 substrate-pnp local-mismatch monte carlo

option SCALE: Scale is set to 1e-06 for instance and model parameters
option SCALE: Scale is set to 1e-06 for instance and model parameters
option SCALE: Scale is set to 1e-06 for instance and model parameters
option SCALE: Scale is set to 1e-06 for instance and model parameters
Doing analysis at TEMP = -40.000000 and TNOM = 27.000000

Using KLU as Direct Linear Solver

No. of Data Rows : 1
da1 = 2.921457e-05
da10 = -1.27270e-05
dr1 = 4.241824e-02
dr10 = 4.246229e-02
vr1a = 8.042570e-01
vr1b = 7.618387e-01
vr10a = 8.511346e-01
vr10b = 8.086723e-01
Reset re-loads circuit * tb_pnp_mismatch.spice -- sky130 substrate-pnp local-mismatch monte carlo

Circuit: * tb_pnp_mismatch.spice -- sky130 substrate-pnp local-mismatch monte carlo

option SCALE: Scale is set to 1e-06 for instance and model parameters
option SCALE: Scale is set to 1e-06 for instance and model parameters
option SCALE: Scale is set to 1e-06 for instance and model parameters
option SCALE: Scale is set to 1e-06 for instance and model parameters
Doing analysis at TEMP = -40.000000 and TNOM = 27.000000

Using KLU as Direct Linear Solver

No. of Data Rows : 1
da1 = -1.67641e-04
da10 = 3.148594e-05
dr1 = 4.247100e-02
dr10 = 4.264866e-02
vr1a = 8.043371e-01
vr1b = 7.618661e-01
vr10a = 8.512834e-01
vr10b = 8.086347e-01
Reset re-loads circuit * tb_pnp_mismatch.spice -- sky130 substrate-pnp local-mismatch monte carlo

Circuit: * tb_pnp_mismatch.spice -- sky130 substrate-pnp local-mismatch monte carlo

option SCALE: Scale is set to 1e-06 for instance and model parameters
option SCALE: Scale is set to 1e-06 for instance and model parameters
option SCALE: Scale is set to 1e-06 for instance and model parameters
option SCALE: Scale is set to 1e-06 for instance and model parameters
Doing analysis at TEMP = -40.000000 and TNOM = 27.000000

Using KLU as Direct Linear Solver

No. of Data Rows : 1
da1 = 9.584215e-06
da10 = 1.414140e-04
dr1 = 4.222479e-02
dr10 = 4.249265e-02
vr1a = 8.041346e-01
vr1b = 7.619098e-01
vr10a = 8.511511e-01
vr10b = 8.086584e-01
Reset re-loads circuit * tb_pnp_mismatch.spice -- sky130 substrate-pnp local-mismatch monte carlo

Circuit: * tb_pnp_mismatch.spice -- sky130 substrate-pnp local-mismatch monte carlo

option SCALE: Scale is set to 1e-06 for instance and model parameters
option SCALE: Scale is set to 1e-06 for instance and model parameters
option SCALE: Scale is set to 1e-06 for instance and model parameters
option SCALE: Scale is set to 1e-06 for instance and model parameters
Doing analysis at TEMP = -40.000000 and TNOM = 27.000000

Using KLU as Direct Linear Solver

No. of Data Rows : 1
da1 = 8.707963e-05
da10 = 2.158290e-04
dr1 = 4.230946e-02
dr10 = 4.254062e-02
vr1a = 8.041799e-01
vr1b = 7.618704e-01
vr10a = 8.512797e-01
vr10b = 8.087390e-01
Reset re-loads circuit * tb_pnp_mismatch.spice -- sky130 substrate-pnp local-mismatch monte carlo

Circuit: * tb_pnp_mismatch.spice -- sky130 substrate-pnp local-mismatch monte carlo

option SCALE: Scale is set to 1e-06 for instance and model parameters
option SCALE: Scale is set to 1e-06 for instance and model parameters
option SCALE: Scale is set to 1e-06 for instance and model parameters
option SCALE: Scale is set to 1e-06 for instance and model parameters
Doing analysis at TEMP = -40.000000 and TNOM = 27.000000

Using KLU as Direct Linear Solver

No. of Data Rows : 1
da1 = -1.64065e-04
da10 = 5.723865e-05
dr1 = 4.212335e-02
dr10 = 4.270040e-02
vr1a = 8.040443e-01
vr1b = 7.619209e-01
vr10a = 8.513872e-01
vr10b = 8.086868e-01
Reset re-loads circuit * tb_pnp_mismatch.spice -- sky130 substrate-pnp local-mismatch monte carlo

Circuit: * tb_pnp_mismatch.spice -- sky130 substrate-pnp local-mismatch monte carlo

option SCALE: Scale is set to 1e-06 for instance and model parameters
option SCALE: Scale is set to 1e-06 for instance and model parameters
option SCALE: Scale is set to 1e-06 for instance and model parameters
option SCALE: Scale is set to 1e-06 for instance and model parameters
Doing analysis at TEMP = -40.000000 and TNOM = 27.000000

Using KLU as Direct Linear Solver

No. of Data Rows : 1
da1 = 5.641070e-06
da10 = 4.063837e-05
dr1 = 4.229877e-02
dr10 = 4.262396e-02
vr1a = 8.041647e-01
vr1b = 7.618659e-01
vr10a = 8.512241e-01
vr10b = 8.086002e-01
Reset re-loads circuit * tb_pnp_mismatch.spice -- sky130 substrate-pnp local-mismatch monte carlo

Circuit: * tb_pnp_mismatch.spice -- sky130 substrate-pnp local-mismatch monte carlo

option SCALE: Scale is set to 1e-06 for instance and model parameters
option SCALE: Scale is set to 1e-06 for instance and model parameters
option SCALE: Scale is set to 1e-06 for instance and model parameters
option SCALE: Scale is set to 1e-06 for instance and model parameters
Doing analysis at TEMP = -40.000000 and TNOM = 27.000000

Using KLU as Direct Linear Solver

No. of Data Rows : 1
da1 = -9.55186e-05
da10 = -1.65553e-06
dr1 = 4.224624e-02
dr10 = 4.258152e-02
vr1a = 8.041372e-01
vr1b = 7.618909e-01
vr10a = 8.512309e-01
vr10b = 8.086494e-01
Reset re-loads circuit * tb_pnp_mismatch.spice -- sky130 substrate-pnp local-mismatch monte carlo

Circuit: * tb_pnp_mismatch.spice -- sky130 substrate-pnp local-mismatch monte carlo

option SCALE: Scale is set to 1e-06 for instance and model parameters
option SCALE: Scale is set to 1e-06 for instance and model parameters
option SCALE: Scale is set to 1e-06 for instance and model parameters
option SCALE: Scale is set to 1e-06 for instance and model parameters
Doing analysis at TEMP = -40.000000 and TNOM = 27.000000

Using KLU as Direct Linear Solver

No. of Data Rows : 1
da1 = 5.749560e-05
da10 = 5.409611e-05
dr1 = 4.229440e-02
dr10 = 4.247817e-02
vr1a = 8.041888e-01
vr1b = 7.618944e-01
vr10a = 8.510649e-01
vr10b = 8.085867e-01
Reset re-loads circuit * tb_pnp_mismatch.spice -- sky130 substrate-pnp local-mismatch monte carlo

Circuit: * tb_pnp_mismatch.spice -- sky130 substrate-pnp local-mismatch monte carlo

option SCALE: Scale is set to 1e-06 for instance and model parameters
option SCALE: Scale is set to 1e-06 for instance and model parameters
option SCALE: Scale is set to 1e-06 for instance and model parameters
option SCALE: Scale is set to 1e-06 for instance and model parameters
Doing analysis at TEMP = -40.000000 and TNOM = 27.000000

Using KLU as Direct Linear Solver

No. of Data Rows : 1
da1 = 1.241298e-04
da10 = -1.08649e-04
dr1 = 4.222405e-02
dr10 = 4.254465e-02
vr1a = 8.041119e-01
vr1b = 7.618879e-01
vr10a = 8.511760e-01
vr10b = 8.086313e-01
Reset re-loads circuit * tb_pnp_mismatch.spice -- sky130 substrate-pnp local-mismatch monte carlo

Circuit: * tb_pnp_mismatch.spice -- sky130 substrate-pnp local-mismatch monte carlo

option SCALE: Scale is set to 1e-06 for instance and model parameters
option SCALE: Scale is set to 1e-06 for instance and model parameters
option SCALE: Scale is set to 1e-06 for instance and model parameters
option SCALE: Scale is set to 1e-06 for instance and model parameters
Doing analysis at TEMP = -40.000000 and TNOM = 27.000000

Using KLU as Direct Linear Solver

No. of Data Rows : 1
da1 = -1.08119e-04
da10 = -7.26739e-05
dr1 = 4.218748e-02
dr10 = 4.248653e-02
vr1a = 8.039881e-01
vr1b = 7.618006e-01
vr10a = 8.511465e-01
vr10b = 8.086599e-01
Reset re-loads circuit * tb_pnp_mismatch.spice -- sky130 substrate-pnp local-mismatch monte carlo

Circuit: * tb_pnp_mismatch.spice -- sky130 substrate-pnp local-mismatch monte carlo

option SCALE: Scale is set to 1e-06 for instance and model parameters
option SCALE: Scale is set to 1e-06 for instance and model parameters
option SCALE: Scale is set to 1e-06 for instance and model parameters
option SCALE: Scale is set to 1e-06 for instance and model parameters
Doing analysis at TEMP = -40.000000 and TNOM = 27.000000

Using KLU as Direct Linear Solver

No. of Data Rows : 1
da1 = -8.48766e-05
da10 = -7.18112e-05
dr1 = 4.202793e-02
dr10 = 4.261204e-02
vr1a = 8.039109e-01
vr1b = 7.618830e-01
vr10a = 8.512623e-01
vr10b = 8.086503e-01
Reset re-loads circuit * tb_pnp_mismatch.spice -- sky130 substrate-pnp local-mismatch monte carlo

Circuit: * tb_pnp_mismatch.spice -- sky130 substrate-pnp local-mismatch monte carlo

option SCALE: Scale is set to 1e-06 for instance and model parameters
option SCALE: Scale is set to 1e-06 for instance and model parameters
option SCALE: Scale is set to 1e-06 for instance and model parameters
option SCALE: Scale is set to 1e-06 for instance and model parameters
Doing analysis at TEMP = -40.000000 and TNOM = 27.000000

Using KLU as Direct Linear Solver

No. of Data Rows : 1
da1 = 3.743677e-05
da10 = 1.082747e-04
dr1 = 4.228854e-02
dr10 = 4.248683e-02
vr1a = 8.041119e-01
vr1b = 7.618234e-01
vr10a = 8.511565e-01
vr10b = 8.086697e-01
Reset re-loads circuit * tb_pnp_mismatch.spice -- sky130 substrate-pnp local-mismatch monte carlo

Circuit: * tb_pnp_mismatch.spice -- sky130 substrate-pnp local-mismatch monte carlo

option SCALE: Scale is set to 1e-06 for instance and model parameters
option SCALE: Scale is set to 1e-06 for instance and model parameters
option SCALE: Scale is set to 1e-06 for instance and model parameters
option SCALE: Scale is set to 1e-06 for instance and model parameters
Doing analysis at TEMP = -40.000000 and TNOM = 27.000000

Using KLU as Direct Linear Solver

No. of Data Rows : 1
da1 = 5.111322e-05
da10 = -2.63908e-04
dr1 = 4.237380e-02
dr10 = 4.253349e-02
vr1a = 8.042251e-01
vr1b = 7.618513e-01
vr10a = 8.511963e-01
vr10b = 8.086628e-01
Reset re-loads circuit * tb_pnp_mismatch.spice -- sky130 substrate-pnp local-mismatch monte carlo

Circuit: * tb_pnp_mismatch.spice -- sky130 substrate-pnp local-mismatch monte carlo

option SCALE: Scale is set to 1e-06 for instance and model parameters
option SCALE: Scale is set to 1e-06 for instance and model parameters
option SCALE: Scale is set to 1e-06 for instance and model parameters
option SCALE: Scale is set to 1e-06 for instance and model parameters
Doing analysis at TEMP = -40.000000 and TNOM = 27.000000

Using KLU as Direct Linear Solver

No. of Data Rows : 1
da1 = 7.680504e-05
da10 = 3.288954e-05
dr1 = 4.208450e-02
dr10 = 4.257151e-02
vr1a = 8.039670e-01
vr1b = 7.618825e-01
vr10a = 8.512215e-01
vr10b = 8.086500e-01
Reset re-loads circuit * tb_pnp_mismatch.spice -- sky130 substrate-pnp local-mismatch monte carlo

Circuit: * tb_pnp_mismatch.spice -- sky130 substrate-pnp local-mismatch monte carlo

option SCALE: Scale is set to 1e-06 for instance and model parameters
option SCALE: Scale is set to 1e-06 for instance and model parameters
option SCALE: Scale is set to 1e-06 for instance and model parameters
option SCALE: Scale is set to 1e-06 for instance and model parameters
Doing analysis at TEMP = -40.000000 and TNOM = 27.000000

Using KLU as Direct Linear Solver

No. of Data Rows : 1
da1 = -2.04949e-04
da10 = -4.46383e-05
dr1 = 4.237872e-02
dr10 = 4.253991e-02
vr1a = 8.042147e-01
vr1b = 7.618360e-01
vr10a = 8.512082e-01
vr10b = 8.086683e-01
Reset re-loads circuit * tb_pnp_mismatch.spice -- sky130 substrate-pnp local-mismatch monte carlo

Circuit: * tb_pnp_mismatch.spice -- sky130 substrate-pnp local-mismatch monte carlo

option SCALE: Scale is set to 1e-06 for instance and model parameters
option SCALE: Scale is set to 1e-06 for instance and model parameters
option SCALE: Scale is set to 1e-06 for instance and model parameters
option SCALE: Scale is set to 1e-06 for instance and model parameters
Doing analysis at TEMP = -40.000000 and TNOM = 27.000000

Using KLU as Direct Linear Solver

No. of Data Rows : 1
da1 = -4.49577e-05
da10 = 5.882988e-05
dr1 = 4.228385e-02
dr10 = 4.241843e-02
vr1a = 8.041455e-01
vr1b = 7.618616e-01
vr10a = 8.510807e-01
vr10b = 8.086623e-01
Reset re-loads circuit * tb_pnp_mismatch.spice -- sky130 substrate-pnp local-mismatch monte carlo

Circuit: * tb_pnp_mismatch.spice -- sky130 substrate-pnp local-mismatch monte carlo

option SCALE: Scale is set to 1e-06 for instance and model parameters
option SCALE: Scale is set to 1e-06 for instance and model parameters
option SCALE: Scale is set to 1e-06 for instance and model parameters
option SCALE: Scale is set to 1e-06 for instance and model parameters
Doing analysis at TEMP = -40.000000 and TNOM = 27.000000

Using KLU as Direct Linear Solver

No. of Data Rows : 1
da1 = 1.615862e-04
da10 = -9.42745e-05
dr1 = 4.225299e-02
dr10 = 4.265551e-02
vr1a = 8.041379e-01
vr1b = 7.618849e-01
vr10a = 8.512346e-01
vr10b = 8.085791e-01
Reset re-loads circuit * tb_pnp_mismatch.spice -- sky130 substrate-pnp local-mismatch monte carlo

Circuit: * tb_pnp_mismatch.spice -- sky130 substrate-pnp local-mismatch monte carlo

option SCALE: Scale is set to 1e-06 for instance and model parameters
option SCALE: Scale is set to 1e-06 for instance and model parameters
option SCALE: Scale is set to 1e-06 for instance and model parameters
option SCALE: Scale is set to 1e-06 for instance and model parameters
Doing analysis at TEMP = -40.000000 and TNOM = 27.000000

Using KLU as Direct Linear Solver
 Reference value :  0.00000e+00
No. of Data Rows : 1
da1 = 1.130563e-04
da10 = 1.924711e-04
dr1 = 4.220936e-02
dr10 = 4.261455e-02
vr1a = 8.040948e-01
vr1b = 7.618854e-01
vr10a = 8.513070e-01
vr10b = 8.086924e-01
Reset re-loads circuit * tb_pnp_mismatch.spice -- sky130 substrate-pnp local-mismatch monte carlo

Circuit: * tb_pnp_mismatch.spice -- sky130 substrate-pnp local-mismatch monte carlo

option SCALE: Scale is set to 1e-06 for instance and model parameters
option SCALE: Scale is set to 1e-06 for instance and model parameters
option SCALE: Scale is set to 1e-06 for instance and model parameters
option SCALE: Scale is set to 1e-06 for instance and model parameters
Doing analysis at TEMP = -40.000000 and TNOM = 27.000000

Using KLU as Direct Linear Solver

No. of Data Rows : 1
da1 = 1.286295e-04
da10 = -9.93797e-05
dr1 = 4.238398e-02
dr10 = 4.265864e-02
vr1a = 8.042395e-01
vr1b = 7.618555e-01
vr10a = 8.512512e-01
vr10b = 8.085926e-01
Reset re-loads circuit * tb_pnp_mismatch.spice -- sky130 substrate-pnp local-mismatch monte carlo

Circuit: * tb_pnp_mismatch.spice -- sky130 substrate-pnp local-mismatch monte carlo

option SCALE: Scale is set to 1e-06 for instance and model parameters
option SCALE: Scale is set to 1e-06 for instance and model parameters
option SCALE: Scale is set to 1e-06 for instance and model parameters
option SCALE: Scale is set to 1e-06 for instance and model parameters
Doing analysis at TEMP = -40.000000 and TNOM = 27.000000

Using KLU as Direct Linear Solver

No. of Data Rows : 1
da1 = -6.62072e-05
da10 = -1.26815e-04
dr1 = 4.226478e-02
dr10 = 4.260037e-02
vr1a = 8.041265e-01
vr1b = 7.618617e-01
vr10a = 8.512432e-01
vr10b = 8.086428e-01
Reset re-loads circuit * tb_pnp_mismatch.spice -- sky130 substrate-pnp local-mismatch monte carlo

Circuit: * tb_pnp_mismatch.spice -- sky130 substrate-pnp local-mismatch monte carlo

option SCALE: Scale is set to 1e-06 for instance and model parameters
option SCALE: Scale is set to 1e-06 for instance and model parameters
option SCALE: Scale is set to 1e-06 for instance and model parameters
option SCALE: Scale is set to 1e-06 for instance and model parameters
Doing analysis at TEMP = -40.000000 and TNOM = 27.000000

Using KLU as Direct Linear Solver

No. of Data Rows : 1
da1 = -5.71798e-05
da10 = 9.159598e-05
dr1 = 4.226423e-02
dr10 = 4.271760e-02
vr1a = 8.041182e-01
vr1b = 7.618540e-01
vr10a = 8.513262e-01
vr10b = 8.086086e-01
Reset re-loads circuit * tb_pnp_mismatch.spice -- sky130 substrate-pnp local-mismatch monte carlo

Circuit: * tb_pnp_mismatch.spice -- sky130 substrate-pnp local-mismatch monte carlo

option SCALE: Scale is set to 1e-06 for instance and model parameters
option SCALE: Scale is set to 1e-06 for instance and model parameters
option SCALE: Scale is set to 1e-06 for instance and model parameters
option SCALE: Scale is set to 1e-06 for instance and model parameters
Doing analysis at TEMP = -40.000000 and TNOM = 27.000000

Using KLU as Direct Linear Solver

No. of Data Rows : 1
da1 = -8.67866e-06
da10 = 1.367323e-04
dr1 = 4.214618e-02
dr10 = 4.249665e-02
vr1a = 8.040764e-01
vr1b = 7.619303e-01
vr10a = 8.511662e-01
vr10b = 8.086695e-01
Reset re-loads circuit * tb_pnp_mismatch.spice -- sky130 substrate-pnp local-mismatch monte carlo

Circuit: * tb_pnp_mismatch.spice -- sky130 substrate-pnp local-mismatch monte carlo

option SCALE: Scale is set to 1e-06 for instance and model parameters
option SCALE: Scale is set to 1e-06 for instance and model parameters
option SCALE: Scale is set to 1e-06 for instance and model parameters
option SCALE: Scale is set to 1e-06 for instance and model parameters
Doing analysis at TEMP = -40.000000 and TNOM = 27.000000

Using KLU as Direct Linear Solver

No. of Data Rows : 1
da1 = 2.658303e-05
da10 = -4.34383e-05
dr1 = 4.212437e-02
dr10 = 4.247291e-02
vr1a = 8.040042e-01
vr1b = 7.618798e-01
vr10a = 8.511048e-01
vr10b = 8.086319e-01
Reset re-loads circuit * tb_pnp_mismatch.spice -- sky130 substrate-pnp local-mismatch monte carlo

Circuit: * tb_pnp_mismatch.spice -- sky130 substrate-pnp local-mismatch monte carlo

option SCALE: Scale is set to 1e-06 for instance and model parameters
option SCALE: Scale is set to 1e-06 for instance and model parameters
option SCALE: Scale is set to 1e-06 for instance and model parameters
option SCALE: Scale is set to 1e-06 for instance and model parameters
Doing analysis at TEMP = -40.000000 and TNOM = 27.000000

Using KLU as Direct Linear Solver

No. of Data Rows : 1
da1 = -5.63298e-05
da10 = 1.419266e-04
dr1 = 4.217670e-02
dr10 = 4.260264e-02
vr1a = 8.040629e-01
vr1b = 7.618862e-01
vr10a = 8.512558e-01
vr10b = 8.086532e-01
Reset re-loads circuit * tb_pnp_mismatch.spice -- sky130 substrate-pnp local-mismatch monte carlo

Circuit: * tb_pnp_mismatch.spice -- sky130 substrate-pnp local-mismatch monte carlo

option SCALE: Scale is set to 1e-06 for instance and model parameters
option SCALE: Scale is set to 1e-06 for instance and model parameters
option SCALE: Scale is set to 1e-06 for instance and model parameters
option SCALE: Scale is set to 1e-06 for instance and model parameters
Doing analysis at TEMP = -40.000000 and TNOM = 27.000000

Using KLU as Direct Linear Solver

No. of Data Rows : 1
da1 = 8.888731e-05
da10 = 1.881969e-04
dr1 = 4.233736e-02
dr10 = 4.240893e-02
vr1a = 8.042126e-01
vr1b = 7.618753e-01
vr10a = 8.511336e-01
vr10b = 8.087247e-01
Reset re-loads circuit * tb_pnp_mismatch.spice -- sky130 substrate-pnp local-mismatch monte carlo

Circuit: * tb_pnp_mismatch.spice -- sky130 substrate-pnp local-mismatch monte carlo

option SCALE: Scale is set to 1e-06 for instance and model parameters
option SCALE: Scale is set to 1e-06 for instance and model parameters
option SCALE: Scale is set to 1e-06 for instance and model parameters
option SCALE: Scale is set to 1e-06 for instance and model parameters
Doing analysis at TEMP = -40.000000 and TNOM = 27.000000

Using KLU as Direct Linear Solver

No. of Data Rows : 1
da1 = 6.900439e-05
da10 = 9.685016e-05
dr1 = 4.230092e-02
dr10 = 4.254725e-02
vr1a = 8.041966e-01
vr1b = 7.618957e-01
vr10a = 8.512218e-01
vr10b = 8.086746e-01
Reset re-loads circuit * tb_pnp_mismatch.spice -- sky130 substrate-pnp local-mismatch monte carlo

Circuit: * tb_pnp_mismatch.spice -- sky130 substrate-pnp local-mismatch monte carlo

option SCALE: Scale is set to 1e-06 for instance and model parameters
option SCALE: Scale is set to 1e-06 for instance and model parameters
option SCALE: Scale is set to 1e-06 for instance and model parameters
option SCALE: Scale is set to 1e-06 for instance and model parameters
Doing analysis at TEMP = -40.000000 and TNOM = 27.000000

Using KLU as Direct Linear Solver

No. of Data Rows : 1
da1 = -1.18387e-04
da10 = 1.136364e-04
dr1 = 4.219150e-02
dr10 = 4.256620e-02
vr1a = 8.040144e-01
vr1b = 7.618229e-01
vr10a = 8.512155e-01
vr10b = 8.086493e-01
Reset re-loads circuit * tb_pnp_mismatch.spice -- sky130 substrate-pnp local-mismatch monte carlo

Circuit: * tb_pnp_mismatch.spice -- sky130 substrate-pnp local-mismatch monte carlo

option SCALE: Scale is set to 1e-06 for instance and model parameters
option SCALE: Scale is set to 1e-06 for instance and model parameters
option SCALE: Scale is set to 1e-06 for instance and model parameters
option SCALE: Scale is set to 1e-06 for instance and model parameters
Doing analysis at TEMP = -40.000000 and TNOM = 27.000000

Using KLU as Direct Linear Solver

No. of Data Rows : 1
da1 = 2.277280e-05
da10 = -7.86602e-05
dr1 = 4.234131e-02
dr10 = 4.257864e-02
vr1a = 8.042694e-01
vr1b = 7.619281e-01
vr10a = 8.512376e-01
vr10b = 8.086589e-01
Reset re-loads circuit * tb_pnp_mismatch.spice -- sky130 substrate-pnp local-mismatch monte carlo

Circuit: * tb_pnp_mismatch.spice -- sky130 substrate-pnp local-mismatch monte carlo

option SCALE: Scale is set to 1e-06 for instance and model parameters
option SCALE: Scale is set to 1e-06 for instance and model parameters
option SCALE: Scale is set to 1e-06 for instance and model parameters
option SCALE: Scale is set to 1e-06 for instance and model parameters
Doing analysis at TEMP = -40.000000 and TNOM = 27.000000

Using KLU as Direct Linear Solver

No. of Data Rows : 1
da1 = 2.476775e-05
da10 = 9.227255e-05
dr1 = 4.225713e-02
dr10 = 4.246995e-02
vr1a = 8.041677e-01
vr1b = 7.619105e-01
vr10a = 8.511506e-01
vr10b = 8.086806e-01
Reset re-loads circuit * tb_pnp_mismatch.spice -- sky130 substrate-pnp local-mismatch monte carlo

Circuit: * tb_pnp_mismatch.spice -- sky130 substrate-pnp local-mismatch monte carlo

option SCALE: Scale is set to 1e-06 for instance and model parameters
option SCALE: Scale is set to 1e-06 for instance and model parameters
option SCALE: Scale is set to 1e-06 for instance and model parameters
option SCALE: Scale is set to 1e-06 for instance and model parameters
Doing analysis at TEMP = -40.000000 and TNOM = 27.000000

Using KLU as Direct Linear Solver

No. of Data Rows : 1
da1 = -2.00339e-04
da10 = 2.321954e-05
dr1 = 4.226407e-02
dr10 = 4.240198e-02
vr1a = 8.041324e-01
vr1b = 7.618683e-01
vr10a = 8.511216e-01
vr10b = 8.087196e-01
Reset re-loads circuit * tb_pnp_mismatch.spice -- sky130 substrate-pnp local-mismatch monte carlo

Circuit: * tb_pnp_mismatch.spice -- sky130 substrate-pnp local-mismatch monte carlo

option SCALE: Scale is set to 1e-06 for instance and model parameters
option SCALE: Scale is set to 1e-06 for instance and model parameters
option SCALE: Scale is set to 1e-06 for instance and model parameters
option SCALE: Scale is set to 1e-06 for instance and model parameters
Doing analysis at TEMP = -40.000000 and TNOM = 27.000000

Using KLU as Direct Linear Solver

No. of Data Rows : 1
da1 = -3.56232e-05
da10 = -1.16824e-05
dr1 = 4.217828e-02
dr10 = 4.241122e-02
vr1a = 8.040148e-01
vr1b = 7.618365e-01
vr10a = 8.510729e-01
vr10b = 8.086617e-01
Reset re-loads circuit * tb_pnp_mismatch.spice -- sky130 substrate-pnp local-mismatch monte carlo

Circuit: * tb_pnp_mismatch.spice -- sky130 substrate-pnp local-mismatch monte carlo

option SCALE: Scale is set to 1e-06 for instance and model parameters
option SCALE: Scale is set to 1e-06 for instance and model parameters
option SCALE: Scale is set to 1e-06 for instance and model parameters
option SCALE: Scale is set to 1e-06 for instance and model parameters
Doing analysis at TEMP = -40.000000 and TNOM = 27.000000

Using KLU as Direct Linear Solver

No. of Data Rows : 1
da1 = 2.608046e-04
da10 = -5.47373e-05
dr1 = 4.253313e-02
dr10 = 4.249708e-02
vr1a = 8.044046e-01
vr1b = 7.618715e-01
vr10a = 8.511231e-01
vr10b = 8.086260e-01
Reset re-loads circuit * tb_pnp_mismatch.spice -- sky130 substrate-pnp local-mismatch monte carlo

Circuit: * tb_pnp_mismatch.spice -- sky130 substrate-pnp local-mismatch monte carlo

option SCALE: Scale is set to 1e-06 for instance and model parameters
option SCALE: Scale is set to 1e-06 for instance and model parameters
option SCALE: Scale is set to 1e-06 for instance and model parameters
option SCALE: Scale is set to 1e-06 for instance and model parameters
Doing analysis at TEMP = -40.000000 and TNOM = 27.000000

Using KLU as Direct Linear Solver

No. of Data Rows : 1
da1 = 3.223759e-05
da10 = -1.59021e-04
dr1 = 4.224776e-02
dr10 = 4.251006e-02
vr1a = 8.041421e-01
vr1b = 7.618944e-01
vr10a = 8.511992e-01
vr10b = 8.086892e-01
Reset re-loads circuit * tb_pnp_mismatch.spice -- sky130 substrate-pnp local-mismatch monte carlo

Circuit: * tb_pnp_mismatch.spice -- sky130 substrate-pnp local-mismatch monte carlo

option SCALE: Scale is set to 1e-06 for instance and model parameters
option SCALE: Scale is set to 1e-06 for instance and model parameters
option SCALE: Scale is set to 1e-06 for instance and model parameters
option SCALE: Scale is set to 1e-06 for instance and model parameters
Doing analysis at TEMP = -40.000000 and TNOM = 27.000000

Using KLU as Direct Linear Solver

No. of Data Rows : 1
da1 = -4.79776e-05
da10 = -3.18790e-05
dr1 = 4.228982e-02
dr10 = 4.258454e-02
vr1a = 8.041107e-01
vr1b = 7.618209e-01
vr10a = 8.513150e-01
vr10b = 8.087305e-01
Reset re-loads circuit * tb_pnp_mismatch.spice -- sky130 substrate-pnp local-mismatch monte carlo

Circuit: * tb_pnp_mismatch.spice -- sky130 substrate-pnp local-mismatch monte carlo

option SCALE: Scale is set to 1e-06 for instance and model parameters
option SCALE: Scale is set to 1e-06 for instance and model parameters
option SCALE: Scale is set to 1e-06 for instance and model parameters
option SCALE: Scale is set to 1e-06 for instance and model parameters
Doing analysis at TEMP = -40.000000 and TNOM = 27.000000

Using KLU as Direct Linear Solver

No. of Data Rows : 1
da1 = -1.30163e-05
da10 = -4.64014e-06
dr1 = 4.227987e-02
dr10 = 4.266996e-02
vr1a = 8.041075e-01
vr1b = 7.618276e-01
vr10a = 8.513158e-01
vr10b = 8.086459e-01
Reset re-loads circuit * tb_pnp_mismatch.spice -- sky130 substrate-pnp local-mismatch monte carlo

Circuit: * tb_pnp_mismatch.spice -- sky130 substrate-pnp local-mismatch monte carlo

option SCALE: Scale is set to 1e-06 for instance and model parameters
option SCALE: Scale is set to 1e-06 for instance and model parameters
option SCALE: Scale is set to 1e-06 for instance and model parameters
option SCALE: Scale is set to 1e-06 for instance and model parameters
Doing analysis at TEMP = -40.000000 and TNOM = 27.000000

Using KLU as Direct Linear Solver

No. of Data Rows : 1
da1 = -3.45832e-06
da10 = 7.917567e-05
dr1 = 4.237427e-02
dr10 = 4.269785e-02
vr1a = 8.042064e-01
vr1b = 7.618321e-01
vr10a = 8.513835e-01
vr10b = 8.086856e-01
Reset re-loads circuit * tb_pnp_mismatch.spice -- sky130 substrate-pnp local-mismatch monte carlo

Circuit: * tb_pnp_mismatch.spice -- sky130 substrate-pnp local-mismatch monte carlo

option SCALE: Scale is set to 1e-06 for instance and model parameters
option SCALE: Scale is set to 1e-06 for instance and model parameters
option SCALE: Scale is set to 1e-06 for instance and model parameters
option SCALE: Scale is set to 1e-06 for instance and model parameters
Doing analysis at TEMP = -40.000000 and TNOM = 27.000000

Using KLU as Direct Linear Solver

No. of Data Rows : 1
da1 = 1.669516e-04
da10 = -2.01538e-04
dr1 = 4.216869e-02
dr10 = 4.264080e-02
vr1a = 8.040624e-01
vr1b = 7.618937e-01
vr10a = 8.512895e-01
vr10b = 8.086487e-01
Reset re-loads circuit * tb_pnp_mismatch.spice -- sky130 substrate-pnp local-mismatch monte carlo

Circuit: * tb_pnp_mismatch.spice -- sky130 substrate-pnp local-mismatch monte carlo

option SCALE: Scale is set to 1e-06 for instance and model parameters
option SCALE: Scale is set to 1e-06 for instance and model parameters
option SCALE: Scale is set to 1e-06 for instance and model parameters
option SCALE: Scale is set to 1e-06 for instance and model parameters
Doing analysis at TEMP = -40.000000 and TNOM = 27.000000

Using KLU as Direct Linear Solver

No. of Data Rows : 1
da1 = 7.849079e-05
da10 = 3.345844e-05
dr1 = 4.224476e-02
dr10 = 4.248047e-02
vr1a = 8.041245e-01
vr1b = 7.618798e-01
vr10a = 8.511429e-01
vr10b = 8.086624e-01
Reset re-loads circuit * tb_pnp_mismatch.spice -- sky130 substrate-pnp local-mismatch monte carlo

Circuit: * tb_pnp_mismatch.spice -- sky130 substrate-pnp local-mismatch monte carlo

option SCALE: Scale is set to 1e-06 for instance and model parameters
option SCALE: Scale is set to 1e-06 for instance and model parameters
option SCALE: Scale is set to 1e-06 for instance and model parameters
option SCALE: Scale is set to 1e-06 for instance and model parameters
Doing analysis at TEMP = -40.000000 and TNOM = 27.000000

Using KLU as Direct Linear Solver

No. of Data Rows : 1
da1 = 7.857674e-05
da10 = -1.31157e-04
dr1 = 4.214468e-02
dr10 = 4.257531e-02
vr1a = 8.040323e-01
vr1b = 7.618876e-01
vr10a = 8.512457e-01
vr10b = 8.086704e-01
Reset re-loads circuit * tb_pnp_mismatch.spice -- sky130 substrate-pnp local-mismatch monte carlo

Circuit: * tb_pnp_mismatch.spice -- sky130 substrate-pnp local-mismatch monte carlo

option SCALE: Scale is set to 1e-06 for instance and model parameters
option SCALE: Scale is set to 1e-06 for instance and model parameters
option SCALE: Scale is set to 1e-06 for instance and model parameters
option SCALE: Scale is set to 1e-06 for instance and model parameters
Doing analysis at TEMP = -40.000000 and TNOM = 27.000000

Using KLU as Direct Linear Solver

No. of Data Rows : 1
da1 = 1.467967e-04
da10 = -1.91717e-04
dr1 = 4.236784e-02
dr10 = 4.246947e-02
vr1a = 8.041952e-01
vr1b = 7.618273e-01
vr10a = 8.511312e-01
vr10b = 8.086618e-01
Reset re-loads circuit * tb_pnp_mismatch.spice -- sky130 substrate-pnp local-mismatch monte carlo

Circuit: * tb_pnp_mismatch.spice -- sky130 substrate-pnp local-mismatch monte carlo

option SCALE: Scale is set to 1e-06 for instance and model parameters
option SCALE: Scale is set to 1e-06 for instance and model parameters
option SCALE: Scale is set to 1e-06 for instance and model parameters
option SCALE: Scale is set to 1e-06 for instance and model parameters
Doing analysis at TEMP = -40.000000 and TNOM = 27.000000

Using KLU as Direct Linear Solver

No. of Data Rows : 1
da1 = 1.068668e-04
da10 = 3.925274e-05
dr1 = 4.213612e-02
dr10 = 4.270019e-02
vr1a = 8.040551e-01
vr1b = 7.619190e-01
vr10a = 8.513118e-01
vr10b = 8.086116e-01
Reset re-loads circuit * tb_pnp_mismatch.spice -- sky130 substrate-pnp local-mismatch monte carlo

Circuit: * tb_pnp_mismatch.spice -- sky130 substrate-pnp local-mismatch monte carlo

option SCALE: Scale is set to 1e-06 for instance and model parameters
option SCALE: Scale is set to 1e-06 for instance and model parameters
option SCALE: Scale is set to 1e-06 for instance and model parameters
option SCALE: Scale is set to 1e-06 for instance and model parameters
Doing analysis at TEMP = -40.000000 and TNOM = 27.000000

Using KLU as Direct Linear Solver

No. of Data Rows : 1
da1 = -2.02426e-04
da10 = 2.608250e-04
dr1 = 4.218118e-02
dr10 = 4.256344e-02
vr1a = 8.041169e-01
vr1b = 7.619357e-01
vr10a = 8.512141e-01
vr10b = 8.086506e-01
Reset re-loads circuit * tb_pnp_mismatch.spice -- sky130 substrate-pnp local-mismatch monte carlo

Circuit: * tb_pnp_mismatch.spice -- sky130 substrate-pnp local-mismatch monte carlo

option SCALE: Scale is set to 1e-06 for instance and model parameters
option SCALE: Scale is set to 1e-06 for instance and model parameters
option SCALE: Scale is set to 1e-06 for instance and model parameters
option SCALE: Scale is set to 1e-06 for instance and model parameters
Doing analysis at TEMP = -40.000000 and TNOM = 27.000000

Using KLU as Direct Linear Solver

No. of Data Rows : 1
da1 = 1.803597e-05
da10 = -1.41937e-04
dr1 = 4.227441e-02
dr10 = 4.253833e-02
vr1a = 8.041359e-01
vr1b = 7.618615e-01
vr10a = 8.511885e-01
vr10b = 8.086502e-01
Reset re-loads circuit * tb_pnp_mismatch.spice -- sky130 substrate-pnp local-mismatch monte carlo

Circuit: * tb_pnp_mismatch.spice -- sky130 substrate-pnp local-mismatch monte carlo

option SCALE: Scale is set to 1e-06 for instance and model parameters
option SCALE: Scale is set to 1e-06 for instance and model parameters
option SCALE: Scale is set to 1e-06 for instance and model parameters
option SCALE: Scale is set to 1e-06 for instance and model parameters
Doing analysis at TEMP = -40.000000 and TNOM = 27.000000

Using KLU as Direct Linear Solver

No. of Data Rows : 1
da1 = -1.31035e-04
da10 = 1.877371e-04
dr1 = 4.214156e-02
dr10 = 4.253333e-02
vr1a = 8.040086e-01
vr1b = 7.618670e-01
vr10a = 8.511908e-01
vr10b = 8.086575e-01
Reset re-loads circuit * tb_pnp_mismatch.spice -- sky130 substrate-pnp local-mismatch monte carlo

Circuit: * tb_pnp_mismatch.spice -- sky130 substrate-pnp local-mismatch monte carlo

option SCALE: Scale is set to 1e-06 for instance and model parameters
option SCALE: Scale is set to 1e-06 for instance and model parameters
option SCALE: Scale is set to 1e-06 for instance and model parameters
option SCALE: Scale is set to 1e-06 for instance and model parameters
Doing analysis at TEMP = -40.000000 and TNOM = 27.000000

Using KLU as Direct Linear Solver

No. of Data Rows : 1
da1 = -5.03794e-05
da10 = -2.87186e-04
dr1 = 4.218940e-02
dr10 = 4.259598e-02
vr1a = 8.040369e-01
vr1b = 7.618475e-01
vr10a = 8.512384e-01
vr10b = 8.086424e-01
Reset re-loads circuit * tb_pnp_mismatch.spice -- sky130 substrate-pnp local-mismatch monte carlo

Circuit: * tb_pnp_mismatch.spice -- sky130 substrate-pnp local-mismatch monte carlo

option SCALE: Scale is set to 1e-06 for instance and model parameters
option SCALE: Scale is set to 1e-06 for instance and model parameters
option SCALE: Scale is set to 1e-06 for instance and model parameters
option SCALE: Scale is set to 1e-06 for instance and model parameters
Doing analysis at TEMP = -40.000000 and TNOM = 27.000000

Using KLU as Direct Linear Solver

No. of Data Rows : 1
da1 = 8.492502e-05
da10 = -7.90095e-05
dr1 = 4.222919e-02
dr10 = 4.247519e-02
vr1a = 8.041407e-01
vr1b = 7.619115e-01
vr10a = 8.511195e-01
vr10b = 8.086443e-01
Reset re-loads circuit * tb_pnp_mismatch.spice -- sky130 substrate-pnp local-mismatch monte carlo

Circuit: * tb_pnp_mismatch.spice -- sky130 substrate-pnp local-mismatch monte carlo

option SCALE: Scale is set to 1e-06 for instance and model parameters
option SCALE: Scale is set to 1e-06 for instance and model parameters
option SCALE: Scale is set to 1e-06 for instance and model parameters
option SCALE: Scale is set to 1e-06 for instance and model parameters
Doing analysis at TEMP = -40.000000 and TNOM = 27.000000

Using KLU as Direct Linear Solver

No. of Data Rows : 1
da1 = -1.22455e-04
da10 = -8.67459e-05
dr1 = 4.209172e-02
dr10 = 4.264661e-02
vr1a = 8.039816e-01
vr1b = 7.618898e-01
vr10a = 8.513120e-01
vr10b = 8.086654e-01
Reset re-loads circuit * tb_pnp_mismatch.spice -- sky130 substrate-pnp local-mismatch monte carlo

Circuit: * tb_pnp_mismatch.spice -- sky130 substrate-pnp local-mismatch monte carlo

option SCALE: Scale is set to 1e-06 for instance and model parameters
option SCALE: Scale is set to 1e-06 for instance and model parameters
option SCALE: Scale is set to 1e-06 for instance and model parameters
option SCALE: Scale is set to 1e-06 for instance and model parameters
Doing analysis at TEMP = -40.000000 and TNOM = 27.000000

Using KLU as Direct Linear Solver

No. of Data Rows : 1
da1 = -2.16915e-04
da10 = -1.88339e-04
dr1 = 4.224671e-02
dr10 = 4.250400e-02
vr1a = 8.041386e-01
vr1b = 7.618919e-01
vr10a = 8.511741e-01
vr10b = 8.086700e-01
Reset re-loads circuit * tb_pnp_mismatch.spice -- sky130 substrate-pnp local-mismatch monte carlo

Circuit: * tb_pnp_mismatch.spice -- sky130 substrate-pnp local-mismatch monte carlo

option SCALE: Scale is set to 1e-06 for instance and model parameters
option SCALE: Scale is set to 1e-06 for instance and model parameters
option SCALE: Scale is set to 1e-06 for instance and model parameters
option SCALE: Scale is set to 1e-06 for instance and model parameters
Doing analysis at TEMP = -40.000000 and TNOM = 27.000000

Using KLU as Direct Linear Solver

No. of Data Rows : 1
da1 = -1.34277e-04
da10 = -2.38173e-05
dr1 = 4.222945e-02
dr10 = 4.256524e-02
vr1a = 8.040756e-01
vr1b = 7.618462e-01
vr10a = 8.512203e-01
vr10b = 8.086550e-01
Reset re-loads circuit * tb_pnp_mismatch.spice -- sky130 substrate-pnp local-mismatch monte carlo

Circuit: * tb_pnp_mismatch.spice -- sky130 substrate-pnp local-mismatch monte carlo

option SCALE: Scale is set to 1e-06 for instance and model parameters
option SCALE: Scale is set to 1e-06 for instance and model parameters
option SCALE: Scale is set to 1e-06 for instance and model parameters
option SCALE: Scale is set to 1e-06 for instance and model parameters
Doing analysis at TEMP = -40.000000 and TNOM = 27.000000

Using KLU as Direct Linear Solver

No. of Data Rows : 1
da1 = -1.51987e-04
da10 = -1.38767e-04
dr1 = 4.231545e-02
dr10 = 4.257085e-02
vr1a = 8.041581e-01
vr1b = 7.618426e-01
vr10a = 8.512332e-01
vr10b = 8.086623e-01
Reset re-loads circuit * tb_pnp_mismatch.spice -- sky130 substrate-pnp local-mismatch monte carlo

Circuit: * tb_pnp_mismatch.spice -- sky130 substrate-pnp local-mismatch monte carlo

option SCALE: Scale is set to 1e-06 for instance and model parameters
option SCALE: Scale is set to 1e-06 for instance and model parameters
option SCALE: Scale is set to 1e-06 for instance and model parameters
option SCALE: Scale is set to 1e-06 for instance and model parameters
Doing analysis at TEMP = -40.000000 and TNOM = 27.000000

Using KLU as Direct Linear Solver

No. of Data Rows : 1
da1 = 1.102586e-04
da10 = 1.753666e-05
dr1 = 4.226509e-02
dr10 = 4.247061e-02
vr1a = 8.041719e-01
vr1b = 7.619068e-01
vr10a = 8.511642e-01
vr10b = 8.086936e-01
Reset re-loads circuit * tb_pnp_mismatch.spice -- sky130 substrate-pnp local-mismatch monte carlo

Circuit: * tb_pnp_mismatch.spice -- sky130 substrate-pnp local-mismatch monte carlo

option SCALE: Scale is set to 1e-06 for instance and model parameters
option SCALE: Scale is set to 1e-06 for instance and model parameters
option SCALE: Scale is set to 1e-06 for instance and model parameters
option SCALE: Scale is set to 1e-06 for instance and model parameters
Doing analysis at TEMP = -40.000000 and TNOM = 27.000000

Using KLU as Direct Linear Solver

No. of Data Rows : 1
da1 = -1.52503e-04
da10 = 1.042845e-04
dr1 = 4.229339e-02
dr10 = 4.253289e-02
vr1a = 8.041552e-01
vr1b = 7.618618e-01
vr10a = 8.511741e-01
vr10b = 8.086413e-01
Reset re-loads circuit * tb_pnp_mismatch.spice -- sky130 substrate-pnp local-mismatch monte carlo

Circuit: * tb_pnp_mismatch.spice -- sky130 substrate-pnp local-mismatch monte carlo

option SCALE: Scale is set to 1e-06 for instance and model parameters
option SCALE: Scale is set to 1e-06 for instance and model parameters
option SCALE: Scale is set to 1e-06 for instance and model parameters
option SCALE: Scale is set to 1e-06 for instance and model parameters
Doing analysis at TEMP = -40.000000 and TNOM = 27.000000

Using KLU as Direct Linear Solver
 Reference value :  0.00000e+00
No. of Data Rows : 1
da1 = 6.302817e-05
da10 = -1.35856e-04
dr1 = 4.220979e-02
dr10 = 4.256260e-02
vr1a = 8.040403e-01
vr1b = 7.618305e-01
vr10a = 8.511938e-01
vr10b = 8.086312e-01
Reset re-loads circuit * tb_pnp_mismatch.spice -- sky130 substrate-pnp local-mismatch monte carlo

Circuit: * tb_pnp_mismatch.spice -- sky130 substrate-pnp local-mismatch monte carlo

option SCALE: Scale is set to 1e-06 for instance and model parameters
option SCALE: Scale is set to 1e-06 for instance and model parameters
option SCALE: Scale is set to 1e-06 for instance and model parameters
option SCALE: Scale is set to 1e-06 for instance and model parameters
Doing analysis at TEMP = -40.000000 and TNOM = 27.000000

Using KLU as Direct Linear Solver

No. of Data Rows : 1
da1 = 3.061104e-05
da10 = -1.66310e-04
dr1 = 4.223229e-02
dr10 = 4.263147e-02
vr1a = 8.040862e-01
vr1b = 7.618539e-01
vr10a = 8.512471e-01
vr10b = 8.086156e-01
Reset re-loads circuit * tb_pnp_mismatch.spice -- sky130 substrate-pnp local-mismatch monte carlo

Circuit: * tb_pnp_mismatch.spice -- sky130 substrate-pnp local-mismatch monte carlo

option SCALE: Scale is set to 1e-06 for instance and model parameters
option SCALE: Scale is set to 1e-06 for instance and model parameters
option SCALE: Scale is set to 1e-06 for instance and model parameters
option SCALE: Scale is set to 1e-06 for instance and model parameters
Doing analysis at TEMP = -40.000000 and TNOM = 27.000000

Using KLU as Direct Linear Solver

No. of Data Rows : 1
da1 = -1.69293e-04
da10 = 4.005249e-05
dr1 = 4.236806e-02
dr10 = 4.242967e-02
vr1a = 8.042301e-01
vr1b = 7.618620e-01
vr10a = 8.510793e-01
vr10b = 8.086496e-01
Reset re-loads circuit * tb_pnp_mismatch.spice -- sky130 substrate-pnp local-mismatch monte carlo

Circuit: * tb_pnp_mismatch.spice -- sky130 substrate-pnp local-mismatch monte carlo

option SCALE: Scale is set to 1e-06 for instance and model parameters
option SCALE: Scale is set to 1e-06 for instance and model parameters
option SCALE: Scale is set to 1e-06 for instance and model parameters
option SCALE: Scale is set to 1e-06 for instance and model parameters
Doing analysis at TEMP = -40.000000 and TNOM = 27.000000

Using KLU as Direct Linear Solver

No. of Data Rows : 1
da1 = 2.509460e-04
da10 = 8.029130e-05
dr1 = 4.236671e-02
dr10 = 4.253321e-02
vr1a = 8.042192e-01
vr1b = 7.618525e-01
vr10a = 8.511324e-01
vr10b = 8.085992e-01
Reset re-loads circuit * tb_pnp_mismatch.spice -- sky130 substrate-pnp local-mismatch monte carlo

Circuit: * tb_pnp_mismatch.spice -- sky130 substrate-pnp local-mismatch monte carlo

option SCALE: Scale is set to 1e-06 for instance and model parameters
option SCALE: Scale is set to 1e-06 for instance and model parameters
option SCALE: Scale is set to 1e-06 for instance and model parameters
option SCALE: Scale is set to 1e-06 for instance and model parameters
Doing analysis at TEMP = -40.000000 and TNOM = 27.000000

Using KLU as Direct Linear Solver

No. of Data Rows : 1
da1 = 1.186744e-05
da10 = 2.372721e-04
dr1 = 4.231699e-02
dr10 = 4.245137e-02
vr1a = 8.041399e-01
vr1b = 7.618230e-01
vr10a = 8.510783e-01
vr10b = 8.086270e-01
Reset re-loads circuit * tb_pnp_mismatch.spice -- sky130 substrate-pnp local-mismatch monte carlo

Circuit: * tb_pnp_mismatch.spice -- sky130 substrate-pnp local-mismatch monte carlo

option SCALE: Scale is set to 1e-06 for instance and model parameters
option SCALE: Scale is set to 1e-06 for instance and model parameters
option SCALE: Scale is set to 1e-06 for instance and model parameters
option SCALE: Scale is set to 1e-06 for instance and model parameters
Doing analysis at TEMP = -40.000000 and TNOM = 27.000000

Using KLU as Direct Linear Solver

No. of Data Rows : 1
da1 = 2.414644e-04
da10 = 1.829850e-04
dr1 = 4.241687e-02
dr10 = 4.244672e-02
vr1a = 8.043008e-01
vr1b = 7.618839e-01
vr10a = 8.511193e-01
vr10b = 8.086726e-01
Reset re-loads circuit * tb_pnp_mismatch.spice -- sky130 substrate-pnp local-mismatch monte carlo

Circuit: * tb_pnp_mismatch.spice -- sky130 substrate-pnp local-mismatch monte carlo

option SCALE: Scale is set to 1e-06 for instance and model parameters
option SCALE: Scale is set to 1e-06 for instance and model parameters
option SCALE: Scale is set to 1e-06 for instance and model parameters
option SCALE: Scale is set to 1e-06 for instance and model parameters
Doing analysis at TEMP = -40.000000 and TNOM = 27.000000

Using KLU as Direct Linear Solver

No. of Data Rows : 1
da1 = -1.04879e-04
da10 = 5.478315e-05
dr1 = 4.218805e-02
dr10 = 4.259230e-02
vr1a = 8.040452e-01
vr1b = 7.618571e-01
vr10a = 8.512374e-01
vr10b = 8.086451e-01
Reset re-loads circuit * tb_pnp_mismatch.spice -- sky130 substrate-pnp local-mismatch monte carlo

Circuit: * tb_pnp_mismatch.spice -- sky130 substrate-pnp local-mismatch monte carlo

option SCALE: Scale is set to 1e-06 for instance and model parameters
option SCALE: Scale is set to 1e-06 for instance and model parameters
option SCALE: Scale is set to 1e-06 for instance and model parameters
option SCALE: Scale is set to 1e-06 for instance and model parameters
Doing analysis at TEMP = -40.000000 and TNOM = 27.000000

Using KLU as Direct Linear Solver

No. of Data Rows : 1
da1 = 9.002460e-05
da10 = 1.441591e-04
dr1 = 4.236928e-02
dr10 = 4.251754e-02
vr1a = 8.042613e-01
vr1b = 7.618920e-01
vr10a = 8.512035e-01
vr10b = 8.086860e-01
Reset re-loads circuit * tb_pnp_mismatch.spice -- sky130 substrate-pnp local-mismatch monte carlo

Circuit: * tb_pnp_mismatch.spice -- sky130 substrate-pnp local-mismatch monte carlo

option SCALE: Scale is set to 1e-06 for instance and model parameters
option SCALE: Scale is set to 1e-06 for instance and model parameters
option SCALE: Scale is set to 1e-06 for instance and model parameters
option SCALE: Scale is set to 1e-06 for instance and model parameters
Doing analysis at TEMP = -40.000000 and TNOM = 27.000000

Using KLU as Direct Linear Solver

No. of Data Rows : 1
da1 = -1.10075e-04
da10 = 3.979343e-05
dr1 = 4.230622e-02
dr10 = 4.250354e-02
vr1a = 8.041514e-01
vr1b = 7.618452e-01
vr10a = 8.511567e-01
vr10b = 8.086532e-01
Reset re-loads circuit * tb_pnp_mismatch.spice -- sky130 substrate-pnp local-mismatch monte carlo

Circuit: * tb_pnp_mismatch.spice -- sky130 substrate-pnp local-mismatch monte carlo

option SCALE: Scale is set to 1e-06 for instance and model parameters
option SCALE: Scale is set to 1e-06 for instance and model parameters
option SCALE: Scale is set to 1e-06 for instance and model parameters
option SCALE: Scale is set to 1e-06 for instance and model parameters
Doing analysis at TEMP = -40.000000 and TNOM = 27.000000

Using KLU as Direct Linear Solver

No. of Data Rows : 1
da1 = -1.79268e-05
da10 = -1.85023e-04
dr1 = 4.221260e-02
dr10 = 4.262551e-02
vr1a = 8.040953e-01
vr1b = 7.618827e-01
vr10a = 8.512773e-01
vr10b = 8.086518e-01
Reset re-loads circuit * tb_pnp_mismatch.spice -- sky130 substrate-pnp local-mismatch monte carlo

Circuit: * tb_pnp_mismatch.spice -- sky130 substrate-pnp local-mismatch monte carlo

option SCALE: Scale is set to 1e-06 for instance and model parameters
option SCALE: Scale is set to 1e-06 for instance and model parameters
option SCALE: Scale is set to 1e-06 for instance and model parameters
option SCALE: Scale is set to 1e-06 for instance and model parameters
Doing analysis at TEMP = -40.000000 and TNOM = 27.000000

Using KLU as Direct Linear Solver

No. of Data Rows : 1
da1 = -2.70021e-05
da10 = -7.85344e-05
dr1 = 4.230719e-02
dr10 = 4.265229e-02
vr1a = 8.042381e-01
vr1b = 7.619309e-01
vr10a = 8.512829e-01
vr10b = 8.086306e-01
Reset re-loads circuit * tb_pnp_mismatch.spice -- sky130 substrate-pnp local-mismatch monte carlo

Circuit: * tb_pnp_mismatch.spice -- sky130 substrate-pnp local-mismatch monte carlo

option SCALE: Scale is set to 1e-06 for instance and model parameters
option SCALE: Scale is set to 1e-06 for instance and model parameters
option SCALE: Scale is set to 1e-06 for instance and model parameters
option SCALE: Scale is set to 1e-06 for instance and model parameters
Doing analysis at TEMP = -40.000000 and TNOM = 27.000000

Using KLU as Direct Linear Solver

No. of Data Rows : 1
da1 = 6.910668e-05
da10 = 5.616388e-05
dr1 = 4.202813e-02
dr10 = 4.263765e-02
vr1a = 8.039309e-01
vr1b = 7.619028e-01
vr10a = 8.512885e-01
vr10b = 8.086508e-01
Reset re-loads circuit * tb_pnp_mismatch.spice -- sky130 substrate-pnp local-mismatch monte carlo

Circuit: * tb_pnp_mismatch.spice -- sky130 substrate-pnp local-mismatch monte carlo

option SCALE: Scale is set to 1e-06 for instance and model parameters
option SCALE: Scale is set to 1e-06 for instance and model parameters
option SCALE: Scale is set to 1e-06 for instance and model parameters
option SCALE: Scale is set to 1e-06 for instance and model parameters
Doing analysis at TEMP = -40.000000 and TNOM = 27.000000

Using KLU as Direct Linear Solver

No. of Data Rows : 1
da1 = -5.52478e-05
da10 = 1.599625e-04
dr1 = 4.207075e-02
dr10 = 4.254783e-02
vr1a = 8.038863e-01
vr1b = 7.618156e-01
vr10a = 8.512340e-01
vr10b = 8.086861e-01
Reset re-loads circuit * tb_pnp_mismatch.spice -- sky130 substrate-pnp local-mismatch monte carlo

Circuit: * tb_pnp_mismatch.spice -- sky130 substrate-pnp local-mismatch monte carlo

option SCALE: Scale is set to 1e-06 for instance and model parameters
option SCALE: Scale is set to 1e-06 for instance and model parameters
option SCALE: Scale is set to 1e-06 for instance and model parameters
option SCALE: Scale is set to 1e-06 for instance and model parameters
Doing analysis at TEMP = -40.000000 and TNOM = 27.000000

Using KLU as Direct Linear Solver

No. of Data Rows : 1
da1 = 1.072159e-04
da10 = 1.080429e-05
dr1 = 4.236236e-02
dr10 = 4.253637e-02
vr1a = 8.041741e-01
vr1b = 7.618117e-01
vr10a = 8.511632e-01
vr10b = 8.086268e-01
Reset re-loads circuit * tb_pnp_mismatch.spice -- sky130 substrate-pnp local-mismatch monte carlo

Circuit: * tb_pnp_mismatch.spice -- sky130 substrate-pnp local-mismatch monte carlo

option SCALE: Scale is set to 1e-06 for instance and model parameters
option SCALE: Scale is set to 1e-06 for instance and model parameters
option SCALE: Scale is set to 1e-06 for instance and model parameters
option SCALE: Scale is set to 1e-06 for instance and model parameters
Doing analysis at TEMP = -40.000000 and TNOM = 27.000000

Using KLU as Direct Linear Solver

No. of Data Rows : 1
da1 = 2.826160e-05
da10 = 3.314009e-05
dr1 = 4.205805e-02
dr10 = 4.262095e-02
vr1a = 8.039561e-01
vr1b = 7.618980e-01
vr10a = 8.512783e-01
vr10b = 8.086574e-01
Reset re-loads circuit * tb_pnp_mismatch.spice -- sky130 substrate-pnp local-mismatch monte carlo

Circuit: * tb_pnp_mismatch.spice -- sky130 substrate-pnp local-mismatch monte carlo

option SCALE: Scale is set to 1e-06 for instance and model parameters
option SCALE: Scale is set to 1e-06 for instance and model parameters
option SCALE: Scale is set to 1e-06 for instance and model parameters
option SCALE: Scale is set to 1e-06 for instance and model parameters
Doing analysis at TEMP = -40.000000 and TNOM = 27.000000

Using KLU as Direct Linear Solver

No. of Data Rows : 1
da1 = -6.38485e-05
da10 = 4.252708e-05
dr1 = 4.238598e-02
dr10 = 4.244041e-02
vr1a = 8.042732e-01
vr1b = 7.618872e-01
vr10a = 8.510827e-01
vr10b = 8.086423e-01
Reset re-loads circuit * tb_pnp_mismatch.spice -- sky130 substrate-pnp local-mismatch monte carlo

Circuit: * tb_pnp_mismatch.spice -- sky130 substrate-pnp local-mismatch monte carlo

option SCALE: Scale is set to 1e-06 for instance and model parameters
option SCALE: Scale is set to 1e-06 for instance and model parameters
option SCALE: Scale is set to 1e-06 for instance and model parameters
option SCALE: Scale is set to 1e-06 for instance and model parameters
Doing analysis at TEMP = -40.000000 and TNOM = 27.000000

Using KLU as Direct Linear Solver

No. of Data Rows : 1
da1 = 7.206850e-05
da10 = -6.66575e-05
dr1 = 4.223671e-02
dr10 = 4.252965e-02
vr1a = 8.040718e-01
vr1b = 7.618351e-01
vr10a = 8.511682e-01
vr10b = 8.086385e-01
Reset re-loads circuit * tb_pnp_mismatch.spice -- sky130 substrate-pnp local-mismatch monte carlo

Circuit: * tb_pnp_mismatch.spice -- sky130 substrate-pnp local-mismatch monte carlo

option SCALE: Scale is set to 1e-06 for instance and model parameters
option SCALE: Scale is set to 1e-06 for instance and model parameters
option SCALE: Scale is set to 1e-06 for instance and model parameters
option SCALE: Scale is set to 1e-06 for instance and model parameters
Doing analysis at TEMP = -40.000000 and TNOM = 27.000000

Using KLU as Direct Linear Solver

No. of Data Rows : 1
da1 = 4.267927e-05
da10 = 1.237423e-04
dr1 = 4.210387e-02
dr10 = 4.255118e-02
vr1a = 8.039666e-01
vr1b = 7.618627e-01
vr10a = 8.512098e-01
vr10b = 8.086587e-01
Reset re-loads circuit * tb_pnp_mismatch.spice -- sky130 substrate-pnp local-mismatch monte carlo

Circuit: * tb_pnp_mismatch.spice -- sky130 substrate-pnp local-mismatch monte carlo

option SCALE: Scale is set to 1e-06 for instance and model parameters
option SCALE: Scale is set to 1e-06 for instance and model parameters
option SCALE: Scale is set to 1e-06 for instance and model parameters
option SCALE: Scale is set to 1e-06 for instance and model parameters
Doing analysis at TEMP = -40.000000 and TNOM = 27.000000

Using KLU as Direct Linear Solver

No. of Data Rows : 1
da1 = -3.45969e-05
da10 = -7.74864e-05
dr1 = 4.219293e-02
dr10 = 4.237595e-02
vr1a = 8.040573e-01
vr1b = 7.618643e-01
vr10a = 8.510655e-01
vr10b = 8.086895e-01
Reset re-loads circuit * tb_pnp_mismatch.spice -- sky130 substrate-pnp local-mismatch monte carlo

Circuit: * tb_pnp_mismatch.spice -- sky130 substrate-pnp local-mismatch monte carlo

option SCALE: Scale is set to 1e-06 for instance and model parameters
option SCALE: Scale is set to 1e-06 for instance and model parameters
option SCALE: Scale is set to 1e-06 for instance and model parameters
option SCALE: Scale is set to 1e-06 for instance and model parameters
Doing analysis at TEMP = -40.000000 and TNOM = 27.000000

Using KLU as Direct Linear Solver

No. of Data Rows : 1
da1 = -1.14015e-04
da10 = -8.32339e-05
dr1 = 4.224769e-02
dr10 = 4.246917e-02
vr1a = 8.041242e-01
vr1b = 7.618765e-01
vr10a = 8.511533e-01
vr10b = 8.086842e-01
Reset re-loads circuit * tb_pnp_mismatch.spice -- sky130 substrate-pnp local-mismatch monte carlo

Circuit: * tb_pnp_mismatch.spice -- sky130 substrate-pnp local-mismatch monte carlo

option SCALE: Scale is set to 1e-06 for instance and model parameters
option SCALE: Scale is set to 1e-06 for instance and model parameters
option SCALE: Scale is set to 1e-06 for instance and model parameters
option SCALE: Scale is set to 1e-06 for instance and model parameters
Doing analysis at TEMP = -40.000000 and TNOM = 27.000000

Using KLU as Direct Linear Solver

No. of Data Rows : 1
da1 = 5.789519e-05
da10 = 3.950243e-04
dr1 = 4.223909e-02
dr10 = 4.275105e-02
vr1a = 8.040937e-01
vr1b = 7.618546e-01
vr10a = 8.513793e-01
vr10b = 8.086282e-01
Reset re-loads circuit * tb_pnp_mismatch.spice -- sky130 substrate-pnp local-mismatch monte carlo

Circuit: * tb_pnp_mismatch.spice -- sky130 substrate-pnp local-mismatch monte carlo

option SCALE: Scale is set to 1e-06 for instance and model parameters
option SCALE: Scale is set to 1e-06 for instance and model parameters
option SCALE: Scale is set to 1e-06 for instance and model parameters
option SCALE: Scale is set to 1e-06 for instance and model parameters
Doing analysis at TEMP = -40.000000 and TNOM = 27.000000

Using KLU as Direct Linear Solver

No. of Data Rows : 1
da1 = -2.03745e-05
da10 = -2.12081e-04
dr1 = 4.240622e-02
dr10 = 4.256028e-02
vr1a = 8.042666e-01
vr1b = 7.618604e-01
vr10a = 8.511982e-01
vr10b = 8.086379e-01
Reset re-loads circuit * tb_pnp_mismatch.spice -- sky130 substrate-pnp local-mismatch monte carlo

Circuit: * tb_pnp_mismatch.spice -- sky130 substrate-pnp local-mismatch monte carlo

option SCALE: Scale is set to 1e-06 for instance and model parameters
option SCALE: Scale is set to 1e-06 for instance and model parameters
option SCALE: Scale is set to 1e-06 for instance and model parameters
option SCALE: Scale is set to 1e-06 for instance and model parameters
Doing analysis at TEMP = -40.000000 and TNOM = 27.000000

Using KLU as Direct Linear Solver

No. of Data Rows : 1
da1 = -7.00320e-05
da10 = -3.52771e-04
dr1 = 4.238467e-02
dr10 = 4.245300e-02
vr1a = 8.042777e-01
vr1b = 7.618930e-01
vr10a = 8.511220e-01
vr10b = 8.086690e-01
Reset re-loads circuit * tb_pnp_mismatch.spice -- sky130 substrate-pnp local-mismatch monte carlo

Circuit: * tb_pnp_mismatch.spice -- sky130 substrate-pnp local-mismatch monte carlo

option SCALE: Scale is set to 1e-06 for instance and model parameters
option SCALE: Scale is set to 1e-06 for instance and model parameters
option SCALE: Scale is set to 1e-06 for instance and model parameters
option SCALE: Scale is set to 1e-06 for instance and model parameters
Doing analysis at TEMP = -40.000000 and TNOM = 27.000000

Using KLU as Direct Linear Solver

No. of Data Rows : 1
da1 = 2.450941e-04
da10 = -1.20282e-04
dr1 = 4.223848e-02
dr10 = 4.253768e-02
vr1a = 8.041348e-01
vr1b = 7.618963e-01
vr10a = 8.512357e-01
vr10b = 8.086980e-01
Reset re-loads circuit * tb_pnp_mismatch.spice -- sky130 substrate-pnp local-mismatch monte carlo

Circuit: * tb_pnp_mismatch.spice -- sky130 substrate-pnp local-mismatch monte carlo

option SCALE: Scale is set to 1e-06 for instance and model parameters
option SCALE: Scale is set to 1e-06 for instance and model parameters
option SCALE: Scale is set to 1e-06 for instance and model parameters
option SCALE: Scale is set to 1e-06 for instance and model parameters
Doing analysis at TEMP = -40.000000 and TNOM = 27.000000

Using KLU as Direct Linear Solver

No. of Data Rows : 1
da1 = -7.91258e-05
da10 = 1.760905e-04
dr1 = 4.213522e-02
dr10 = 4.244289e-02
vr1a = 8.039959e-01
vr1b = 7.618607e-01
vr10a = 8.510645e-01
vr10b = 8.086216e-01
Reset re-loads circuit * tb_pnp_mismatch.spice -- sky130 substrate-pnp local-mismatch monte carlo

Circuit: * tb_pnp_mismatch.spice -- sky130 substrate-pnp local-mismatch monte carlo

option SCALE: Scale is set to 1e-06 for instance and model parameters
option SCALE: Scale is set to 1e-06 for instance and model parameters
option SCALE: Scale is set to 1e-06 for instance and model parameters
option SCALE: Scale is set to 1e-06 for instance and model parameters
Doing analysis at TEMP = -40.000000 and TNOM = 27.000000

Using KLU as Direct Linear Solver

No. of Data Rows : 1
da1 = -1.61734e-04
da10 = -3.65051e-05
dr1 = 4.221702e-02
dr10 = 4.262475e-02
vr1a = 8.040727e-01
vr1b = 7.618557e-01
vr10a = 8.512528e-01
vr10b = 8.086280e-01
Reset re-loads circuit * tb_pnp_mismatch.spice -- sky130 substrate-pnp local-mismatch monte carlo

Circuit: * tb_pnp_mismatch.spice -- sky130 substrate-pnp local-mismatch monte carlo

option SCALE: Scale is set to 1e-06 for instance and model parameters
option SCALE: Scale is set to 1e-06 for instance and model parameters
option SCALE: Scale is set to 1e-06 for instance and model parameters
option SCALE: Scale is set to 1e-06 for instance and model parameters
Doing analysis at TEMP = -40.000000 and TNOM = 27.000000

Using KLU as Direct Linear Solver

No. of Data Rows : 1
da1 = -1.30874e-05
da10 = -2.06871e-05
dr1 = 4.215520e-02
dr10 = 4.244032e-02
vr1a = 8.040336e-01
vr1b = 7.618784e-01
vr10a = 8.510574e-01
vr10b = 8.086171e-01
Reset re-loads circuit * tb_pnp_mismatch.spice -- sky130 substrate-pnp local-mismatch monte carlo

Circuit: * tb_pnp_mismatch.spice -- sky130 substrate-pnp local-mismatch monte carlo

option SCALE: Scale is set to 1e-06 for instance and model parameters
option SCALE: Scale is set to 1e-06 for instance and model parameters
option SCALE: Scale is set to 1e-06 for instance and model parameters
option SCALE: Scale is set to 1e-06 for instance and model parameters
Doing analysis at TEMP = -40.000000 and TNOM = 27.000000

Using KLU as Direct Linear Solver

No. of Data Rows : 1
da1 = 3.244956e-05
da10 = -1.37981e-04
dr1 = 4.232087e-02
dr10 = 4.247390e-02
vr1a = 8.041886e-01
vr1b = 7.618677e-01
vr10a = 8.511019e-01
vr10b = 8.086280e-01
Reset re-loads circuit * tb_pnp_mismatch.spice -- sky130 substrate-pnp local-mismatch monte carlo

Circuit: * tb_pnp_mismatch.spice -- sky130 substrate-pnp local-mismatch monte carlo

option SCALE: Scale is set to 1e-06 for instance and model parameters
option SCALE: Scale is set to 1e-06 for instance and model parameters
option SCALE: Scale is set to 1e-06 for instance and model parameters
option SCALE: Scale is set to 1e-06 for instance and model parameters
Doing analysis at TEMP = -40.000000 and TNOM = 27.000000

Using KLU as Direct Linear Solver

No. of Data Rows : 1
da1 = -9.84656e-05
da10 = 8.660641e-05
dr1 = 4.215542e-02
dr10 = 4.264530e-02
vr1a = 8.039892e-01
vr1b = 7.618337e-01
vr10a = 8.512416e-01
vr10b = 8.085963e-01
Reset re-loads circuit * tb_pnp_mismatch.spice -- sky130 substrate-pnp local-mismatch monte carlo

Circuit: * tb_pnp_mismatch.spice -- sky130 substrate-pnp local-mismatch monte carlo

option SCALE: Scale is set to 1e-06 for instance and model parameters
option SCALE: Scale is set to 1e-06 for instance and model parameters
option SCALE: Scale is set to 1e-06 for instance and model parameters
option SCALE: Scale is set to 1e-06 for instance and model parameters
Doing analysis at TEMP = -40.000000 and TNOM = 27.000000

Using KLU as Direct Linear Solver

No. of Data Rows : 1
da1 = 1.567661e-07
da10 = -2.19223e-04
dr1 = 4.226117e-02
dr10 = 4.236760e-02
vr1a = 8.041293e-01
vr1b = 7.618681e-01
vr10a = 8.510160e-01
vr10b = 8.086484e-01
Reset re-loads circuit * tb_pnp_mismatch.spice -- sky130 substrate-pnp local-mismatch monte carlo

Circuit: * tb_pnp_mismatch.spice -- sky130 substrate-pnp local-mismatch monte carlo

option SCALE: Scale is set to 1e-06 for instance and model parameters
option SCALE: Scale is set to 1e-06 for instance and model parameters
option SCALE: Scale is set to 1e-06 for instance and model parameters
option SCALE: Scale is set to 1e-06 for instance and model parameters
Doing analysis at TEMP = -40.000000 and TNOM = 27.000000

Using KLU as Direct Linear Solver

No. of Data Rows : 1
da1 = 3.203424e-05
da10 = 1.508031e-04
dr1 = 4.222090e-02
dr10 = 4.259021e-02
vr1a = 8.041470e-01
vr1b = 7.619261e-01
vr10a = 8.512430e-01
vr10b = 8.086527e-01
Reset re-loads circuit * tb_pnp_mismatch.spice -- sky130 substrate-pnp local-mismatch monte carlo

Circuit: * tb_pnp_mismatch.spice -- sky130 substrate-pnp local-mismatch monte carlo

option SCALE: Scale is set to 1e-06 for instance and model parameters
option SCALE: Scale is set to 1e-06 for instance and model parameters
option SCALE: Scale is set to 1e-06 for instance and model parameters
option SCALE: Scale is set to 1e-06 for instance and model parameters
Doing analysis at TEMP = -40.000000 and TNOM = 27.000000

Using KLU as Direct Linear Solver

No. of Data Rows : 1
da1 = -1.90202e-05
da10 = -2.01093e-04
dr1 = 4.234029e-02
dr10 = 4.249581e-02
vr1a = 8.042121e-01
vr1b = 7.618719e-01
vr10a = 8.511568e-01
vr10b = 8.086610e-01
Reset re-loads circuit * tb_pnp_mismatch.spice -- sky130 substrate-pnp local-mismatch monte carlo

Circuit: * tb_pnp_mismatch.spice -- sky130 substrate-pnp local-mismatch monte carlo

option SCALE: Scale is set to 1e-06 for instance and model parameters
option SCALE: Scale is set to 1e-06 for instance and model parameters
option SCALE: Scale is set to 1e-06 for instance and model parameters
option SCALE: Scale is set to 1e-06 for instance and model parameters
Doing analysis at TEMP = -40.000000 and TNOM = 27.000000

Using KLU as Direct Linear Solver

No. of Data Rows : 1
da1 = -5.23368e-05
da10 = -1.29094e-04
dr1 = 4.204264e-02
dr10 = 4.234806e-02
vr1a = 8.039404e-01
vr1b = 7.618978e-01
vr10a = 8.509992e-01
vr10b = 8.086512e-01
Reset re-loads circuit * tb_pnp_mismatch.spice -- sky130 substrate-pnp local-mismatch monte carlo

Circuit: * tb_pnp_mismatch.spice -- sky130 substrate-pnp local-mismatch monte carlo

option SCALE: Scale is set to 1e-06 for instance and model parameters
option SCALE: Scale is set to 1e-06 for instance and model parameters
option SCALE: Scale is set to 1e-06 for instance and model parameters
option SCALE: Scale is set to 1e-06 for instance and model parameters
Doing analysis at TEMP = -40.000000 and TNOM = 27.000000

Using KLU as Direct Linear Solver

No. of Data Rows : 1
da1 = 7.253345e-05
da10 = 6.315026e-05
dr1 = 4.232023e-02
dr10 = 4.257977e-02
vr1a = 8.041875e-01
vr1b = 7.618672e-01
vr10a = 8.511990e-01
vr10b = 8.086192e-01
Reset re-loads circuit * tb_pnp_mismatch.spice -- sky130 substrate-pnp local-mismatch monte carlo

Circuit: * tb_pnp_mismatch.spice -- sky130 substrate-pnp local-mismatch monte carlo

option SCALE: Scale is set to 1e-06 for instance and model parameters
option SCALE: Scale is set to 1e-06 for instance and model parameters
option SCALE: Scale is set to 1e-06 for instance and model parameters
option SCALE: Scale is set to 1e-06 for instance and model parameters
Doing analysis at TEMP = -40.000000 and TNOM = 27.000000

Using KLU as Direct Linear Solver

No. of Data Rows : 1
da1 = -7.77174e-05
da10 = 6.798217e-05
dr1 = 4.224365e-02
dr10 = 4.261915e-02
vr1a = 8.041262e-01
vr1b = 7.618825e-01
vr10a = 8.512747e-01
vr10b = 8.086556e-01
Reset re-loads circuit * tb_pnp_mismatch.spice -- sky130 substrate-pnp local-mismatch monte carlo

Circuit: * tb_pnp_mismatch.spice -- sky130 substrate-pnp local-mismatch monte carlo

option SCALE: Scale is set to 1e-06 for instance and model parameters
option SCALE: Scale is set to 1e-06 for instance and model parameters
option SCALE: Scale is set to 1e-06 for instance and model parameters
option SCALE: Scale is set to 1e-06 for instance and model parameters
Doing analysis at TEMP = -40.000000 and TNOM = 27.000000

Using KLU as Direct Linear Solver
 Reference value :  0.00000e+00
No. of Data Rows : 1
da1 = -1.26037e-04
da10 = -1.60852e-04
dr1 = 4.232027e-02
dr10 = 4.254336e-02
vr1a = 8.041234e-01
vr1b = 7.618031e-01
vr10a = 8.512194e-01
vr10b = 8.086760e-01
Reset re-loads circuit * tb_pnp_mismatch.spice -- sky130 substrate-pnp local-mismatch monte carlo

Circuit: * tb_pnp_mismatch.spice -- sky130 substrate-pnp local-mismatch monte carlo

option SCALE: Scale is set to 1e-06 for instance and model parameters
option SCALE: Scale is set to 1e-06 for instance and model parameters
option SCALE: Scale is set to 1e-06 for instance and model parameters
option SCALE: Scale is set to 1e-06 for instance and model parameters
Doing analysis at TEMP = -40.000000 and TNOM = 27.000000

Using KLU as Direct Linear Solver

No. of Data Rows : 1
da1 = 3.243124e-04
da10 = 6.932899e-06
dr1 = 4.226631e-02
dr10 = 4.244719e-02
vr1a = 8.042250e-01
vr1b = 7.619587e-01
vr10a = 8.510734e-01
vr10b = 8.086262e-01
Reset re-loads circuit * tb_pnp_mismatch.spice -- sky130 substrate-pnp local-mismatch monte carlo

Circuit: * tb_pnp_mismatch.spice -- sky130 substrate-pnp local-mismatch monte carlo

option SCALE: Scale is set to 1e-06 for instance and model parameters
option SCALE: Scale is set to 1e-06 for instance and model parameters
option SCALE: Scale is set to 1e-06 for instance and model parameters
option SCALE: Scale is set to 1e-06 for instance and model parameters
Doing analysis at TEMP = -40.000000 and TNOM = 27.000000

Using KLU as Direct Linear Solver

No. of Data Rows : 1
da1 = 7.455981e-05
da10 = -1.84453e-04
dr1 = 4.239456e-02
dr10 = 4.242346e-02
vr1a = 8.042297e-01
vr1b = 7.618351e-01
vr10a = 8.510688e-01
vr10b = 8.086453e-01
Reset re-loads circuit * tb_pnp_mismatch.spice -- sky130 substrate-pnp local-mismatch monte carlo

Circuit: * tb_pnp_mismatch.spice -- sky130 substrate-pnp local-mismatch monte carlo

option SCALE: Scale is set to 1e-06 for instance and model parameters
option SCALE: Scale is set to 1e-06 for instance and model parameters
option SCALE: Scale is set to 1e-06 for instance and model parameters
option SCALE: Scale is set to 1e-06 for instance and model parameters
Doing analysis at TEMP = -40.000000 and TNOM = 27.000000

Using KLU as Direct Linear Solver

No. of Data Rows : 1
da1 = 5.187729e-05
da10 = -1.25184e-04
dr1 = 4.215528e-02
dr10 = 4.263531e-02
vr1a = 8.040451e-01
vr1b = 7.618899e-01
vr10a = 8.512961e-01
vr10b = 8.086608e-01
Reset re-loads circuit * tb_pnp_mismatch.spice -- sky130 substrate-pnp local-mismatch monte carlo

Circuit: * tb_pnp_mismatch.spice -- sky130 substrate-pnp local-mismatch monte carlo

option SCALE: Scale is set to 1e-06 for instance and model parameters
option SCALE: Scale is set to 1e-06 for instance and model parameters
option SCALE: Scale is set to 1e-06 for instance and model parameters
option SCALE: Scale is set to 1e-06 for instance and model parameters
Doing analysis at TEMP = -40.000000 and TNOM = 27.000000

Using KLU as Direct Linear Solver

No. of Data Rows : 1
da1 = 2.469938e-05
da10 = -1.09266e-04
dr1 = 4.210258e-02
dr10 = 4.265435e-02
vr1a = 8.039933e-01
vr1b = 7.618908e-01
vr10a = 8.512828e-01
vr10b = 8.086284e-01
Reset re-loads circuit * tb_pnp_mismatch.spice -- sky130 substrate-pnp local-mismatch monte carlo

Circuit: * tb_pnp_mismatch.spice -- sky130 substrate-pnp local-mismatch monte carlo

option SCALE: Scale is set to 1e-06 for instance and model parameters
option SCALE: Scale is set to 1e-06 for instance and model parameters
option SCALE: Scale is set to 1e-06 for instance and model parameters
option SCALE: Scale is set to 1e-06 for instance and model parameters
Doing analysis at TEMP = -40.000000 and TNOM = 27.000000

Using KLU as Direct Linear Solver

No. of Data Rows : 1
da1 = -1.01812e-04
da10 = 1.205694e-04
dr1 = 4.228775e-02
dr10 = 4.258216e-02
vr1a = 8.041076e-01
vr1b = 7.618199e-01
vr10a = 8.511951e-01
vr10b = 8.086129e-01
Reset re-loads circuit * tb_pnp_mismatch.spice -- sky130 substrate-pnp local-mismatch monte carlo

Circuit: * tb_pnp_mismatch.spice -- sky130 substrate-pnp local-mismatch monte carlo

option SCALE: Scale is set to 1e-06 for instance and model parameters
option SCALE: Scale is set to 1e-06 for instance and model parameters
option SCALE: Scale is set to 1e-06 for instance and model parameters
option SCALE: Scale is set to 1e-06 for instance and model parameters
Doing analysis at TEMP = -40.000000 and TNOM = 27.000000

Using KLU as Direct Linear Solver

No. of Data Rows : 1
da1 = -1.88685e-04
da10 = 6.371305e-05
dr1 = 4.223019e-02
dr10 = 4.259618e-02
vr1a = 8.040881e-01
vr1b = 7.618580e-01
vr10a = 8.512350e-01
vr10b = 8.086388e-01
Reset re-loads circuit * tb_pnp_mismatch.spice -- sky130 substrate-pnp local-mismatch monte carlo

Circuit: * tb_pnp_mismatch.spice -- sky130 substrate-pnp local-mismatch monte carlo

option SCALE: Scale is set to 1e-06 for instance and model parameters
option SCALE: Scale is set to 1e-06 for instance and model parameters
option SCALE: Scale is set to 1e-06 for instance and model parameters
option SCALE: Scale is set to 1e-06 for instance and model parameters
Doing analysis at TEMP = -40.000000 and TNOM = 27.000000

Using KLU as Direct Linear Solver

No. of Data Rows : 1
da1 = -8.19889e-05
da10 = -5.76460e-05
dr1 = 4.211759e-02
dr10 = 4.253878e-02
vr1a = 8.039588e-01
vr1b = 7.618412e-01
vr10a = 8.512141e-01
vr10b = 8.086753e-01
Reset re-loads circuit * tb_pnp_mismatch.spice -- sky130 substrate-pnp local-mismatch monte carlo

Circuit: * tb_pnp_mismatch.spice -- sky130 substrate-pnp local-mismatch monte carlo

option SCALE: Scale is set to 1e-06 for instance and model parameters
option SCALE: Scale is set to 1e-06 for instance and model parameters
option SCALE: Scale is set to 1e-06 for instance and model parameters
option SCALE: Scale is set to 1e-06 for instance and model parameters
Doing analysis at TEMP = -40.000000 and TNOM = 27.000000

Using KLU as Direct Linear Solver

No. of Data Rows : 1
da1 = 5.561340e-05
da10 = 5.276364e-05
dr1 = 4.223425e-02
dr10 = 4.253663e-02
vr1a = 8.041136e-01
vr1b = 7.618793e-01
vr10a = 8.511577e-01
vr10b = 8.086211e-01
Reset re-loads circuit * tb_pnp_mismatch.spice -- sky130 substrate-pnp local-mismatch monte carlo

Circuit: * tb_pnp_mismatch.spice -- sky130 substrate-pnp local-mismatch monte carlo

option SCALE: Scale is set to 1e-06 for instance and model parameters
option SCALE: Scale is set to 1e-06 for instance and model parameters
option SCALE: Scale is set to 1e-06 for instance and model parameters
option SCALE: Scale is set to 1e-06 for instance and model parameters
Doing analysis at TEMP = -40.000000 and TNOM = 27.000000

Using KLU as Direct Linear Solver

No. of Data Rows : 1
da1 = 4.629263e-05
da10 = -4.52929e-05
dr1 = 4.222130e-02
dr10 = 4.242149e-02
vr1a = 8.041051e-01
vr1b = 7.618838e-01
vr10a = 8.511087e-01
vr10b = 8.086872e-01
Reset re-loads circuit * tb_pnp_mismatch.spice -- sky130 substrate-pnp local-mismatch monte carlo

Circuit: * tb_pnp_mismatch.spice -- sky130 substrate-pnp local-mismatch monte carlo

option SCALE: Scale is set to 1e-06 for instance and model parameters
option SCALE: Scale is set to 1e-06 for instance and model parameters
option SCALE: Scale is set to 1e-06 for instance and model parameters
option SCALE: Scale is set to 1e-06 for instance and model parameters
Doing analysis at TEMP = -40.000000 and TNOM = 27.000000

Using KLU as Direct Linear Solver

No. of Data Rows : 1
da1 = -1.28323e-04
da10 = -1.41141e-04
dr1 = 4.224280e-02
dr10 = 4.247798e-02
vr1a = 8.041363e-01
vr1b = 7.618935e-01
vr10a = 8.512275e-01
vr10b = 8.087495e-01
Reset re-loads circuit * tb_pnp_mismatch.spice -- sky130 substrate-pnp local-mismatch monte carlo

Circuit: * tb_pnp_mismatch.spice -- sky130 substrate-pnp local-mismatch monte carlo

option SCALE: Scale is set to 1e-06 for instance and model parameters
option SCALE: Scale is set to 1e-06 for instance and model parameters
option SCALE: Scale is set to 1e-06 for instance and model parameters
option SCALE: Scale is set to 1e-06 for instance and model parameters
Doing analysis at TEMP = -40.000000 and TNOM = 27.000000

Using KLU as Direct Linear Solver

No. of Data Rows : 1
da1 = -2.96076e-05
da10 = -9.90233e-05
dr1 = 4.226508e-02
dr10 = 4.266575e-02
vr1a = 8.041323e-01
vr1b = 7.618672e-01
vr10a = 8.512945e-01
vr10b = 8.086287e-01
Reset re-loads circuit * tb_pnp_mismatch.spice -- sky130 substrate-pnp local-mismatch monte carlo

Circuit: * tb_pnp_mismatch.spice -- sky130 substrate-pnp local-mismatch monte carlo

option SCALE: Scale is set to 1e-06 for instance and model parameters
option SCALE: Scale is set to 1e-06 for instance and model parameters
option SCALE: Scale is set to 1e-06 for instance and model parameters
option SCALE: Scale is set to 1e-06 for instance and model parameters
Doing analysis at TEMP = -40.000000 and TNOM = 27.000000

Using KLU as Direct Linear Solver

No. of Data Rows : 1
da1 = -1.13305e-05
da10 = -6.47139e-05
dr1 = 4.221069e-02
dr10 = 4.247235e-02
vr1a = 8.040290e-01
vr1b = 7.618183e-01
vr10a = 8.511375e-01
vr10b = 8.086651e-01
Reset re-loads circuit * tb_pnp_mismatch.spice -- sky130 substrate-pnp local-mismatch monte carlo

Circuit: * tb_pnp_mismatch.spice -- sky130 substrate-pnp local-mismatch monte carlo

option SCALE: Scale is set to 1e-06 for instance and model parameters
option SCALE: Scale is set to 1e-06 for instance and model parameters
option SCALE: Scale is set to 1e-06 for instance and model parameters
option SCALE: Scale is set to 1e-06 for instance and model parameters
Doing analysis at TEMP = -40.000000 and TNOM = 27.000000

Using KLU as Direct Linear Solver

No. of Data Rows : 1
da1 = 9.947518e-05
da10 = -5.02875e-05
dr1 = 4.218901e-02
dr10 = 4.258875e-02
vr1a = 8.040436e-01
vr1b = 7.618546e-01
vr10a = 8.512359e-01
vr10b = 8.086472e-01
Reset re-loads circuit * tb_pnp_mismatch.spice -- sky130 substrate-pnp local-mismatch monte carlo

Circuit: * tb_pnp_mismatch.spice -- sky130 substrate-pnp local-mismatch monte carlo

option SCALE: Scale is set to 1e-06 for instance and model parameters
option SCALE: Scale is set to 1e-06 for instance and model parameters
option SCALE: Scale is set to 1e-06 for instance and model parameters
option SCALE: Scale is set to 1e-06 for instance and model parameters
Doing analysis at TEMP = -40.000000 and TNOM = 27.000000

Using KLU as Direct Linear Solver

No. of Data Rows : 1
da1 = -6.13488e-05
da10 = 1.402411e-04
dr1 = 4.217244e-02
dr10 = 4.257879e-02
vr1a = 8.040575e-01
vr1b = 7.618851e-01
vr10a = 8.511891e-01
vr10b = 8.086103e-01
Reset re-loads circuit * tb_pnp_mismatch.spice -- sky130 substrate-pnp local-mismatch monte carlo

Circuit: * tb_pnp_mismatch.spice -- sky130 substrate-pnp local-mismatch monte carlo

option SCALE: Scale is set to 1e-06 for instance and model parameters
option SCALE: Scale is set to 1e-06 for instance and model parameters
option SCALE: Scale is set to 1e-06 for instance and model parameters
option SCALE: Scale is set to 1e-06 for instance and model parameters
Doing analysis at TEMP = -40.000000 and TNOM = 27.000000

Using KLU as Direct Linear Solver

No. of Data Rows : 1
da1 = 5.610440e-05
da10 = -7.67318e-05
dr1 = 4.244185e-02
dr10 = 4.268252e-02
vr1a = 8.042720e-01
vr1b = 7.618301e-01
vr10a = 8.513411e-01
vr10b = 8.086586e-01
Reset re-loads circuit * tb_pnp_mismatch.spice -- sky130 substrate-pnp local-mismatch monte carlo

Circuit: * tb_pnp_mismatch.spice -- sky130 substrate-pnp local-mismatch monte carlo

option SCALE: Scale is set to 1e-06 for instance and model parameters
option SCALE: Scale is set to 1e-06 for instance and model parameters
option SCALE: Scale is set to 1e-06 for instance and model parameters
option SCALE: Scale is set to 1e-06 for instance and model parameters
Doing analysis at TEMP = -40.000000 and TNOM = 27.000000

Using KLU as Direct Linear Solver

No. of Data Rows : 1
da1 = 7.345829e-05
da10 = -2.53645e-04
dr1 = 4.210128e-02
dr10 = 4.246844e-02
vr1a = 8.039626e-01
vr1b = 7.618613e-01
vr10a = 8.511041e-01
vr10b = 8.086356e-01
Reset re-loads circuit * tb_pnp_mismatch.spice -- sky130 substrate-pnp local-mismatch monte carlo

Circuit: * tb_pnp_mismatch.spice -- sky130 substrate-pnp local-mismatch monte carlo

option SCALE: Scale is set to 1e-06 for instance and model parameters
option SCALE: Scale is set to 1e-06 for instance and model parameters
option SCALE: Scale is set to 1e-06 for instance and model parameters
option SCALE: Scale is set to 1e-06 for instance and model parameters
Doing analysis at TEMP = -40.000000 and TNOM = 27.000000

Using KLU as Direct Linear Solver

No. of Data Rows : 1
da1 = 1.401943e-04
da10 = 5.442629e-07
dr1 = 4.241195e-02
dr10 = 4.259177e-02
vr1a = 8.042408e-01
vr1b = 7.618289e-01
vr10a = 8.511800e-01
vr10b = 8.085882e-01
Reset re-loads circuit * tb_pnp_mismatch.spice -- sky130 substrate-pnp local-mismatch monte carlo

Circuit: * tb_pnp_mismatch.spice -- sky130 substrate-pnp local-mismatch monte carlo

option SCALE: Scale is set to 1e-06 for instance and model parameters
option SCALE: Scale is set to 1e-06 for instance and model parameters
option SCALE: Scale is set to 1e-06 for instance and model parameters
option SCALE: Scale is set to 1e-06 for instance and model parameters
Doing analysis at TEMP = -40.000000 and TNOM = 27.000000

Using KLU as Direct Linear Solver

No. of Data Rows : 1
da1 = -1.93578e-05
da10 = -5.57541e-05
dr1 = 4.225799e-02
dr10 = 4.263335e-02
vr1a = 8.041296e-01
vr1b = 7.618717e-01
vr10a = 8.512746e-01
vr10b = 8.086412e-01
Reset re-loads circuit * tb_pnp_mismatch.spice -- sky130 substrate-pnp local-mismatch monte carlo

Circuit: * tb_pnp_mismatch.spice -- sky130 substrate-pnp local-mismatch monte carlo

option SCALE: Scale is set to 1e-06 for instance and model parameters
option SCALE: Scale is set to 1e-06 for instance and model parameters
option SCALE: Scale is set to 1e-06 for instance and model parameters
option SCALE: Scale is set to 1e-06 for instance and model parameters
Doing analysis at TEMP = -40.000000 and TNOM = 27.000000

Using KLU as Direct Linear Solver

No. of Data Rows : 1
da1 = -1.07562e-04
da10 = 1.733303e-04
dr1 = 4.234763e-02
dr10 = 4.268146e-02
vr1a = 8.041844e-01
vr1b = 7.618367e-01
vr10a = 8.513565e-01
vr10b = 8.086751e-01
Reset re-loads circuit * tb_pnp_mismatch.spice -- sky130 substrate-pnp local-mismatch monte carlo

Circuit: * tb_pnp_mismatch.spice -- sky130 substrate-pnp local-mismatch monte carlo

option SCALE: Scale is set to 1e-06 for instance and model parameters
option SCALE: Scale is set to 1e-06 for instance and model parameters
option SCALE: Scale is set to 1e-06 for instance and model parameters
option SCALE: Scale is set to 1e-06 for instance and model parameters
Doing analysis at TEMP = -40.000000 and TNOM = 27.000000

Using KLU as Direct Linear Solver

No. of Data Rows : 1
da1 = -2.45633e-07
da10 = -8.01630e-05
dr1 = 4.210102e-02
dr10 = 4.262233e-02
vr1a = 8.040277e-01
vr1b = 7.619266e-01
vr10a = 8.512885e-01
vr10b = 8.086661e-01
Reset re-loads circuit * tb_pnp_mismatch.spice -- sky130 substrate-pnp local-mismatch monte carlo

Circuit: * tb_pnp_mismatch.spice -- sky130 substrate-pnp local-mismatch monte carlo

option SCALE: Scale is set to 1e-06 for instance and model parameters
option SCALE: Scale is set to 1e-06 for instance and model parameters
option SCALE: Scale is set to 1e-06 for instance and model parameters
option SCALE: Scale is set to 1e-06 for instance and model parameters
Doing analysis at TEMP = -40.000000 and TNOM = 27.000000

Using KLU as Direct Linear Solver

No. of Data Rows : 1
da1 = 1.717841e-04
da10 = -2.54495e-05
dr1 = 4.223582e-02
dr10 = 4.243425e-02
vr1a = 8.041258e-01
vr1b = 7.618900e-01
vr10a = 8.511302e-01
vr10b = 8.086959e-01
Reset re-loads circuit * tb_pnp_mismatch.spice -- sky130 substrate-pnp local-mismatch monte carlo

Circuit: * tb_pnp_mismatch.spice -- sky130 substrate-pnp local-mismatch monte carlo

option SCALE: Scale is set to 1e-06 for instance and model parameters
option SCALE: Scale is set to 1e-06 for instance and model parameters
option SCALE: Scale is set to 1e-06 for instance and model parameters
option SCALE: Scale is set to 1e-06 for instance and model parameters
Doing analysis at TEMP = -40.000000 and TNOM = 27.000000

Using KLU as Direct Linear Solver

No. of Data Rows : 1
da1 = -2.63378e-04
da10 = 2.882166e-05
dr1 = 4.217581e-02
dr10 = 4.261081e-02
vr1a = 8.040422e-01
vr1b = 7.618664e-01
vr10a = 8.512851e-01
vr10b = 8.086743e-01
Reset re-loads circuit * tb_pnp_mismatch.spice -- sky130 substrate-pnp local-mismatch monte carlo

Circuit: * tb_pnp_mismatch.spice -- sky130 substrate-pnp local-mismatch monte carlo

option SCALE: Scale is set to 1e-06 for instance and model parameters
option SCALE: Scale is set to 1e-06 for instance and model parameters
option SCALE: Scale is set to 1e-06 for instance and model parameters
option SCALE: Scale is set to 1e-06 for instance and model parameters
Doing analysis at TEMP = -40.000000 and TNOM = 27.000000

Using KLU as Direct Linear Solver

No. of Data Rows : 1
da1 = 2.104004e-04
da10 = 5.710658e-06
dr1 = 4.222112e-02
dr10 = 4.249749e-02
vr1a = 8.040954e-01
vr1b = 7.618743e-01
vr10a = 8.511345e-01
vr10b = 8.086370e-01
Reset re-loads circuit * tb_pnp_mismatch.spice -- sky130 substrate-pnp local-mismatch monte carlo

Circuit: * tb_pnp_mismatch.spice -- sky130 substrate-pnp local-mismatch monte carlo

option SCALE: Scale is set to 1e-06 for instance and model parameters
option SCALE: Scale is set to 1e-06 for instance and model parameters
option SCALE: Scale is set to 1e-06 for instance and model parameters
option SCALE: Scale is set to 1e-06 for instance and model parameters
Doing analysis at TEMP = -40.000000 and TNOM = 27.000000

Using KLU as Direct Linear Solver

No. of Data Rows : 1
da1 = -1.13235e-04
da10 = 7.546058e-05
dr1 = 4.234718e-02
dr10 = 4.255986e-02
vr1a = 8.042079e-01
vr1b = 7.618607e-01
vr10a = 8.511987e-01
vr10b = 8.086388e-01
Reset re-loads circuit * tb_pnp_mismatch.spice -- sky130 substrate-pnp local-mismatch monte carlo

Circuit: * tb_pnp_mismatch.spice -- sky130 substrate-pnp local-mismatch monte carlo

option SCALE: Scale is set to 1e-06 for instance and model parameters
option SCALE: Scale is set to 1e-06 for instance and model parameters
option SCALE: Scale is set to 1e-06 for instance and model parameters
option SCALE: Scale is set to 1e-06 for instance and model parameters
Doing analysis at TEMP = -40.000000 and TNOM = 27.000000

Using KLU as Direct Linear Solver

No. of Data Rows : 1
da1 = 1.300145e-04
da10 = -1.56922e-04
dr1 = 4.235172e-02
dr10 = 4.264040e-02
vr1a = 8.042160e-01
vr1b = 7.618643e-01
vr10a = 8.513001e-01
vr10b = 8.086597e-01
Reset re-loads circuit * tb_pnp_mismatch.spice -- sky130 substrate-pnp local-mismatch monte carlo

Circuit: * tb_pnp_mismatch.spice -- sky130 substrate-pnp local-mismatch monte carlo

option SCALE: Scale is set to 1e-06 for instance and model parameters
option SCALE: Scale is set to 1e-06 for instance and model parameters
option SCALE: Scale is set to 1e-06 for instance and model parameters
option SCALE: Scale is set to 1e-06 for instance and model parameters
Doing analysis at TEMP = -40.000000 and TNOM = 27.000000

Using KLU as Direct Linear Solver

No. of Data Rows : 1
da1 = -1.69677e-06
da10 = 7.761894e-05
dr1 = 4.228515e-02
dr10 = 4.267461e-02
vr1a = 8.041757e-01
vr1b = 7.618905e-01
vr10a = 8.512742e-01
vr10b = 8.085996e-01
Reset re-loads circuit * tb_pnp_mismatch.spice -- sky130 substrate-pnp local-mismatch monte carlo

Circuit: * tb_pnp_mismatch.spice -- sky130 substrate-pnp local-mismatch monte carlo

option SCALE: Scale is set to 1e-06 for instance and model parameters
option SCALE: Scale is set to 1e-06 for instance and model parameters
option SCALE: Scale is set to 1e-06 for instance and model parameters
option SCALE: Scale is set to 1e-06 for instance and model parameters
Doing analysis at TEMP = -40.000000 and TNOM = 27.000000

Using KLU as Direct Linear Solver

No. of Data Rows : 1
da1 = 1.557837e-04
da10 = -9.02924e-05
dr1 = 4.231775e-02
dr10 = 4.260426e-02
vr1a = 8.041833e-01
vr1b = 7.618655e-01
vr10a = 8.513056e-01
vr10b = 8.087013e-01
Reset re-loads circuit * tb_pnp_mismatch.spice -- sky130 substrate-pnp local-mismatch monte carlo

Circuit: * tb_pnp_mismatch.spice -- sky130 substrate-pnp local-mismatch monte carlo

option SCALE: Scale is set to 1e-06 for instance and model parameters
option SCALE: Scale is set to 1e-06 for instance and model parameters
option SCALE: Scale is set to 1e-06 for instance and model parameters
option SCALE: Scale is set to 1e-06 for instance and model parameters
Doing analysis at TEMP = -40.000000 and TNOM = 27.000000

Using KLU as Direct Linear Solver

No. of Data Rows : 1
da1 = 1.004036e-04
da10 = 1.420135e-04
dr1 = 4.217390e-02
dr10 = 4.276329e-02
vr1a = 8.040334e-01
vr1b = 7.618595e-01
vr10a = 8.513719e-01
vr10b = 8.086086e-01
Reset re-loads circuit * tb_pnp_mismatch.spice -- sky130 substrate-pnp local-mismatch monte carlo

Circuit: * tb_pnp_mismatch.spice -- sky130 substrate-pnp local-mismatch monte carlo

option SCALE: Scale is set to 1e-06 for instance and model parameters
option SCALE: Scale is set to 1e-06 for instance and model parameters
option SCALE: Scale is set to 1e-06 for instance and model parameters
option SCALE: Scale is set to 1e-06 for instance and model parameters
Doing analysis at TEMP = -40.000000 and TNOM = 27.000000

Using KLU as Direct Linear Solver

No. of Data Rows : 1
da1 = 4.662765e-06
da10 = 1.503450e-05
dr1 = 4.225320e-02
dr10 = 4.256395e-02
vr1a = 8.040828e-01
vr1b = 7.618296e-01
vr10a = 8.512443e-01
vr10b = 8.086804e-01
Reset re-loads circuit * tb_pnp_mismatch.spice -- sky130 substrate-pnp local-mismatch monte carlo

Circuit: * tb_pnp_mismatch.spice -- sky130 substrate-pnp local-mismatch monte carlo

option SCALE: Scale is set to 1e-06 for instance and model parameters
option SCALE: Scale is set to 1e-06 for instance and model parameters
option SCALE: Scale is set to 1e-06 for instance and model parameters
option SCALE: Scale is set to 1e-06 for instance and model parameters
Doing analysis at TEMP = -40.000000 and TNOM = 27.000000

Using KLU as Direct Linear Solver

No. of Data Rows : 1
da1 = -2.58108e-04
da10 = -3.76154e-05
dr1 = 4.231364e-02
dr10 = 4.254126e-02
vr1a = 8.041422e-01
vr1b = 7.618285e-01
vr10a = 8.511337e-01
vr10b = 8.085924e-01
ngspice-46 done
