# point: tt_mm_125c_nosupply
# record: 20260825-220116-a9cac4b
# role: mismatch -- local-mismatch distribution at the nominal process point
# section=tt_mm temp=125C supply=n/a seed=20260825 samples=300
# pdk: sky130A @ open_pdks c6d73a35f524070e85faff4a6a9eef49553ebc2b (/home/ubuntu/.volare/sky130A/libs.tech/combined/sky130.lib.spice)
# ngspice exit: 0
# run (UTC): 2026-08-25T22:01:16Z

# ==== .spiceinit (exact) ====
| * ngspice init settings for the sky130 PDK model libraries.
| *
| * The corner runner copies this file into its scratch run directory as
| * `.spiceinit` before invoking ngspice, so runs do not depend on whatever
| * happens to be in ~/.spiceinit. To drive ngspice by hand with the same
| * settings, copy this file to `.spiceinit` in your working directory.
| *
| * Derived from the PDK's own libs.tech/ngspice/spinit; kept in-repo so the
| * settings a record was produced under are versioned with the harness.
| 
| set ngbehavior=hsa     ; HSPICE-ish compatibility, required to read PDK libs
| set skywaterpdk        ; skip some checks for faster lib loading
| set ng_nomodcheck      ; do not check model parameters
| option noinit          ; do not dump operating point data into the log
| option klu             ; KLU direct linear solver
| 
| * Monte Carlo controls injected by sim/pnp-mismatch/run_pnp_mismatch.py
| set mc_seed=20260825
| set mc_runs=300

# ==== corner.spice (exact) ====
| * Generated per point by sim/pnp-mismatch/run_pnp_mismatch.py from the
| * resolved PDK -- scratch only, not committed.
| .lib "/home/ubuntu/.volare/sky130A/libs.tech/combined/sky130.lib.spice" tt_mm
| .temp 125

# ==== testbench deck (exact input given to ngspice) ====
| * tb_pnp_mismatch.spice -- sky130 substrate-PNP local-mismatch Monte Carlo
| * (issue #17: sim-harness port; adapted from sky130-bandgap's
| * sim/pnp-mismatch/, whose own testbench targets bandgap-core-specific
| * device sizes this repo's design does not use -- see the topology note
| * below).
| *
| * Confirms the ported harness's local-mismatch (MC_MM_SWITCH=1) AND global
| * process (MC_PR_SWITCH=1) Monte Carlo mechanisms both produce non-degenerate
| * samples against THIS repo's own PNP topology, per issue #17's own
| * acceptance criteria edge case. Deliberately NOT run through
| * sim/bin/corner-run.py: that runner drives one deterministic .op per PVT
| * point and has no notion of resampling a deck N times, which is exactly
| * what a distribution claim needs. Driven instead by
| * sim/pnp-mismatch/run_pnp_mismatch.py.
| *
| * ---------------------------------------------------------------------------
| * sky130 mismatch mechanism (verified against the pinned PDK, not assumed --
| * identical mechanism sky130-bandgap's own sim/pnp-mismatch/ already
| * confirmed working on this same PDK pin)
| * ---------------------------------------------------------------------------
| * In sky130A the per-instance mismatch terms live inside the device
| * subcircuits in libs.tech/combined/continuous/models_bjt.spice:
| *
| *   .subckt sky130_fd_pr__pnp_05v5_W3p40L3p40 c b e mult=1
| *   .param mm_bf = {sw_mm_..._bf * mismatch_factor * MC_MM_SWITCH
| *                   * AGAUSS(0,1.0,1)/sqrt(mult)}
| *          mm_is = {sw_mm_..._is * mismatch_factor * MC_MM_SWITCH
| *                   * AGAUSS(0,1.0,1)/sqrt(mult)}
| *   ... is = '<W0p68L0p68 Is expr> * 0.13 * (1+mm_is)'   (area-matching scale)
| *       bf = '<W0p68L0p68 Bf expr> * 0.45 * (1+mm_bf)'
| *
| * The gate is MC_MM_SWITCH (local/intra-die mismatch) and, independently,
| * MC_PR_SWITCH (global/inter-die process Monte Carlo) -- neither is settable
| * from the deck itself: every plain corner section of
| * libs.tech/combined/sky130.lib.spice sets both to 0, the `*_mm` sections set
| * MC_MM_SWITCH=1 (MC_PR_SWITCH stays 0), and the `mc` section sets
| * MC_PR_SWITCH=1 (MC_MM_SWITCH stays 0). The section name is therefore the
| * switch. This run script exercises BOTH: `tt_mm` for the local-mismatch
| * points, `mc` for the global-process point, `tt` for the control point
| * (which must return sigma == 0 exactly for both switches).
| *
| * AGAUSS() is evaluated per subcircuit *instance*, so separate instantiations
| * of the same subcircuit already draw independently -- no per-device
| * parameter plumbing needed. ngspice re-draws on `reset`, which is what makes
| * the control loop below a genuine Monte Carlo; `setseed` makes it
| * reproducible.
| *
| * ---------------------------------------------------------------------------
| * Topology -- THIS repo's own PNP usage, not a re-run of sky130-bandgap's
| * ---------------------------------------------------------------------------
| * Confirmed by grep across design/netlist/*.spice (issue #17 port time):
| * every PNP instance in this repo's design is
| * `sky130_fd_pr__pnp_05v5_W3p40L3p40` (the LARGE fixed emitter size) --
| * design/bias_core.md's own device-mapping table explains why: sky130 ships
| * only two fixed PNP emitter sizes and the small one (W0p68L0p68) is not used
| * anywhere in this design, so sky130-bandgap's own small/large area-ratioed
| * mismatch pair does not map onto this repo's actual circuit. What this
| * design DOES have, in both bias_core and temp_core
| * (design/netlist/bias_core.spice, design/netlist/temp_core.spice): a single
| * PNP (`XQ1`) diode-connected c=VSS b=VSS e=<node>, and an 8-way PARALLEL
| * array of identical PNPs (`XQ8A`..`XQ8H`, same connection convention, all
| * eight emitters tied to one shared node) built as eight separate X
| * instances -- not one instance with `mult=8` -- exactly as
| * design/bias_core.md documents ("mult only scales the mismatch terms, not
| * Is, the identical quirk gf180's pnp_10p00x10p00 has"). This IS the real
| * 8:1-ratio PTAT ΔVBE core the design's own topology depends on, so this
| * deck reproduces it directly rather than inventing a device-size ratio this
| * design does not have:
| *
| *   (a) "identical" pair: two single-unit W3p40L3p40 devices at equal
| *       emitter current -- the pair-offset any single-unit leg in this
| *       design sees (e.g. XQ1 vs one leg of the XQ8x array, or XQR).
| *   (b) "array1v8" pair: one single-unit device vs 8 PARALLEL units sharing
| *       one node, fed the SAME total branch current as the single unit (so
| *       each of the 8 legs carries 1/8th the single device's current
| *       density) -- the actual XQ1-vs-XQ8A..H topology, where a shared
| *       mirrored branch current is split 8 ways. This 8x current-density
| *       ratio is what generates the real VT*ln(8) PTAT ΔVBE term the design
| *       depends on. The 8-parallel array's *combined* random Is deviation is
| *       the average of 8 independent per-instance draws, so its relative
| *       mismatch sigma is expected to land near 1/sqrt(8) of a single
| *       device's -- a real, falsifiable prediction of this exact topology
| *       (see run_pnp_mismatch.py's analytic_sigma()).
| *
| * Every DUT is diode-connected the way this design's PNPs actually are:
| * collector and base tied to VSS (=0 here), emitter driven by an ideal
| * current source, so VEB = v(emitter node). Subcircuit pin order is (c b e),
| * hence `X<name> 0 0 <emitter-node>`.
| *
| * Bias currents: 1 uA and 10 uA total branch current for both the identical
| * pair (per device) and the array1v8 pair (split 8 ways in the array leg) --
| * the same two rungs sky130-bandgap's own mismatch record used (its own
| * cross-reference: rungs of a 100 nA..100 uA half-decade characterization
| * ladder), kept here for cross-repo comparability. This repo's own
| * per-branch bias currents have not been characterized against sky130 models
| * yet (spec/porting-plan.md Sec4 item 2, not yet filed) -- these are
| * generic, round convenience points, not a claim about this design's actual
| * bias point.
| *
| * No supply rail exists in this deck: every DUT is referred to its own
| * emitter node and biased by an ideal current source, the same as
| * sky130-bandgap's own sim/pnp-mismatch/ (see that repo's tb_pnp_mismatch.spice
| * for the identical justification, which applies unchanged here).
| *
| * ---------------------------------------------------------------------------
| * Inputs supplied by the run script (this deck is not standalone)
| * ---------------------------------------------------------------------------
| *   corner.spice  -- generated: `.lib <sky130.lib.spice> <section>` + `.temp`
| *   $mc_seed      -- ngspice variable, set from the generated .spiceinit
| *   $mc_runs      -- ngspice variable, set from the generated .spiceinit
| * The defaults below apply only if the deck is driven by hand.
| 
| .include corner.spice
| 
| * ---- identical pair: W3p40L3p40 x2, 1 uA ----
| Ia1a 0 ea1a 1u
| XA1a 0 0 ea1a sky130_fd_pr__pnp_05v5_W3p40L3p40
| Ia1b 0 ea1b 1u
| XA1b 0 0 ea1b sky130_fd_pr__pnp_05v5_W3p40L3p40
| 
| * ---- identical pair: W3p40L3p40 x2, 10 uA ----
| Ia10a 0 ea10a 10u
| XA10a 0 0 ea10a sky130_fd_pr__pnp_05v5_W3p40L3p40
| Ia10b 0 ea10b 10u
| XA10b 0 0 ea10b sky130_fd_pr__pnp_05v5_W3p40L3p40
| 
| * ---- array1v8 pair: single vs 8-parallel W3p40L3p40, SAME total branch
| * current shared 8 ways (matching bias_core's/temp_core's real topology:
| * XQ1 carries the full branch current alone, XQ8A..H share the same total
| * current 8 ways -- an 8x lower per-device current density in the array,
| * which is what generates the real VT*ln(8) PTAT term. Scaling the array's
| * current source UP by 8x instead (equalizing per-device current density)
| * would cancel that ratio to ~0 -- exactly the kind of mistake
| * run_pnp_mismatch.py's own signal_vs_sigma check exists to catch, not
| * silently accept. ----
| Ir1a 0 er1a 1u
| XR1a 0 0 er1a sky130_fd_pr__pnp_05v5_W3p40L3p40
| Ir1b 0 er1b 1u
| XR1b0 0 0 er1b sky130_fd_pr__pnp_05v5_W3p40L3p40
| XR1b1 0 0 er1b sky130_fd_pr__pnp_05v5_W3p40L3p40
| XR1b2 0 0 er1b sky130_fd_pr__pnp_05v5_W3p40L3p40
| XR1b3 0 0 er1b sky130_fd_pr__pnp_05v5_W3p40L3p40
| XR1b4 0 0 er1b sky130_fd_pr__pnp_05v5_W3p40L3p40
| XR1b5 0 0 er1b sky130_fd_pr__pnp_05v5_W3p40L3p40
| XR1b6 0 0 er1b sky130_fd_pr__pnp_05v5_W3p40L3p40
| XR1b7 0 0 er1b sky130_fd_pr__pnp_05v5_W3p40L3p40
| 
| * ---- array1v8 pair: single vs 8-parallel W3p40L3p40, SAME total branch
| * current shared 8 ways (see the note above) ----
| Ir10a 0 er10a 10u
| XR10a 0 0 er10a sky130_fd_pr__pnp_05v5_W3p40L3p40
| Ir10b 0 er10b 10u
| XR10b0 0 0 er10b sky130_fd_pr__pnp_05v5_W3p40L3p40
| XR10b1 0 0 er10b sky130_fd_pr__pnp_05v5_W3p40L3p40
| XR10b2 0 0 er10b sky130_fd_pr__pnp_05v5_W3p40L3p40
| XR10b3 0 0 er10b sky130_fd_pr__pnp_05v5_W3p40L3p40
| XR10b4 0 0 er10b sky130_fd_pr__pnp_05v5_W3p40L3p40
| XR10b5 0 0 er10b sky130_fd_pr__pnp_05v5_W3p40L3p40
| XR10b6 0 0 er10b sky130_fd_pr__pnp_05v5_W3p40L3p40
| XR10b7 0 0 er10b sky130_fd_pr__pnp_05v5_W3p40L3p40
| 
| .control
| if $?mc_seed
|   setseed $mc_seed
| else
|   setseed 20260825
| end
| if $?mc_runs
|   let nruns = $mc_runs
| else
|   let nruns = 300
| end
| set width  = 512
| set height = 100000
| let run = 0
| dowhile run < nruns
|   reset
|   op
|   let da1   = v(ea1a)  - v(ea1b)
|   let da10  = v(ea10a) - v(ea10b)
|   let dr1   = v(er1a)  - v(er1b)
|   let dr10  = v(er10a) - v(er10b)
|   let vr1a  = v(er1a)
|   let vr1b  = v(er1b)
|   let vr10a = v(er10a)
|   let vr10b = v(er10b)
|   print da1 da10 dr1 dr10 vr1a vr1b vr10a vr10b
|   let run = run + 1
| end
| quit
| .endc
| 
| .end

# ==== ngspice stdout+stderr ====

Note: Compatibility modes selected: hs a


Circuit: * tb_pnp_mismatch.spice -- sky130 substrate-pnp local-mismatch monte carlo

option SCALE: Scale is set to 1e-06 for instance and model parameters
option SCALE: Scale is set to 1e-06 for instance and model parameters
option SCALE: Scale is set to 1e-06 for instance and model parameters
option SCALE: Scale is set to 1e-06 for instance and model parameters
Reset re-loads circuit * tb_pnp_mismatch.spice -- sky130 substrate-pnp local-mismatch monte carlo

Circuit: * tb_pnp_mismatch.spice -- sky130 substrate-pnp local-mismatch monte carlo

option SCALE: Scale is set to 1e-06 for instance and model parameters
option SCALE: Scale is set to 1e-06 for instance and model parameters
option SCALE: Scale is set to 1e-06 for instance and model parameters
option SCALE: Scale is set to 1e-06 for instance and model parameters
Doing analysis at TEMP = 125.000000 and TNOM = 27.000000

Using KLU as Direct Linear Solver
 Reference value :  0.00000e+00
No. of Data Rows : 1
da1 = 2.891356e-06
da10 = 2.323729e-04
dr1 = 7.247277e-02
dr10 = 7.300515e-02
vr1a = 4.847854e-01
vr1b = 4.123126e-01
vr10a = 5.653506e-01
vr10b = 4.923454e-01
Reset re-loads circuit * tb_pnp_mismatch.spice -- sky130 substrate-pnp local-mismatch monte carlo

Circuit: * tb_pnp_mismatch.spice -- sky130 substrate-pnp local-mismatch monte carlo

option SCALE: Scale is set to 1e-06 for instance and model parameters
option SCALE: Scale is set to 1e-06 for instance and model parameters
option SCALE: Scale is set to 1e-06 for instance and model parameters
option SCALE: Scale is set to 1e-06 for instance and model parameters
Doing analysis at TEMP = 125.000000 and TNOM = 27.000000

Using KLU as Direct Linear Solver

No. of Data Rows : 1
da1 = 3.287587e-04
da10 = -2.40191e-04
dr1 = 7.203621e-02
dr10 = 7.294063e-02
vr1a = 4.843663e-01
vr1b = 4.123301e-01
vr10a = 5.653540e-01
vr10b = 4.924134e-01
Reset re-loads circuit * tb_pnp_mismatch.spice -- sky130 substrate-pnp local-mismatch monte carlo

Circuit: * tb_pnp_mismatch.spice -- sky130 substrate-pnp local-mismatch monte carlo

option SCALE: Scale is set to 1e-06 for instance and model parameters
option SCALE: Scale is set to 1e-06 for instance and model parameters
option SCALE: Scale is set to 1e-06 for instance and model parameters
option SCALE: Scale is set to 1e-06 for instance and model parameters
Doing analysis at TEMP = 125.000000 and TNOM = 27.000000

Using KLU as Direct Linear Solver

No. of Data Rows : 1
da1 = -2.45486e-04
da10 = -9.24027e-05
dr1 = 7.230580e-02
dr10 = 7.331649e-02
vr1a = 4.846430e-01
vr1b = 4.123372e-01
vr10a = 5.656926e-01
vr10b = 4.923761e-01
Reset re-loads circuit * tb_pnp_mismatch.spice -- sky130 substrate-pnp local-mismatch monte carlo

Circuit: * tb_pnp_mismatch.spice -- sky130 substrate-pnp local-mismatch monte carlo

option SCALE: Scale is set to 1e-06 for instance and model parameters
option SCALE: Scale is set to 1e-06 for instance and model parameters
option SCALE: Scale is set to 1e-06 for instance and model parameters
option SCALE: Scale is set to 1e-06 for instance and model parameters
Doing analysis at TEMP = 125.000000 and TNOM = 27.000000

Using KLU as Direct Linear Solver

No. of Data Rows : 1
da1 = -3.39518e-04
da10 = -1.45677e-04
dr1 = 7.214274e-02
dr10 = 7.329382e-02
vr1a = 4.844237e-01
vr1b = 4.122810e-01
vr10a = 5.656593e-01
vr10b = 4.923655e-01
Reset re-loads circuit * tb_pnp_mismatch.spice -- sky130 substrate-pnp local-mismatch monte carlo

Circuit: * tb_pnp_mismatch.spice -- sky130 substrate-pnp local-mismatch monte carlo

option SCALE: Scale is set to 1e-06 for instance and model parameters
option SCALE: Scale is set to 1e-06 for instance and model parameters
option SCALE: Scale is set to 1e-06 for instance and model parameters
option SCALE: Scale is set to 1e-06 for instance and model parameters
Doing analysis at TEMP = 125.000000 and TNOM = 27.000000

Using KLU as Direct Linear Solver

No. of Data Rows : 1
da1 = 6.925433e-05
da10 = -3.97538e-04
dr1 = 7.219135e-02
dr10 = 7.292273e-02
vr1a = 4.844884e-01
vr1b = 4.122970e-01
vr10a = 5.652913e-01
vr10b = 4.923686e-01
Reset re-loads circuit * tb_pnp_mismatch.spice -- sky130 substrate-pnp local-mismatch monte carlo

Circuit: * tb_pnp_mismatch.spice -- sky130 substrate-pnp local-mismatch monte carlo

option SCALE: Scale is set to 1e-06 for instance and model parameters
option SCALE: Scale is set to 1e-06 for instance and model parameters
option SCALE: Scale is set to 1e-06 for instance and model parameters
option SCALE: Scale is set to 1e-06 for instance and model parameters
Doing analysis at TEMP = 125.000000 and TNOM = 27.000000

Using KLU as Direct Linear Solver

No. of Data Rows : 1
da1 = -1.57295e-05
da10 = -3.88076e-05
dr1 = 7.257148e-02
dr10 = 7.303631e-02
vr1a = 4.848143e-01
vr1b = 4.122428e-01
vr10a = 5.654377e-01
vr10b = 4.924014e-01
Reset re-loads circuit * tb_pnp_mismatch.spice -- sky130 substrate-pnp local-mismatch monte carlo

Circuit: * tb_pnp_mismatch.spice -- sky130 substrate-pnp local-mismatch monte carlo

option SCALE: Scale is set to 1e-06 for instance and model parameters
option SCALE: Scale is set to 1e-06 for instance and model parameters
option SCALE: Scale is set to 1e-06 for instance and model parameters
option SCALE: Scale is set to 1e-06 for instance and model parameters
Doing analysis at TEMP = 125.000000 and TNOM = 27.000000

Using KLU as Direct Linear Solver

No. of Data Rows : 1
da1 = 1.519106e-04
da10 = 2.210524e-05
dr1 = 7.233641e-02
dr10 = 7.313830e-02
vr1a = 4.847280e-01
vr1b = 4.123916e-01
vr10a = 5.654703e-01
vr10b = 4.923320e-01
Reset re-loads circuit * tb_pnp_mismatch.spice -- sky130 substrate-pnp local-mismatch monte carlo

Circuit: * tb_pnp_mismatch.spice -- sky130 substrate-pnp local-mismatch monte carlo

option SCALE: Scale is set to 1e-06 for instance and model parameters
option SCALE: Scale is set to 1e-06 for instance and model parameters
option SCALE: Scale is set to 1e-06 for instance and model parameters
option SCALE: Scale is set to 1e-06 for instance and model parameters
Doing analysis at TEMP = 125.000000 and TNOM = 27.000000

Using KLU as Direct Linear Solver

No. of Data Rows : 1
da1 = 2.841233e-05
da10 = 2.530697e-05
dr1 = 7.223040e-02
dr10 = 7.299458e-02
vr1a = 4.846048e-01
vr1b = 4.123744e-01
vr10a = 5.654470e-01
vr10b = 4.924524e-01
Reset re-loads circuit * tb_pnp_mismatch.spice -- sky130 substrate-pnp local-mismatch monte carlo

Circuit: * tb_pnp_mismatch.spice -- sky130 substrate-pnp local-mismatch monte carlo

option SCALE: Scale is set to 1e-06 for instance and model parameters
option SCALE: Scale is set to 1e-06 for instance and model parameters
option SCALE: Scale is set to 1e-06 for instance and model parameters
option SCALE: Scale is set to 1e-06 for instance and model parameters
Doing analysis at TEMP = 125.000000 and TNOM = 27.000000

Using KLU as Direct Linear Solver

No. of Data Rows : 1
da1 = -1.38358e-04
da10 = -1.39754e-04
dr1 = 7.196958e-02
dr10 = 7.332737e-02
vr1a = 4.842845e-01
vr1b = 4.123149e-01
vr10a = 5.657173e-01
vr10b = 4.923900e-01
Reset re-loads circuit * tb_pnp_mismatch.spice -- sky130 substrate-pnp local-mismatch monte carlo

Circuit: * tb_pnp_mismatch.spice -- sky130 substrate-pnp local-mismatch monte carlo

option SCALE: Scale is set to 1e-06 for instance and model parameters
option SCALE: Scale is set to 1e-06 for instance and model parameters
option SCALE: Scale is set to 1e-06 for instance and model parameters
option SCALE: Scale is set to 1e-06 for instance and model parameters
Doing analysis at TEMP = 125.000000 and TNOM = 27.000000

Using KLU as Direct Linear Solver

No. of Data Rows : 1
da1 = -3.80392e-05
da10 = -8.01300e-05
dr1 = 7.217289e-02
dr10 = 7.314471e-02
vr1a = 4.845055e-01
vr1b = 4.123326e-01
vr10a = 5.655369e-01
vr10b = 4.923922e-01
Reset re-loads circuit * tb_pnp_mismatch.spice -- sky130 substrate-pnp local-mismatch monte carlo

Circuit: * tb_pnp_mismatch.spice -- sky130 substrate-pnp local-mismatch monte carlo

option SCALE: Scale is set to 1e-06 for instance and model parameters
option SCALE: Scale is set to 1e-06 for instance and model parameters
option SCALE: Scale is set to 1e-06 for instance and model parameters
option SCALE: Scale is set to 1e-06 for instance and model parameters
Doing analysis at TEMP = 125.000000 and TNOM = 27.000000

Using KLU as Direct Linear Solver

No. of Data Rows : 1
da1 = -2.12698e-04
da10 = -2.57210e-06
dr1 = 7.204690e-02
dr10 = 7.303970e-02
vr1a = 4.843748e-01
vr1b = 4.123279e-01
vr10a = 5.654201e-01
vr10b = 4.923804e-01
Reset re-loads circuit * tb_pnp_mismatch.spice -- sky130 substrate-pnp local-mismatch monte carlo

Circuit: * tb_pnp_mismatch.spice -- sky130 substrate-pnp local-mismatch monte carlo

option SCALE: Scale is set to 1e-06 for instance and model parameters
option SCALE: Scale is set to 1e-06 for instance and model parameters
option SCALE: Scale is set to 1e-06 for instance and model parameters
option SCALE: Scale is set to 1e-06 for instance and model parameters
Doing analysis at TEMP = 125.000000 and TNOM = 27.000000

Using KLU as Direct Linear Solver

No. of Data Rows : 1
da1 = -1.64392e-04
da10 = 1.146156e-04
dr1 = 7.245006e-02
dr10 = 7.317293e-02
vr1a = 4.847230e-01
vr1b = 4.122730e-01
vr10a = 5.655565e-01
vr10b = 4.923835e-01
Reset re-loads circuit * tb_pnp_mismatch.spice -- sky130 substrate-pnp local-mismatch monte carlo

Circuit: * tb_pnp_mismatch.spice -- sky130 substrate-pnp local-mismatch monte carlo

option SCALE: Scale is set to 1e-06 for instance and model parameters
option SCALE: Scale is set to 1e-06 for instance and model parameters
option SCALE: Scale is set to 1e-06 for instance and model parameters
option SCALE: Scale is set to 1e-06 for instance and model parameters
Doing analysis at TEMP = 125.000000 and TNOM = 27.000000

Using KLU as Direct Linear Solver

No. of Data Rows : 1
da1 = 1.677210e-04
da10 = 3.212008e-05
dr1 = 7.244585e-02
dr10 = 7.307113e-02
vr1a = 4.847203e-01
vr1b = 4.122745e-01
vr10a = 5.653590e-01
vr10b = 4.922879e-01
Reset re-loads circuit * tb_pnp_mismatch.spice -- sky130 substrate-pnp local-mismatch monte carlo

Circuit: * tb_pnp_mismatch.spice -- sky130 substrate-pnp local-mismatch monte carlo

option SCALE: Scale is set to 1e-06 for instance and model parameters
option SCALE: Scale is set to 1e-06 for instance and model parameters
option SCALE: Scale is set to 1e-06 for instance and model parameters
option SCALE: Scale is set to 1e-06 for instance and model parameters
Doing analysis at TEMP = 125.000000 and TNOM = 27.000000

Using KLU as Direct Linear Solver

No. of Data Rows : 1
da1 = 1.519311e-04
da10 = -8.10251e-05
dr1 = 7.219582e-02
dr10 = 7.303978e-02
vr1a = 4.845930e-01
vr1b = 4.123972e-01
vr10a = 5.654511e-01
vr10b = 4.924114e-01
Reset re-loads circuit * tb_pnp_mismatch.spice -- sky130 substrate-pnp local-mismatch monte carlo

Circuit: * tb_pnp_mismatch.spice -- sky130 substrate-pnp local-mismatch monte carlo

option SCALE: Scale is set to 1e-06 for instance and model parameters
option SCALE: Scale is set to 1e-06 for instance and model parameters
option SCALE: Scale is set to 1e-06 for instance and model parameters
option SCALE: Scale is set to 1e-06 for instance and model parameters
Doing analysis at TEMP = 125.000000 and TNOM = 27.000000

Using KLU as Direct Linear Solver

No. of Data Rows : 1
da1 = -9.32580e-05
da10 = 2.667583e-04
dr1 = 7.210270e-02
dr10 = 7.335967e-02
vr1a = 4.844645e-01
vr1b = 4.123618e-01
vr10a = 5.657040e-01
vr10b = 4.923444e-01
Reset re-loads circuit * tb_pnp_mismatch.spice -- sky130 substrate-pnp local-mismatch monte carlo

Circuit: * tb_pnp_mismatch.spice -- sky130 substrate-pnp local-mismatch monte carlo

option SCALE: Scale is set to 1e-06 for instance and model parameters
option SCALE: Scale is set to 1e-06 for instance and model parameters
option SCALE: Scale is set to 1e-06 for instance and model parameters
option SCALE: Scale is set to 1e-06 for instance and model parameters
Doing analysis at TEMP = 125.000000 and TNOM = 27.000000

Using KLU as Direct Linear Solver

No. of Data Rows : 1
da1 = 4.584844e-05
da10 = 3.212597e-04
dr1 = 7.199449e-02
dr10 = 7.316462e-02
vr1a = 4.843197e-01
vr1b = 4.123252e-01
vr10a = 5.656263e-01
vr10b = 4.924616e-01
Reset re-loads circuit * tb_pnp_mismatch.spice -- sky130 substrate-pnp local-mismatch monte carlo

Circuit: * tb_pnp_mismatch.spice -- sky130 substrate-pnp local-mismatch monte carlo

option SCALE: Scale is set to 1e-06 for instance and model parameters
option SCALE: Scale is set to 1e-06 for instance and model parameters
option SCALE: Scale is set to 1e-06 for instance and model parameters
option SCALE: Scale is set to 1e-06 for instance and model parameters
Doing analysis at TEMP = 125.000000 and TNOM = 27.000000

Using KLU as Direct Linear Solver

No. of Data Rows : 1
da1 = -3.74161e-04
da10 = -1.34844e-04
dr1 = 7.239666e-02
dr10 = 7.282950e-02
vr1a = 4.847290e-01
vr1b = 4.123323e-01
vr10a = 5.652035e-01
vr10b = 4.923741e-01
Reset re-loads circuit * tb_pnp_mismatch.spice -- sky130 substrate-pnp local-mismatch monte carlo

Circuit: * tb_pnp_mismatch.spice -- sky130 substrate-pnp local-mismatch monte carlo

option SCALE: Scale is set to 1e-06 for instance and model parameters
option SCALE: Scale is set to 1e-06 for instance and model parameters
option SCALE: Scale is set to 1e-06 for instance and model parameters
option SCALE: Scale is set to 1e-06 for instance and model parameters
Doing analysis at TEMP = 125.000000 and TNOM = 27.000000

Using KLU as Direct Linear Solver

No. of Data Rows : 1
da1 = 1.239821e-04
da10 = 2.109939e-04
dr1 = 7.212607e-02
dr10 = 7.317431e-02
vr1a = 4.844557e-01
vr1b = 4.123297e-01
vr10a = 5.655632e-01
vr10b = 4.923889e-01
Reset re-loads circuit * tb_pnp_mismatch.spice -- sky130 substrate-pnp local-mismatch monte carlo

Circuit: * tb_pnp_mismatch.spice -- sky130 substrate-pnp local-mismatch monte carlo

option SCALE: Scale is set to 1e-06 for instance and model parameters
option SCALE: Scale is set to 1e-06 for instance and model parameters
option SCALE: Scale is set to 1e-06 for instance and model parameters
option SCALE: Scale is set to 1e-06 for instance and model parameters
Doing analysis at TEMP = 125.000000 and TNOM = 27.000000

Using KLU as Direct Linear Solver

No. of Data Rows : 1
da1 = -1.51316e-04
da10 = 1.017410e-04
dr1 = 7.225931e-02
dr10 = 7.305421e-02
vr1a = 4.845306e-01
vr1b = 4.122712e-01
vr10a = 5.654600e-01
vr10b = 4.924058e-01
Reset re-loads circuit * tb_pnp_mismatch.spice -- sky130 substrate-pnp local-mismatch monte carlo

Circuit: * tb_pnp_mismatch.spice -- sky130 substrate-pnp local-mismatch monte carlo

option SCALE: Scale is set to 1e-06 for instance and model parameters
option SCALE: Scale is set to 1e-06 for instance and model parameters
option SCALE: Scale is set to 1e-06 for instance and model parameters
option SCALE: Scale is set to 1e-06 for instance and model parameters
Doing analysis at TEMP = 125.000000 and TNOM = 27.000000

Using KLU as Direct Linear Solver

No. of Data Rows : 1
da1 = 1.978817e-04
da10 = -5.34614e-06
dr1 = 7.224279e-02
dr10 = 7.282729e-02
vr1a = 4.846175e-01
vr1b = 4.123747e-01
vr10a = 5.652434e-01
vr10b = 4.924161e-01
Reset re-loads circuit * tb_pnp_mismatch.spice -- sky130 substrate-pnp local-mismatch monte carlo

Circuit: * tb_pnp_mismatch.spice -- sky130 substrate-pnp local-mismatch monte carlo

option SCALE: Scale is set to 1e-06 for instance and model parameters
option SCALE: Scale is set to 1e-06 for instance and model parameters
option SCALE: Scale is set to 1e-06 for instance and model parameters
option SCALE: Scale is set to 1e-06 for instance and model parameters
Doing analysis at TEMP = 125.000000 and TNOM = 27.000000

Using KLU as Direct Linear Solver

No. of Data Rows : 1
da1 = -3.15282e-04
da10 = -4.02126e-06
dr1 = 7.239699e-02
dr10 = 7.300361e-02
vr1a = 4.846962e-01
vr1b = 4.122992e-01
vr10a = 5.653657e-01
vr10b = 4.923621e-01
Reset re-loads circuit * tb_pnp_mismatch.spice -- sky130 substrate-pnp local-mismatch monte carlo

Circuit: * tb_pnp_mismatch.spice -- sky130 substrate-pnp local-mismatch monte carlo

option SCALE: Scale is set to 1e-06 for instance and model parameters
option SCALE: Scale is set to 1e-06 for instance and model parameters
option SCALE: Scale is set to 1e-06 for instance and model parameters
option SCALE: Scale is set to 1e-06 for instance and model parameters
Doing analysis at TEMP = 125.000000 and TNOM = 27.000000

Using KLU as Direct Linear Solver

No. of Data Rows : 1
da1 = -2.23151e-05
da10 = -2.57668e-04
dr1 = 7.203596e-02
dr10 = 7.271771e-02
vr1a = 4.843837e-01
vr1b = 4.123477e-01
vr10a = 5.650662e-01
vr10b = 4.923485e-01
Reset re-loads circuit * tb_pnp_mismatch.spice -- sky130 substrate-pnp local-mismatch monte carlo

Circuit: * tb_pnp_mismatch.spice -- sky130 substrate-pnp local-mismatch monte carlo

option SCALE: Scale is set to 1e-06 for instance and model parameters
option SCALE: Scale is set to 1e-06 for instance and model parameters
option SCALE: Scale is set to 1e-06 for instance and model parameters
option SCALE: Scale is set to 1e-06 for instance and model parameters
Doing analysis at TEMP = 125.000000 and TNOM = 27.000000

Using KLU as Direct Linear Solver

No. of Data Rows : 1
da1 = -4.14942e-04
da10 = -3.17177e-04
dr1 = 7.250259e-02
dr10 = 7.306332e-02
vr1a = 4.849160e-01
vr1b = 4.124135e-01
vr10a = 5.653732e-01
vr10b = 4.923099e-01
Reset re-loads circuit * tb_pnp_mismatch.spice -- sky130 substrate-pnp local-mismatch monte carlo

Circuit: * tb_pnp_mismatch.spice -- sky130 substrate-pnp local-mismatch monte carlo

option SCALE: Scale is set to 1e-06 for instance and model parameters
option SCALE: Scale is set to 1e-06 for instance and model parameters
option SCALE: Scale is set to 1e-06 for instance and model parameters
option SCALE: Scale is set to 1e-06 for instance and model parameters
Doing analysis at TEMP = 125.000000 and TNOM = 27.000000

Using KLU as Direct Linear Solver

No. of Data Rows : 1
da1 = -4.12903e-04
da10 = 1.617831e-04
dr1 = 7.245109e-02
dr10 = 7.319957e-02
vr1a = 4.847524e-01
vr1b = 4.123013e-01
vr10a = 5.655915e-01
vr10b = 4.923919e-01
Reset re-loads circuit * tb_pnp_mismatch.spice -- sky130 substrate-pnp local-mismatch monte carlo

Circuit: * tb_pnp_mismatch.spice -- sky130 substrate-pnp local-mismatch monte carlo

option SCALE: Scale is set to 1e-06 for instance and model parameters
option SCALE: Scale is set to 1e-06 for instance and model parameters
option SCALE: Scale is set to 1e-06 for instance and model parameters
option SCALE: Scale is set to 1e-06 for instance and model parameters
Doing analysis at TEMP = 125.000000 and TNOM = 27.000000

Using KLU as Direct Linear Solver

No. of Data Rows : 1
da1 = -1.04911e-04
da10 = -8.18382e-05
dr1 = 7.229883e-02
dr10 = 7.308417e-02
vr1a = 4.846582e-01
vr1b = 4.123594e-01
vr10a = 5.655131e-01
vr10b = 4.924289e-01
Reset re-loads circuit * tb_pnp_mismatch.spice -- sky130 substrate-pnp local-mismatch monte carlo

Circuit: * tb_pnp_mismatch.spice -- sky130 substrate-pnp local-mismatch monte carlo

option SCALE: Scale is set to 1e-06 for instance and model parameters
option SCALE: Scale is set to 1e-06 for instance and model parameters
option SCALE: Scale is set to 1e-06 for instance and model parameters
option SCALE: Scale is set to 1e-06 for instance and model parameters
Doing analysis at TEMP = 125.000000 and TNOM = 27.000000

Using KLU as Direct Linear Solver

No. of Data Rows : 1
da1 = -1.40203e-04
da10 = 1.472408e-04
dr1 = 7.224841e-02
dr10 = 7.300907e-02
vr1a = 4.846114e-01
vr1b = 4.123630e-01
vr10a = 5.654729e-01
vr10b = 4.924639e-01
Reset re-loads circuit * tb_pnp_mismatch.spice -- sky130 substrate-pnp local-mismatch monte carlo

Circuit: * tb_pnp_mismatch.spice -- sky130 substrate-pnp local-mismatch monte carlo

option SCALE: Scale is set to 1e-06 for instance and model parameters
option SCALE: Scale is set to 1e-06 for instance and model parameters
option SCALE: Scale is set to 1e-06 for instance and model parameters
option SCALE: Scale is set to 1e-06 for instance and model parameters
Doing analysis at TEMP = 125.000000 and TNOM = 27.000000

Using KLU as Direct Linear Solver

No. of Data Rows : 1
da1 = -1.76219e-04
da10 = 2.966842e-04
dr1 = 7.227524e-02
dr10 = 7.299917e-02
vr1a = 4.845843e-01
vr1b = 4.123091e-01
vr10a = 5.653929e-01
vr10b = 4.923937e-01
Reset re-loads circuit * tb_pnp_mismatch.spice -- sky130 substrate-pnp local-mismatch monte carlo

Circuit: * tb_pnp_mismatch.spice -- sky130 substrate-pnp local-mismatch monte carlo

option SCALE: Scale is set to 1e-06 for instance and model parameters
option SCALE: Scale is set to 1e-06 for instance and model parameters
option SCALE: Scale is set to 1e-06 for instance and model parameters
option SCALE: Scale is set to 1e-06 for instance and model parameters
Doing analysis at TEMP = 125.000000 and TNOM = 27.000000

Using KLU as Direct Linear Solver

No. of Data Rows : 1
da1 = 1.128641e-04
da10 = 1.471184e-04
dr1 = 7.224307e-02
dr10 = 7.307696e-02
vr1a = 4.845698e-01
vr1b = 4.123267e-01
vr10a = 5.654197e-01
vr10b = 4.923427e-01
Reset re-loads circuit * tb_pnp_mismatch.spice -- sky130 substrate-pnp local-mismatch monte carlo

Circuit: * tb_pnp_mismatch.spice -- sky130 substrate-pnp local-mismatch monte carlo

option SCALE: Scale is set to 1e-06 for instance and model parameters
option SCALE: Scale is set to 1e-06 for instance and model parameters
option SCALE: Scale is set to 1e-06 for instance and model parameters
option SCALE: Scale is set to 1e-06 for instance and model parameters
Doing analysis at TEMP = 125.000000 and TNOM = 27.000000

Using KLU as Direct Linear Solver

No. of Data Rows : 1
da1 = 2.253918e-04
da10 = 1.888554e-04
dr1 = 7.215100e-02
dr10 = 7.307563e-02
vr1a = 4.844986e-01
vr1b = 4.123476e-01
vr10a = 5.654337e-01
vr10b = 4.923581e-01
Reset re-loads circuit * tb_pnp_mismatch.spice -- sky130 substrate-pnp local-mismatch monte carlo

Circuit: * tb_pnp_mismatch.spice -- sky130 substrate-pnp local-mismatch monte carlo

option SCALE: Scale is set to 1e-06 for instance and model parameters
option SCALE: Scale is set to 1e-06 for instance and model parameters
option SCALE: Scale is set to 1e-06 for instance and model parameters
option SCALE: Scale is set to 1e-06 for instance and model parameters
Doing analysis at TEMP = 125.000000 and TNOM = 27.000000

Using KLU as Direct Linear Solver

No. of Data Rows : 1
da1 = 1.753876e-04
da10 = -6.43159e-05
dr1 = 7.227904e-02
dr10 = 7.305763e-02
vr1a = 4.845808e-01
vr1b = 4.123018e-01
vr10a = 5.654165e-01
vr10b = 4.923589e-01
Reset re-loads circuit * tb_pnp_mismatch.spice -- sky130 substrate-pnp local-mismatch monte carlo

Circuit: * tb_pnp_mismatch.spice -- sky130 substrate-pnp local-mismatch monte carlo

option SCALE: Scale is set to 1e-06 for instance and model parameters
option SCALE: Scale is set to 1e-06 for instance and model parameters
option SCALE: Scale is set to 1e-06 for instance and model parameters
option SCALE: Scale is set to 1e-06 for instance and model parameters
Doing analysis at TEMP = 125.000000 and TNOM = 27.000000

Using KLU as Direct Linear Solver

No. of Data Rows : 1
da1 = 2.393813e-04
da10 = -1.42555e-04
dr1 = 7.258295e-02
dr10 = 7.302147e-02
vr1a = 4.848176e-01
vr1b = 4.122347e-01
vr10a = 5.654645e-01
vr10b = 4.924430e-01
Reset re-loads circuit * tb_pnp_mismatch.spice -- sky130 substrate-pnp local-mismatch monte carlo

Circuit: * tb_pnp_mismatch.spice -- sky130 substrate-pnp local-mismatch monte carlo

option SCALE: Scale is set to 1e-06 for instance and model parameters
option SCALE: Scale is set to 1e-06 for instance and model parameters
option SCALE: Scale is set to 1e-06 for instance and model parameters
option SCALE: Scale is set to 1e-06 for instance and model parameters
Doing analysis at TEMP = 125.000000 and TNOM = 27.000000

Using KLU as Direct Linear Solver

No. of Data Rows : 1
da1 = 9.446438e-05
da10 = 2.468565e-04
dr1 = 7.237519e-02
dr10 = 7.309777e-02
vr1a = 4.846928e-01
vr1b = 4.123176e-01
vr10a = 5.654758e-01
vr10b = 4.923780e-01
Reset re-loads circuit * tb_pnp_mismatch.spice -- sky130 substrate-pnp local-mismatch monte carlo

Circuit: * tb_pnp_mismatch.spice -- sky130 substrate-pnp local-mismatch monte carlo

option SCALE: Scale is set to 1e-06 for instance and model parameters
option SCALE: Scale is set to 1e-06 for instance and model parameters
option SCALE: Scale is set to 1e-06 for instance and model parameters
option SCALE: Scale is set to 1e-06 for instance and model parameters
Doing analysis at TEMP = 125.000000 and TNOM = 27.000000

Using KLU as Direct Linear Solver

No. of Data Rows : 1
da1 = -1.72012e-04
da10 = -3.40369e-04
dr1 = 7.252874e-02
dr10 = 7.308667e-02
vr1a = 4.848243e-01
vr1b = 4.122956e-01
vr10a = 5.654428e-01
vr10b = 4.923562e-01
Reset re-loads circuit * tb_pnp_mismatch.spice -- sky130 substrate-pnp local-mismatch monte carlo

Circuit: * tb_pnp_mismatch.spice -- sky130 substrate-pnp local-mismatch monte carlo

option SCALE: Scale is set to 1e-06 for instance and model parameters
option SCALE: Scale is set to 1e-06 for instance and model parameters
option SCALE: Scale is set to 1e-06 for instance and model parameters
option SCALE: Scale is set to 1e-06 for instance and model parameters
Doing analysis at TEMP = 125.000000 and TNOM = 27.000000

Using KLU as Direct Linear Solver

No. of Data Rows : 1
da1 = 1.813976e-04
da10 = 3.173387e-04
dr1 = 7.248582e-02
dr10 = 7.311053e-02
vr1a = 4.848892e-01
vr1b = 4.124034e-01
vr10a = 5.654879e-01
vr10b = 4.923774e-01
Reset re-loads circuit * tb_pnp_mismatch.spice -- sky130 substrate-pnp local-mismatch monte carlo

Circuit: * tb_pnp_mismatch.spice -- sky130 substrate-pnp local-mismatch monte carlo

option SCALE: Scale is set to 1e-06 for instance and model parameters
option SCALE: Scale is set to 1e-06 for instance and model parameters
option SCALE: Scale is set to 1e-06 for instance and model parameters
option SCALE: Scale is set to 1e-06 for instance and model parameters
Doing analysis at TEMP = 125.000000 and TNOM = 27.000000

Using KLU as Direct Linear Solver

No. of Data Rows : 1
da1 = 3.403706e-04
da10 = -1.30075e-04
dr1 = 7.216736e-02
dr10 = 7.299901e-02
vr1a = 4.844756e-01
vr1b = 4.123082e-01
vr10a = 5.653651e-01
vr10b = 4.923660e-01
Reset re-loads circuit * tb_pnp_mismatch.spice -- sky130 substrate-pnp local-mismatch monte carlo

Circuit: * tb_pnp_mismatch.spice -- sky130 substrate-pnp local-mismatch monte carlo

option SCALE: Scale is set to 1e-06 for instance and model parameters
option SCALE: Scale is set to 1e-06 for instance and model parameters
option SCALE: Scale is set to 1e-06 for instance and model parameters
option SCALE: Scale is set to 1e-06 for instance and model parameters
Doing analysis at TEMP = 125.000000 and TNOM = 27.000000

Using KLU as Direct Linear Solver

No. of Data Rows : 1
da1 = 1.546881e-04
da10 = -2.36131e-04
dr1 = 7.215081e-02
dr10 = 7.313510e-02
vr1a = 4.846180e-01
vr1b = 4.124672e-01
vr10a = 5.655169e-01
vr10b = 4.923818e-01
Reset re-loads circuit * tb_pnp_mismatch.spice -- sky130 substrate-pnp local-mismatch monte carlo

Circuit: * tb_pnp_mismatch.spice -- sky130 substrate-pnp local-mismatch monte carlo

option SCALE: Scale is set to 1e-06 for instance and model parameters
option SCALE: Scale is set to 1e-06 for instance and model parameters
option SCALE: Scale is set to 1e-06 for instance and model parameters
option SCALE: Scale is set to 1e-06 for instance and model parameters
Doing analysis at TEMP = 125.000000 and TNOM = 27.000000

Using KLU as Direct Linear Solver

No. of Data Rows : 1
da1 = 1.575233e-04
da10 = -1.21638e-04
dr1 = 7.217742e-02
dr10 = 7.305723e-02
vr1a = 4.845310e-01
vr1b = 4.123536e-01
vr10a = 5.654837e-01
vr10b = 4.924265e-01
Reset re-loads circuit * tb_pnp_mismatch.spice -- sky130 substrate-pnp local-mismatch monte carlo

Circuit: * tb_pnp_mismatch.spice -- sky130 substrate-pnp local-mismatch monte carlo

option SCALE: Scale is set to 1e-06 for instance and model parameters
option SCALE: Scale is set to 1e-06 for instance and model parameters
option SCALE: Scale is set to 1e-06 for instance and model parameters
option SCALE: Scale is set to 1e-06 for instance and model parameters
Doing analysis at TEMP = 125.000000 and TNOM = 27.000000

Using KLU as Direct Linear Solver

No. of Data Rows : 1
da1 = -1.18909e-04
da10 = -1.22097e-04
dr1 = 7.229893e-02
dr10 = 7.318880e-02
vr1a = 4.846295e-01
vr1b = 4.123306e-01
vr10a = 5.655307e-01
vr10b = 4.923419e-01
Reset re-loads circuit * tb_pnp_mismatch.spice -- sky130 substrate-pnp local-mismatch monte carlo

Circuit: * tb_pnp_mismatch.spice -- sky130 substrate-pnp local-mismatch monte carlo

option SCALE: Scale is set to 1e-06 for instance and model parameters
option SCALE: Scale is set to 1e-06 for instance and model parameters
option SCALE: Scale is set to 1e-06 for instance and model parameters
option SCALE: Scale is set to 1e-06 for instance and model parameters
Doing analysis at TEMP = 125.000000 and TNOM = 27.000000

Using KLU as Direct Linear Solver

No. of Data Rows : 1
da1 = -1.95192e-05
da10 = -1.02850e-04
dr1 = 7.243389e-02
dr10 = 7.299143e-02
vr1a = 4.847029e-01
vr1b = 4.122690e-01
vr10a = 5.654013e-01
vr10b = 4.924099e-01
Reset re-loads circuit * tb_pnp_mismatch.spice -- sky130 substrate-pnp local-mismatch monte carlo

Circuit: * tb_pnp_mismatch.spice -- sky130 substrate-pnp local-mismatch monte carlo

option SCALE: Scale is set to 1e-06 for instance and model parameters
option SCALE: Scale is set to 1e-06 for instance and model parameters
option SCALE: Scale is set to 1e-06 for instance and model parameters
option SCALE: Scale is set to 1e-06 for instance and model parameters
Doing analysis at TEMP = 125.000000 and TNOM = 27.000000

Using KLU as Direct Linear Solver

No. of Data Rows : 1
da1 = 4.641200e-04
da10 = 8.874994e-05
dr1 = 7.212249e-02
dr10 = 7.282014e-02
vr1a = 4.844734e-01
vr1b = 4.123509e-01
vr10a = 5.651568e-01
vr10b = 4.923367e-01
Reset re-loads circuit * tb_pnp_mismatch.spice -- sky130 substrate-pnp local-mismatch monte carlo

Circuit: * tb_pnp_mismatch.spice -- sky130 substrate-pnp local-mismatch monte carlo

option SCALE: Scale is set to 1e-06 for instance and model parameters
option SCALE: Scale is set to 1e-06 for instance and model parameters
option SCALE: Scale is set to 1e-06 for instance and model parameters
option SCALE: Scale is set to 1e-06 for instance and model parameters
Doing analysis at TEMP = 125.000000 and TNOM = 27.000000

Using KLU as Direct Linear Solver

No. of Data Rows : 1
da1 = -7.88402e-05
da10 = -2.45268e-04
dr1 = 7.211646e-02
dr10 = 7.299971e-02
vr1a = 4.844965e-01
vr1b = 4.123801e-01
vr10a = 5.654096e-01
vr10b = 4.924099e-01
Reset re-loads circuit * tb_pnp_mismatch.spice -- sky130 substrate-pnp local-mismatch monte carlo

Circuit: * tb_pnp_mismatch.spice -- sky130 substrate-pnp local-mismatch monte carlo

option SCALE: Scale is set to 1e-06 for instance and model parameters
option SCALE: Scale is set to 1e-06 for instance and model parameters
option SCALE: Scale is set to 1e-06 for instance and model parameters
option SCALE: Scale is set to 1e-06 for instance and model parameters
Doing analysis at TEMP = 125.000000 and TNOM = 27.000000

Using KLU as Direct Linear Solver

No. of Data Rows : 1
da1 = 1.350964e-05
da10 = 3.778992e-04
dr1 = 7.228267e-02
dr10 = 7.305360e-02
vr1a = 4.846230e-01
vr1b = 4.123403e-01
vr10a = 5.653831e-01
vr10b = 4.923295e-01
Reset re-loads circuit * tb_pnp_mismatch.spice -- sky130 substrate-pnp local-mismatch monte carlo

Circuit: * tb_pnp_mismatch.spice -- sky130 substrate-pnp local-mismatch monte carlo

option SCALE: Scale is set to 1e-06 for instance and model parameters
option SCALE: Scale is set to 1e-06 for instance and model parameters
option SCALE: Scale is set to 1e-06 for instance and model parameters
option SCALE: Scale is set to 1e-06 for instance and model parameters
Doing analysis at TEMP = 125.000000 and TNOM = 27.000000

Using KLU as Direct Linear Solver

No. of Data Rows : 1
da1 = 1.137136e-04
da10 = -3.25044e-05
dr1 = 7.218518e-02
dr10 = 7.296052e-02
vr1a = 4.845019e-01
vr1b = 4.123167e-01
vr10a = 5.653467e-01
vr10b = 4.923862e-01
Reset re-loads circuit * tb_pnp_mismatch.spice -- sky130 substrate-pnp local-mismatch monte carlo

Circuit: * tb_pnp_mismatch.spice -- sky130 substrate-pnp local-mismatch monte carlo

option SCALE: Scale is set to 1e-06 for instance and model parameters
option SCALE: Scale is set to 1e-06 for instance and model parameters
option SCALE: Scale is set to 1e-06 for instance and model parameters
option SCALE: Scale is set to 1e-06 for instance and model parameters
Doing analysis at TEMP = 125.000000 and TNOM = 27.000000

Using KLU as Direct Linear Solver
 Reference value :  0.00000e+00
No. of Data Rows : 1
da1 = 1.817270e-05
da10 = 1.530419e-04
dr1 = 7.228092e-02
dr10 = 7.306518e-02
vr1a = 4.845692e-01
vr1b = 4.122883e-01
vr10a = 5.655117e-01
vr10b = 4.924466e-01
Reset re-loads circuit * tb_pnp_mismatch.spice -- sky130 substrate-pnp local-mismatch monte carlo

Circuit: * tb_pnp_mismatch.spice -- sky130 substrate-pnp local-mismatch monte carlo

option SCALE: Scale is set to 1e-06 for instance and model parameters
option SCALE: Scale is set to 1e-06 for instance and model parameters
option SCALE: Scale is set to 1e-06 for instance and model parameters
option SCALE: Scale is set to 1e-06 for instance and model parameters
Doing analysis at TEMP = 125.000000 and TNOM = 27.000000

Using KLU as Direct Linear Solver

No. of Data Rows : 1
da1 = 6.632108e-05
da10 = -1.10135e-05
dr1 = 7.239153e-02
dr10 = 7.337387e-02
vr1a = 4.846436e-01
vr1b = 4.122521e-01
vr10a = 5.657186e-01
vr10b = 4.923447e-01
Reset re-loads circuit * tb_pnp_mismatch.spice -- sky130 substrate-pnp local-mismatch monte carlo

Circuit: * tb_pnp_mismatch.spice -- sky130 substrate-pnp local-mismatch monte carlo

option SCALE: Scale is set to 1e-06 for instance and model parameters
option SCALE: Scale is set to 1e-06 for instance and model parameters
option SCALE: Scale is set to 1e-06 for instance and model parameters
option SCALE: Scale is set to 1e-06 for instance and model parameters
Doing analysis at TEMP = 125.000000 and TNOM = 27.000000

Using KLU as Direct Linear Solver

No. of Data Rows : 1
da1 = 1.890536e-04
da10 = 5.439704e-05
dr1 = 7.229104e-02
dr10 = 7.325698e-02
vr1a = 4.845610e-01
vr1b = 4.122700e-01
vr10a = 5.656317e-01
vr10b = 4.923747e-01
Reset re-loads circuit * tb_pnp_mismatch.spice -- sky130 substrate-pnp local-mismatch monte carlo

Circuit: * tb_pnp_mismatch.spice -- sky130 substrate-pnp local-mismatch monte carlo

option SCALE: Scale is set to 1e-06 for instance and model parameters
option SCALE: Scale is set to 1e-06 for instance and model parameters
option SCALE: Scale is set to 1e-06 for instance and model parameters
option SCALE: Scale is set to 1e-06 for instance and model parameters
Doing analysis at TEMP = 125.000000 and TNOM = 27.000000

Using KLU as Direct Linear Solver

No. of Data Rows : 1
da1 = 4.381598e-06
da10 = -1.45826e-04
dr1 = 7.212336e-02
dr10 = 7.292694e-02
vr1a = 4.843647e-01
vr1b = 4.122413e-01
vr10a = 5.652663e-01
vr10b = 4.923394e-01
Reset re-loads circuit * tb_pnp_mismatch.spice -- sky130 substrate-pnp local-mismatch monte carlo

Circuit: * tb_pnp_mismatch.spice -- sky130 substrate-pnp local-mismatch monte carlo

option SCALE: Scale is set to 1e-06 for instance and model parameters
option SCALE: Scale is set to 1e-06 for instance and model parameters
option SCALE: Scale is set to 1e-06 for instance and model parameters
option SCALE: Scale is set to 1e-06 for instance and model parameters
Doing analysis at TEMP = 125.000000 and TNOM = 27.000000

Using KLU as Direct Linear Solver

No. of Data Rows : 1
da1 = -1.23675e-04
da10 = 3.687865e-05
dr1 = 7.242857e-02
dr10 = 7.306630e-02
vr1a = 4.846781e-01
vr1b = 4.122495e-01
vr10a = 5.653967e-01
vr10b = 4.923304e-01
Reset re-loads circuit * tb_pnp_mismatch.spice -- sky130 substrate-pnp local-mismatch monte carlo

Circuit: * tb_pnp_mismatch.spice -- sky130 substrate-pnp local-mismatch monte carlo

option SCALE: Scale is set to 1e-06 for instance and model parameters
option SCALE: Scale is set to 1e-06 for instance and model parameters
option SCALE: Scale is set to 1e-06 for instance and model parameters
option SCALE: Scale is set to 1e-06 for instance and model parameters
Doing analysis at TEMP = 125.000000 and TNOM = 27.000000

Using KLU as Direct Linear Solver

No. of Data Rows : 1
da1 = 1.473257e-04
da10 = -7.15202e-06
dr1 = 7.243231e-02
dr10 = 7.308233e-02
vr1a = 4.847209e-01
vr1b = 4.122886e-01
vr10a = 5.655435e-01
vr10b = 4.924612e-01
Reset re-loads circuit * tb_pnp_mismatch.spice -- sky130 substrate-pnp local-mismatch monte carlo

Circuit: * tb_pnp_mismatch.spice -- sky130 substrate-pnp local-mismatch monte carlo

option SCALE: Scale is set to 1e-06 for instance and model parameters
option SCALE: Scale is set to 1e-06 for instance and model parameters
option SCALE: Scale is set to 1e-06 for instance and model parameters
option SCALE: Scale is set to 1e-06 for instance and model parameters
Doing analysis at TEMP = 125.000000 and TNOM = 27.000000

Using KLU as Direct Linear Solver

No. of Data Rows : 1
da1 = 1.463642e-06
da10 = 1.648848e-04
dr1 = 7.236368e-02
dr10 = 7.287044e-02
vr1a = 4.846735e-01
vr1b = 4.123099e-01
vr10a = 5.653155e-01
vr10b = 4.924451e-01
Reset re-loads circuit * tb_pnp_mismatch.spice -- sky130 substrate-pnp local-mismatch monte carlo

Circuit: * tb_pnp_mismatch.spice -- sky130 substrate-pnp local-mismatch monte carlo

option SCALE: Scale is set to 1e-06 for instance and model parameters
option SCALE: Scale is set to 1e-06 for instance and model parameters
option SCALE: Scale is set to 1e-06 for instance and model parameters
option SCALE: Scale is set to 1e-06 for instance and model parameters
Doing analysis at TEMP = 125.000000 and TNOM = 27.000000

Using KLU as Direct Linear Solver

No. of Data Rows : 1
da1 = -2.40750e-04
da10 = 2.140825e-04
dr1 = 7.234386e-02
dr10 = 7.315456e-02
vr1a = 4.846899e-01
vr1b = 4.123461e-01
vr10a = 5.655054e-01
vr10b = 4.923509e-01
Reset re-loads circuit * tb_pnp_mismatch.spice -- sky130 substrate-pnp local-mismatch monte carlo

Circuit: * tb_pnp_mismatch.spice -- sky130 substrate-pnp local-mismatch monte carlo

option SCALE: Scale is set to 1e-06 for instance and model parameters
option SCALE: Scale is set to 1e-06 for instance and model parameters
option SCALE: Scale is set to 1e-06 for instance and model parameters
option SCALE: Scale is set to 1e-06 for instance and model parameters
Doing analysis at TEMP = 125.000000 and TNOM = 27.000000

Using KLU as Direct Linear Solver

No. of Data Rows : 1
da1 = 3.104735e-05
da10 = 3.814586e-04
dr1 = 7.202442e-02
dr10 = 7.330793e-02
vr1a = 4.843885e-01
vr1b = 4.123641e-01
vr10a = 5.657250e-01
vr10b = 4.924171e-01
Reset re-loads circuit * tb_pnp_mismatch.spice -- sky130 substrate-pnp local-mismatch monte carlo

Circuit: * tb_pnp_mismatch.spice -- sky130 substrate-pnp local-mismatch monte carlo

option SCALE: Scale is set to 1e-06 for instance and model parameters
option SCALE: Scale is set to 1e-06 for instance and model parameters
option SCALE: Scale is set to 1e-06 for instance and model parameters
option SCALE: Scale is set to 1e-06 for instance and model parameters
Doing analysis at TEMP = 125.000000 and TNOM = 27.000000

Using KLU as Direct Linear Solver

No. of Data Rows : 1
da1 = 1.279748e-07
da10 = 2.168661e-04
dr1 = 7.221730e-02
dr10 = 7.314207e-02
vr1a = 4.846454e-01
vr1b = 4.124281e-01
vr10a = 5.655748e-01
vr10b = 4.924328e-01
Reset re-loads circuit * tb_pnp_mismatch.spice -- sky130 substrate-pnp local-mismatch monte carlo

Circuit: * tb_pnp_mismatch.spice -- sky130 substrate-pnp local-mismatch monte carlo

option SCALE: Scale is set to 1e-06 for instance and model parameters
option SCALE: Scale is set to 1e-06 for instance and model parameters
option SCALE: Scale is set to 1e-06 for instance and model parameters
option SCALE: Scale is set to 1e-06 for instance and model parameters
Doing analysis at TEMP = 125.000000 and TNOM = 27.000000

Using KLU as Direct Linear Solver

No. of Data Rows : 1
da1 = -9.07287e-05
da10 = -2.68603e-04
dr1 = 7.247446e-02
dr10 = 7.323923e-02
vr1a = 4.848995e-01
vr1b = 4.124250e-01
vr10a = 5.656556e-01
vr10b = 4.924164e-01
Reset re-loads circuit * tb_pnp_mismatch.spice -- sky130 substrate-pnp local-mismatch monte carlo

Circuit: * tb_pnp_mismatch.spice -- sky130 substrate-pnp local-mismatch monte carlo

option SCALE: Scale is set to 1e-06 for instance and model parameters
option SCALE: Scale is set to 1e-06 for instance and model parameters
option SCALE: Scale is set to 1e-06 for instance and model parameters
option SCALE: Scale is set to 1e-06 for instance and model parameters
Doing analysis at TEMP = 125.000000 and TNOM = 27.000000

Using KLU as Direct Linear Solver

No. of Data Rows : 1
da1 = -2.42842e-04
da10 = 6.710601e-05
dr1 = 7.210051e-02
dr10 = 7.294313e-02
vr1a = 4.844625e-01
vr1b = 4.123620e-01
vr10a = 5.653276e-01
vr10b = 4.923845e-01
Reset re-loads circuit * tb_pnp_mismatch.spice -- sky130 substrate-pnp local-mismatch monte carlo

Circuit: * tb_pnp_mismatch.spice -- sky130 substrate-pnp local-mismatch monte carlo

option SCALE: Scale is set to 1e-06 for instance and model parameters
option SCALE: Scale is set to 1e-06 for instance and model parameters
option SCALE: Scale is set to 1e-06 for instance and model parameters
option SCALE: Scale is set to 1e-06 for instance and model parameters
Doing analysis at TEMP = 125.000000 and TNOM = 27.000000

Using KLU as Direct Linear Solver

No. of Data Rows : 1
da1 = -1.52262e-05
da10 = 7.426658e-05
dr1 = 7.226336e-02
dr10 = 7.312099e-02
vr1a = 4.846980e-01
vr1b = 4.124347e-01
vr10a = 5.653810e-01
vr10b = 4.922600e-01
Reset re-loads circuit * tb_pnp_mismatch.spice -- sky130 substrate-pnp local-mismatch monte carlo

Circuit: * tb_pnp_mismatch.spice -- sky130 substrate-pnp local-mismatch monte carlo

option SCALE: Scale is set to 1e-06 for instance and model parameters
option SCALE: Scale is set to 1e-06 for instance and model parameters
option SCALE: Scale is set to 1e-06 for instance and model parameters
option SCALE: Scale is set to 1e-06 for instance and model parameters
Doing analysis at TEMP = 125.000000 and TNOM = 27.000000

Using KLU as Direct Linear Solver

No. of Data Rows : 1
da1 = -1.23487e-04
da10 = -1.10289e-04
dr1 = 7.228363e-02
dr10 = 7.328992e-02
vr1a = 4.846172e-01
vr1b = 4.123335e-01
vr10a = 5.656746e-01
vr10b = 4.923847e-01
Reset re-loads circuit * tb_pnp_mismatch.spice -- sky130 substrate-pnp local-mismatch monte carlo

Circuit: * tb_pnp_mismatch.spice -- sky130 substrate-pnp local-mismatch monte carlo

option SCALE: Scale is set to 1e-06 for instance and model parameters
option SCALE: Scale is set to 1e-06 for instance and model parameters
option SCALE: Scale is set to 1e-06 for instance and model parameters
option SCALE: Scale is set to 1e-06 for instance and model parameters
Doing analysis at TEMP = 125.000000 and TNOM = 27.000000

Using KLU as Direct Linear Solver

No. of Data Rows : 1
da1 = 9.733269e-05
da10 = -4.13645e-04
dr1 = 7.229601e-02
dr10 = 7.308574e-02
vr1a = 4.846645e-01
vr1b = 4.123685e-01
vr10a = 5.655119e-01
vr10b = 4.924262e-01
Reset re-loads circuit * tb_pnp_mismatch.spice -- sky130 substrate-pnp local-mismatch monte carlo

Circuit: * tb_pnp_mismatch.spice -- sky130 substrate-pnp local-mismatch monte carlo

option SCALE: Scale is set to 1e-06 for instance and model parameters
option SCALE: Scale is set to 1e-06 for instance and model parameters
option SCALE: Scale is set to 1e-06 for instance and model parameters
option SCALE: Scale is set to 1e-06 for instance and model parameters
Doing analysis at TEMP = 125.000000 and TNOM = 27.000000

Using KLU as Direct Linear Solver

No. of Data Rows : 1
da1 = -1.11923e-04
da10 = -1.70028e-04
dr1 = 7.225618e-02
dr10 = 7.296240e-02
vr1a = 4.846499e-01
vr1b = 4.123937e-01
vr10a = 5.654141e-01
vr10b = 4.924517e-01
Reset re-loads circuit * tb_pnp_mismatch.spice -- sky130 substrate-pnp local-mismatch monte carlo

Circuit: * tb_pnp_mismatch.spice -- sky130 substrate-pnp local-mismatch monte carlo

option SCALE: Scale is set to 1e-06 for instance and model parameters
option SCALE: Scale is set to 1e-06 for instance and model parameters
option SCALE: Scale is set to 1e-06 for instance and model parameters
option SCALE: Scale is set to 1e-06 for instance and model parameters
Doing analysis at TEMP = 125.000000 and TNOM = 27.000000

Using KLU as Direct Linear Solver

No. of Data Rows : 1
da1 = 8.022880e-05
da10 = -1.52139e-04
dr1 = 7.219858e-02
dr10 = 7.301061e-02
vr1a = 4.845811e-01
vr1b = 4.123825e-01
vr10a = 5.654287e-01
vr10b = 4.924181e-01
Reset re-loads circuit * tb_pnp_mismatch.spice -- sky130 substrate-pnp local-mismatch monte carlo

Circuit: * tb_pnp_mismatch.spice -- sky130 substrate-pnp local-mismatch monte carlo

option SCALE: Scale is set to 1e-06 for instance and model parameters
option SCALE: Scale is set to 1e-06 for instance and model parameters
option SCALE: Scale is set to 1e-06 for instance and model parameters
option SCALE: Scale is set to 1e-06 for instance and model parameters
Doing analysis at TEMP = 125.000000 and TNOM = 27.000000

Using KLU as Direct Linear Solver

No. of Data Rows : 1
da1 = 1.495371e-04
da10 = -1.54484e-04
dr1 = 7.234124e-02
dr10 = 7.297160e-02
vr1a = 4.846483e-01
vr1b = 4.123070e-01
vr10a = 5.653682e-01
vr10b = 4.923966e-01
Reset re-loads circuit * tb_pnp_mismatch.spice -- sky130 substrate-pnp local-mismatch monte carlo

Circuit: * tb_pnp_mismatch.spice -- sky130 substrate-pnp local-mismatch monte carlo

option SCALE: Scale is set to 1e-06 for instance and model parameters
option SCALE: Scale is set to 1e-06 for instance and model parameters
option SCALE: Scale is set to 1e-06 for instance and model parameters
option SCALE: Scale is set to 1e-06 for instance and model parameters
Doing analysis at TEMP = 125.000000 and TNOM = 27.000000

Using KLU as Direct Linear Solver

No. of Data Rows : 1
da1 = 2.286867e-04
da10 = 3.651544e-04
dr1 = 7.238379e-02
dr10 = 7.303364e-02
vr1a = 4.846662e-01
vr1b = 4.122824e-01
vr10a = 5.654201e-01
vr10b = 4.923865e-01
Reset re-loads circuit * tb_pnp_mismatch.spice -- sky130 substrate-pnp local-mismatch monte carlo

Circuit: * tb_pnp_mismatch.spice -- sky130 substrate-pnp local-mismatch monte carlo

option SCALE: Scale is set to 1e-06 for instance and model parameters
option SCALE: Scale is set to 1e-06 for instance and model parameters
option SCALE: Scale is set to 1e-06 for instance and model parameters
option SCALE: Scale is set to 1e-06 for instance and model parameters
Doing analysis at TEMP = 125.000000 and TNOM = 27.000000

Using KLU as Direct Linear Solver

No. of Data Rows : 1
da1 = -7.39657e-05
da10 = 3.524028e-04
dr1 = 7.250215e-02
dr10 = 7.305718e-02
vr1a = 4.847547e-01
vr1b = 4.122525e-01
vr10a = 5.654293e-01
vr10b = 4.923721e-01
Reset re-loads circuit * tb_pnp_mismatch.spice -- sky130 substrate-pnp local-mismatch monte carlo

Circuit: * tb_pnp_mismatch.spice -- sky130 substrate-pnp local-mismatch monte carlo

option SCALE: Scale is set to 1e-06 for instance and model parameters
option SCALE: Scale is set to 1e-06 for instance and model parameters
option SCALE: Scale is set to 1e-06 for instance and model parameters
option SCALE: Scale is set to 1e-06 for instance and model parameters
Doing analysis at TEMP = 125.000000 and TNOM = 27.000000

Using KLU as Direct Linear Solver

No. of Data Rows : 1
da1 = 8.806808e-05
da10 = -6.75123e-05
dr1 = 7.243597e-02
dr10 = 7.309837e-02
vr1a = 4.847893e-01
vr1b = 4.123534e-01
vr10a = 5.654405e-01
vr10b = 4.923421e-01
Reset re-loads circuit * tb_pnp_mismatch.spice -- sky130 substrate-pnp local-mismatch monte carlo

Circuit: * tb_pnp_mismatch.spice -- sky130 substrate-pnp local-mismatch monte carlo

option SCALE: Scale is set to 1e-06 for instance and model parameters
option SCALE: Scale is set to 1e-06 for instance and model parameters
option SCALE: Scale is set to 1e-06 for instance and model parameters
option SCALE: Scale is set to 1e-06 for instance and model parameters
Doing analysis at TEMP = 125.000000 and TNOM = 27.000000

Using KLU as Direct Linear Solver

No. of Data Rows : 1
da1 = 9.701328e-05
da10 = -1.16383e-04
dr1 = 7.228889e-02
dr10 = 7.314514e-02
vr1a = 4.846145e-01
vr1b = 4.123256e-01
vr10a = 5.654953e-01
vr10b = 4.923501e-01
Reset re-loads circuit * tb_pnp_mismatch.spice -- sky130 substrate-pnp local-mismatch monte carlo

Circuit: * tb_pnp_mismatch.spice -- sky130 substrate-pnp local-mismatch monte carlo

option SCALE: Scale is set to 1e-06 for instance and model parameters
option SCALE: Scale is set to 1e-06 for instance and model parameters
option SCALE: Scale is set to 1e-06 for instance and model parameters
option SCALE: Scale is set to 1e-06 for instance and model parameters
Doing analysis at TEMP = 125.000000 and TNOM = 27.000000

Using KLU as Direct Linear Solver

No. of Data Rows : 1
da1 = -2.83669e-04
da10 = -4.36709e-05
dr1 = 7.224707e-02
dr10 = 7.311125e-02
vr1a = 4.845130e-01
vr1b = 4.122659e-01
vr10a = 5.655424e-01
vr10b = 4.924311e-01
Reset re-loads circuit * tb_pnp_mismatch.spice -- sky130 substrate-pnp local-mismatch monte carlo

Circuit: * tb_pnp_mismatch.spice -- sky130 substrate-pnp local-mismatch monte carlo

option SCALE: Scale is set to 1e-06 for instance and model parameters
option SCALE: Scale is set to 1e-06 for instance and model parameters
option SCALE: Scale is set to 1e-06 for instance and model parameters
option SCALE: Scale is set to 1e-06 for instance and model parameters
Doing analysis at TEMP = 125.000000 and TNOM = 27.000000

Using KLU as Direct Linear Solver

No. of Data Rows : 1
da1 = -1.39822e-04
da10 = -3.41977e-04
dr1 = 7.241124e-02
dr10 = 7.318264e-02
vr1a = 4.847134e-01
vr1b = 4.123021e-01
vr10a = 5.655042e-01
vr10b = 4.923216e-01
Reset re-loads circuit * tb_pnp_mismatch.spice -- sky130 substrate-pnp local-mismatch monte carlo

Circuit: * tb_pnp_mismatch.spice -- sky130 substrate-pnp local-mismatch monte carlo

option SCALE: Scale is set to 1e-06 for instance and model parameters
option SCALE: Scale is set to 1e-06 for instance and model parameters
option SCALE: Scale is set to 1e-06 for instance and model parameters
option SCALE: Scale is set to 1e-06 for instance and model parameters
Doing analysis at TEMP = 125.000000 and TNOM = 27.000000

Using KLU as Direct Linear Solver

No. of Data Rows : 1
da1 = 4.457247e-04
da10 = -6.10001e-05
dr1 = 7.223476e-02
dr10 = 7.294726e-02
vr1a = 4.845073e-01
vr1b = 4.122725e-01
vr10a = 5.653368e-01
vr10b = 4.923896e-01
Reset re-loads circuit * tb_pnp_mismatch.spice -- sky130 substrate-pnp local-mismatch monte carlo

Circuit: * tb_pnp_mismatch.spice -- sky130 substrate-pnp local-mismatch monte carlo

option SCALE: Scale is set to 1e-06 for instance and model parameters
option SCALE: Scale is set to 1e-06 for instance and model parameters
option SCALE: Scale is set to 1e-06 for instance and model parameters
option SCALE: Scale is set to 1e-06 for instance and model parameters
Doing analysis at TEMP = 125.000000 and TNOM = 27.000000

Using KLU as Direct Linear Solver

No. of Data Rows : 1
da1 = 2.425387e-04
da10 = 4.657040e-05
dr1 = 7.227364e-02
dr10 = 7.305089e-02
vr1a = 4.845727e-01
vr1b = 4.122991e-01
vr10a = 5.653292e-01
vr10b = 4.922783e-01
Reset re-loads circuit * tb_pnp_mismatch.spice -- sky130 substrate-pnp local-mismatch monte carlo

Circuit: * tb_pnp_mismatch.spice -- sky130 substrate-pnp local-mismatch monte carlo

option SCALE: Scale is set to 1e-06 for instance and model parameters
option SCALE: Scale is set to 1e-06 for instance and model parameters
option SCALE: Scale is set to 1e-06 for instance and model parameters
option SCALE: Scale is set to 1e-06 for instance and model parameters
Doing analysis at TEMP = 125.000000 and TNOM = 27.000000

Using KLU as Direct Linear Solver

No. of Data Rows : 1
da1 = -4.61633e-04
da10 = -1.31476e-05
dr1 = 7.234978e-02
dr10 = 7.311780e-02
vr1a = 4.847114e-01
vr1b = 4.123616e-01
vr10a = 5.654467e-01
vr10b = 4.923289e-01
Reset re-loads circuit * tb_pnp_mismatch.spice -- sky130 substrate-pnp local-mismatch monte carlo

Circuit: * tb_pnp_mismatch.spice -- sky130 substrate-pnp local-mismatch monte carlo

option SCALE: Scale is set to 1e-06 for instance and model parameters
option SCALE: Scale is set to 1e-06 for instance and model parameters
option SCALE: Scale is set to 1e-06 for instance and model parameters
option SCALE: Scale is set to 1e-06 for instance and model parameters
Doing analysis at TEMP = 125.000000 and TNOM = 27.000000

Using KLU as Direct Linear Solver

No. of Data Rows : 1
da1 = -5.26925e-05
da10 = 3.954827e-04
dr1 = 7.245169e-02
dr10 = 7.305056e-02
vr1a = 4.847649e-01
vr1b = 4.123132e-01
vr10a = 5.653991e-01
vr10b = 4.923486e-01
Reset re-loads circuit * tb_pnp_mismatch.spice -- sky130 substrate-pnp local-mismatch monte carlo

Circuit: * tb_pnp_mismatch.spice -- sky130 substrate-pnp local-mismatch monte carlo

option SCALE: Scale is set to 1e-06 for instance and model parameters
option SCALE: Scale is set to 1e-06 for instance and model parameters
option SCALE: Scale is set to 1e-06 for instance and model parameters
option SCALE: Scale is set to 1e-06 for instance and model parameters
Doing analysis at TEMP = 125.000000 and TNOM = 27.000000

Using KLU as Direct Linear Solver

No. of Data Rows : 1
da1 = 1.000359e-04
da10 = 4.785488e-05
dr1 = 7.240392e-02
dr10 = 7.321011e-02
vr1a = 4.847080e-01
vr1b = 4.123041e-01
vr10a = 5.656576e-01
vr10b = 4.924475e-01
Reset re-loads circuit * tb_pnp_mismatch.spice -- sky130 substrate-pnp local-mismatch monte carlo

Circuit: * tb_pnp_mismatch.spice -- sky130 substrate-pnp local-mismatch monte carlo

option SCALE: Scale is set to 1e-06 for instance and model parameters
option SCALE: Scale is set to 1e-06 for instance and model parameters
option SCALE: Scale is set to 1e-06 for instance and model parameters
option SCALE: Scale is set to 1e-06 for instance and model parameters
Doing analysis at TEMP = 125.000000 and TNOM = 27.000000

Using KLU as Direct Linear Solver

No. of Data Rows : 1
da1 = -6.47990e-05
da10 = 1.807872e-05
dr1 = 7.245248e-02
dr10 = 7.330528e-02
vr1a = 4.848001e-01
vr1b = 4.123476e-01
vr10a = 5.657232e-01
vr10b = 4.924179e-01
Reset re-loads circuit * tb_pnp_mismatch.spice -- sky130 substrate-pnp local-mismatch monte carlo

Circuit: * tb_pnp_mismatch.spice -- sky130 substrate-pnp local-mismatch monte carlo

option SCALE: Scale is set to 1e-06 for instance and model parameters
option SCALE: Scale is set to 1e-06 for instance and model parameters
option SCALE: Scale is set to 1e-06 for instance and model parameters
option SCALE: Scale is set to 1e-06 for instance and model parameters
Doing analysis at TEMP = 125.000000 and TNOM = 27.000000

Using KLU as Direct Linear Solver

No. of Data Rows : 1
da1 = 2.962407e-05
da10 = 1.304930e-04
dr1 = 7.233793e-02
dr10 = 7.331157e-02
vr1a = 4.846305e-01
vr1b = 4.122926e-01
vr10a = 5.656804e-01
vr10b = 4.923689e-01
Reset re-loads circuit * tb_pnp_mismatch.spice -- sky130 substrate-pnp local-mismatch monte carlo

Circuit: * tb_pnp_mismatch.spice -- sky130 substrate-pnp local-mismatch monte carlo

option SCALE: Scale is set to 1e-06 for instance and model parameters
option SCALE: Scale is set to 1e-06 for instance and model parameters
option SCALE: Scale is set to 1e-06 for instance and model parameters
option SCALE: Scale is set to 1e-06 for instance and model parameters
Doing analysis at TEMP = 125.000000 and TNOM = 27.000000

Using KLU as Direct Linear Solver

No. of Data Rows : 1
da1 = 8.512573e-05
da10 = -1.08043e-04
dr1 = 7.235966e-02
dr10 = 7.322735e-02
vr1a = 4.846512e-01
vr1b = 4.122915e-01
vr10a = 5.656097e-01
vr10b = 4.923824e-01
Reset re-loads circuit * tb_pnp_mismatch.spice -- sky130 substrate-pnp local-mismatch monte carlo

Circuit: * tb_pnp_mismatch.spice -- sky130 substrate-pnp local-mismatch monte carlo

option SCALE: Scale is set to 1e-06 for instance and model parameters
option SCALE: Scale is set to 1e-06 for instance and model parameters
option SCALE: Scale is set to 1e-06 for instance and model parameters
option SCALE: Scale is set to 1e-06 for instance and model parameters
Doing analysis at TEMP = 125.000000 and TNOM = 27.000000

Using KLU as Direct Linear Solver

No. of Data Rows : 1
da1 = 1.440576e-04
da10 = 1.698117e-04
dr1 = 7.232682e-02
dr10 = 7.286007e-02
vr1a = 4.846903e-01
vr1b = 4.123634e-01
vr10a = 5.652916e-01
vr10b = 4.924315e-01
Reset re-loads circuit * tb_pnp_mismatch.spice -- sky130 substrate-pnp local-mismatch monte carlo

Circuit: * tb_pnp_mismatch.spice -- sky130 substrate-pnp local-mismatch monte carlo

option SCALE: Scale is set to 1e-06 for instance and model parameters
option SCALE: Scale is set to 1e-06 for instance and model parameters
option SCALE: Scale is set to 1e-06 for instance and model parameters
option SCALE: Scale is set to 1e-06 for instance and model parameters
Doing analysis at TEMP = 125.000000 and TNOM = 27.000000

Using KLU as Direct Linear Solver

No. of Data Rows : 1
da1 = 4.939739e-06
da10 = 6.887971e-05
dr1 = 7.214310e-02
dr10 = 7.317613e-02
vr1a = 4.844842e-01
vr1b = 4.123411e-01
vr10a = 5.655188e-01
vr10b = 4.923426e-01
Reset re-loads circuit * tb_pnp_mismatch.spice -- sky130 substrate-pnp local-mismatch monte carlo

Circuit: * tb_pnp_mismatch.spice -- sky130 substrate-pnp local-mismatch monte carlo

option SCALE: Scale is set to 1e-06 for instance and model parameters
option SCALE: Scale is set to 1e-06 for instance and model parameters
option SCALE: Scale is set to 1e-06 for instance and model parameters
option SCALE: Scale is set to 1e-06 for instance and model parameters
Doing analysis at TEMP = 125.000000 and TNOM = 27.000000

Using KLU as Direct Linear Solver

No. of Data Rows : 1
da1 = -2.31902e-05
da10 = 1.836269e-05
dr1 = 7.218792e-02
dr10 = 7.316761e-02
vr1a = 4.846311e-01
vr1b = 4.124432e-01
vr10a = 5.655046e-01
vr10b = 4.923370e-01
Reset re-loads circuit * tb_pnp_mismatch.spice -- sky130 substrate-pnp local-mismatch monte carlo

Circuit: * tb_pnp_mismatch.spice -- sky130 substrate-pnp local-mismatch monte carlo

option SCALE: Scale is set to 1e-06 for instance and model parameters
option SCALE: Scale is set to 1e-06 for instance and model parameters
option SCALE: Scale is set to 1e-06 for instance and model parameters
option SCALE: Scale is set to 1e-06 for instance and model parameters
Doing analysis at TEMP = 125.000000 and TNOM = 27.000000

Using KLU as Direct Linear Solver

No. of Data Rows : 1
da1 = 3.443404e-04
da10 = -5.18194e-05
dr1 = 7.217917e-02
dr10 = 7.318116e-02
vr1a = 4.844457e-01
vr1b = 4.122665e-01
vr10a = 5.655012e-01
vr10b = 4.923201e-01
Reset re-loads circuit * tb_pnp_mismatch.spice -- sky130 substrate-pnp local-mismatch monte carlo

Circuit: * tb_pnp_mismatch.spice -- sky130 substrate-pnp local-mismatch monte carlo

option SCALE: Scale is set to 1e-06 for instance and model parameters
option SCALE: Scale is set to 1e-06 for instance and model parameters
option SCALE: Scale is set to 1e-06 for instance and model parameters
option SCALE: Scale is set to 1e-06 for instance and model parameters
Doing analysis at TEMP = 125.000000 and TNOM = 27.000000

Using KLU as Direct Linear Solver

No. of Data Rows : 1
da1 = 8.802117e-05
da10 = -2.69035e-04
dr1 = 7.213797e-02
dr10 = 7.289082e-02
vr1a = 4.845702e-01
vr1b = 4.124322e-01
vr10a = 5.653001e-01
vr10b = 4.924093e-01
Reset re-loads circuit * tb_pnp_mismatch.spice -- sky130 substrate-pnp local-mismatch monte carlo

Circuit: * tb_pnp_mismatch.spice -- sky130 substrate-pnp local-mismatch monte carlo

option SCALE: Scale is set to 1e-06 for instance and model parameters
option SCALE: Scale is set to 1e-06 for instance and model parameters
option SCALE: Scale is set to 1e-06 for instance and model parameters
option SCALE: Scale is set to 1e-06 for instance and model parameters
Doing analysis at TEMP = 125.000000 and TNOM = 27.000000

Using KLU as Direct Linear Solver

No. of Data Rows : 1
da1 = -1.54476e-04
da10 = 2.122129e-04
dr1 = 7.221788e-02
dr10 = 7.298030e-02
vr1a = 4.844208e-01
vr1b = 4.122029e-01
vr10a = 5.652921e-01
vr10b = 4.923118e-01
Reset re-loads circuit * tb_pnp_mismatch.spice -- sky130 substrate-pnp local-mismatch monte carlo

Circuit: * tb_pnp_mismatch.spice -- sky130 substrate-pnp local-mismatch monte carlo

option SCALE: Scale is set to 1e-06 for instance and model parameters
option SCALE: Scale is set to 1e-06 for instance and model parameters
option SCALE: Scale is set to 1e-06 for instance and model parameters
option SCALE: Scale is set to 1e-06 for instance and model parameters
Doing analysis at TEMP = 125.000000 and TNOM = 27.000000

Using KLU as Direct Linear Solver

No. of Data Rows : 1
da1 = -1.86016e-04
da10 = 4.600976e-05
dr1 = 7.243797e-02
dr10 = 7.313182e-02
vr1a = 4.846418e-01
vr1b = 4.122038e-01
vr10a = 5.654706e-01
vr10b = 4.923388e-01
Reset re-loads circuit * tb_pnp_mismatch.spice -- sky130 substrate-pnp local-mismatch monte carlo

Circuit: * tb_pnp_mismatch.spice -- sky130 substrate-pnp local-mismatch monte carlo

option SCALE: Scale is set to 1e-06 for instance and model parameters
option SCALE: Scale is set to 1e-06 for instance and model parameters
option SCALE: Scale is set to 1e-06 for instance and model parameters
option SCALE: Scale is set to 1e-06 for instance and model parameters
Doing analysis at TEMP = 125.000000 and TNOM = 27.000000

Using KLU as Direct Linear Solver

No. of Data Rows : 1
da1 = 2.236641e-04
da10 = -1.81448e-04
dr1 = 7.200818e-02
dr10 = 7.323573e-02
vr1a = 4.844216e-01
vr1b = 4.124134e-01
vr10a = 5.656195e-01
vr10b = 4.923838e-01
Reset re-loads circuit * tb_pnp_mismatch.spice -- sky130 substrate-pnp local-mismatch monte carlo

Circuit: * tb_pnp_mismatch.spice -- sky130 substrate-pnp local-mismatch monte carlo

option SCALE: Scale is set to 1e-06 for instance and model parameters
option SCALE: Scale is set to 1e-06 for instance and model parameters
option SCALE: Scale is set to 1e-06 for instance and model parameters
option SCALE: Scale is set to 1e-06 for instance and model parameters
Doing analysis at TEMP = 125.000000 and TNOM = 27.000000

Using KLU as Direct Linear Solver

No. of Data Rows : 1
da1 = -1.76641e-04
da10 = -4.75838e-05
dr1 = 7.221174e-02
dr10 = 7.308529e-02
vr1a = 4.844957e-01
vr1b = 4.122840e-01
vr10a = 5.654739e-01
vr10b = 4.923886e-01
Reset re-loads circuit * tb_pnp_mismatch.spice -- sky130 substrate-pnp local-mismatch monte carlo

Circuit: * tb_pnp_mismatch.spice -- sky130 substrate-pnp local-mismatch monte carlo

option SCALE: Scale is set to 1e-06 for instance and model parameters
option SCALE: Scale is set to 1e-06 for instance and model parameters
option SCALE: Scale is set to 1e-06 for instance and model parameters
option SCALE: Scale is set to 1e-06 for instance and model parameters
Doing analysis at TEMP = 125.000000 and TNOM = 27.000000

Using KLU as Direct Linear Solver

No. of Data Rows : 1
da1 = 1.008474e-04
da10 = -1.24193e-04
dr1 = 7.228275e-02
dr10 = 7.315104e-02
vr1a = 4.845849e-01
vr1b = 4.123022e-01
vr10a = 5.655203e-01
vr10b = 4.923692e-01
Reset re-loads circuit * tb_pnp_mismatch.spice -- sky130 substrate-pnp local-mismatch monte carlo

Circuit: * tb_pnp_mismatch.spice -- sky130 substrate-pnp local-mismatch monte carlo

option SCALE: Scale is set to 1e-06 for instance and model parameters
option SCALE: Scale is set to 1e-06 for instance and model parameters
option SCALE: Scale is set to 1e-06 for instance and model parameters
option SCALE: Scale is set to 1e-06 for instance and model parameters
Doing analysis at TEMP = 125.000000 and TNOM = 27.000000

Using KLU as Direct Linear Solver
 Reference value :  0.00000e+00
No. of Data Rows : 1
da1 = -1.24971e-04
da10 = -1.48247e-04
dr1 = 7.239413e-02
dr10 = 7.329519e-02
vr1a = 4.847218e-01
vr1b = 4.123277e-01
vr10a = 5.656875e-01
vr10b = 4.923923e-01
Reset re-loads circuit * tb_pnp_mismatch.spice -- sky130 substrate-pnp local-mismatch monte carlo

Circuit: * tb_pnp_mismatch.spice -- sky130 substrate-pnp local-mismatch monte carlo

option SCALE: Scale is set to 1e-06 for instance and model parameters
option SCALE: Scale is set to 1e-06 for instance and model parameters
option SCALE: Scale is set to 1e-06 for instance and model parameters
option SCALE: Scale is set to 1e-06 for instance and model parameters
Doing analysis at TEMP = 125.000000 and TNOM = 27.000000

Using KLU as Direct Linear Solver

No. of Data Rows : 1
da1 = -5.80197e-04
da10 = -5.99860e-05
dr1 = 7.229838e-02
dr10 = 7.306742e-02
vr1a = 4.845196e-01
vr1b = 4.122212e-01
vr10a = 5.654586e-01
vr10b = 4.923912e-01
Reset re-loads circuit * tb_pnp_mismatch.spice -- sky130 substrate-pnp local-mismatch monte carlo

Circuit: * tb_pnp_mismatch.spice -- sky130 substrate-pnp local-mismatch monte carlo

option SCALE: Scale is set to 1e-06 for instance and model parameters
option SCALE: Scale is set to 1e-06 for instance and model parameters
option SCALE: Scale is set to 1e-06 for instance and model parameters
option SCALE: Scale is set to 1e-06 for instance and model parameters
Doing analysis at TEMP = 125.000000 and TNOM = 27.000000

Using KLU as Direct Linear Solver

No. of Data Rows : 1
da1 = 2.278702e-04
da10 = -9.30550e-05
dr1 = 7.232012e-02
dr10 = 7.295384e-02
vr1a = 4.846132e-01
vr1b = 4.122931e-01
vr10a = 5.653406e-01
vr10b = 4.923868e-01
Reset re-loads circuit * tb_pnp_mismatch.spice -- sky130 substrate-pnp local-mismatch monte carlo

Circuit: * tb_pnp_mismatch.spice -- sky130 substrate-pnp local-mismatch monte carlo

option SCALE: Scale is set to 1e-06 for instance and model parameters
option SCALE: Scale is set to 1e-06 for instance and model parameters
option SCALE: Scale is set to 1e-06 for instance and model parameters
option SCALE: Scale is set to 1e-06 for instance and model parameters
Doing analysis at TEMP = 125.000000 and TNOM = 27.000000

Using KLU as Direct Linear Solver

No. of Data Rows : 1
da1 = 5.941689e-05
da10 = 1.259623e-04
dr1 = 7.222830e-02
dr10 = 7.297105e-02
vr1a = 4.845201e-01
vr1b = 4.122918e-01
vr10a = 5.653647e-01
vr10b = 4.923936e-01
Reset re-loads circuit * tb_pnp_mismatch.spice -- sky130 substrate-pnp local-mismatch monte carlo

Circuit: * tb_pnp_mismatch.spice -- sky130 substrate-pnp local-mismatch monte carlo

option SCALE: Scale is set to 1e-06 for instance and model parameters
option SCALE: Scale is set to 1e-06 for instance and model parameters
option SCALE: Scale is set to 1e-06 for instance and model parameters
option SCALE: Scale is set to 1e-06 for instance and model parameters
Doing analysis at TEMP = 125.000000 and TNOM = 27.000000

Using KLU as Direct Linear Solver

No. of Data Rows : 1
da1 = 2.955909e-04
da10 = -1.82944e-04
dr1 = 7.210222e-02
dr10 = 7.327564e-02
vr1a = 4.844673e-01
vr1b = 4.123651e-01
vr10a = 5.656014e-01
vr10b = 4.923258e-01
Reset re-loads circuit * tb_pnp_mismatch.spice -- sky130 substrate-pnp local-mismatch monte carlo

Circuit: * tb_pnp_mismatch.spice -- sky130 substrate-pnp local-mismatch monte carlo

option SCALE: Scale is set to 1e-06 for instance and model parameters
option SCALE: Scale is set to 1e-06 for instance and model parameters
option SCALE: Scale is set to 1e-06 for instance and model parameters
option SCALE: Scale is set to 1e-06 for instance and model parameters
Doing analysis at TEMP = 125.000000 and TNOM = 27.000000

Using KLU as Direct Linear Solver

No. of Data Rows : 1
da1 = 5.594441e-05
da10 = 1.769747e-04
dr1 = 7.221978e-02
dr10 = 7.329698e-02
vr1a = 4.845620e-01
vr1b = 4.123423e-01
vr10a = 5.656187e-01
vr10b = 4.923217e-01
Reset re-loads circuit * tb_pnp_mismatch.spice -- sky130 substrate-pnp local-mismatch monte carlo

Circuit: * tb_pnp_mismatch.spice -- sky130 substrate-pnp local-mismatch monte carlo

option SCALE: Scale is set to 1e-06 for instance and model parameters
option SCALE: Scale is set to 1e-06 for instance and model parameters
option SCALE: Scale is set to 1e-06 for instance and model parameters
option SCALE: Scale is set to 1e-06 for instance and model parameters
Doing analysis at TEMP = 125.000000 and TNOM = 27.000000

Using KLU as Direct Linear Solver

No. of Data Rows : 1
da1 = -7.85480e-06
da10 = 2.898250e-04
dr1 = 7.221957e-02
dr10 = 7.303502e-02
vr1a = 4.845125e-01
vr1b = 4.122929e-01
vr10a = 5.654311e-01
vr10b = 4.923961e-01
Reset re-loads circuit * tb_pnp_mismatch.spice -- sky130 substrate-pnp local-mismatch monte carlo

Circuit: * tb_pnp_mismatch.spice -- sky130 substrate-pnp local-mismatch monte carlo

option SCALE: Scale is set to 1e-06 for instance and model parameters
option SCALE: Scale is set to 1e-06 for instance and model parameters
option SCALE: Scale is set to 1e-06 for instance and model parameters
option SCALE: Scale is set to 1e-06 for instance and model parameters
Doing analysis at TEMP = 125.000000 and TNOM = 27.000000

Using KLU as Direct Linear Solver

No. of Data Rows : 1
da1 = 2.713176e-04
da10 = 1.050042e-04
dr1 = 7.245523e-02
dr10 = 7.284534e-02
vr1a = 4.847658e-01
vr1b = 4.123106e-01
vr10a = 5.652606e-01
vr10b = 4.924152e-01
Reset re-loads circuit * tb_pnp_mismatch.spice -- sky130 substrate-pnp local-mismatch monte carlo

Circuit: * tb_pnp_mismatch.spice -- sky130 substrate-pnp local-mismatch monte carlo

option SCALE: Scale is set to 1e-06 for instance and model parameters
option SCALE: Scale is set to 1e-06 for instance and model parameters
option SCALE: Scale is set to 1e-06 for instance and model parameters
option SCALE: Scale is set to 1e-06 for instance and model parameters
Doing analysis at TEMP = 125.000000 and TNOM = 27.000000

Using KLU as Direct Linear Solver

No. of Data Rows : 1
da1 = 1.232519e-04
da10 = -8.73879e-05
dr1 = 7.239742e-02
dr10 = 7.311557e-02
vr1a = 4.847749e-01
vr1b = 4.123775e-01
vr10a = 5.654590e-01
vr10b = 4.923435e-01
Reset re-loads circuit * tb_pnp_mismatch.spice -- sky130 substrate-pnp local-mismatch monte carlo

Circuit: * tb_pnp_mismatch.spice -- sky130 substrate-pnp local-mismatch monte carlo

option SCALE: Scale is set to 1e-06 for instance and model parameters
option SCALE: Scale is set to 1e-06 for instance and model parameters
option SCALE: Scale is set to 1e-06 for instance and model parameters
option SCALE: Scale is set to 1e-06 for instance and model parameters
Doing analysis at TEMP = 125.000000 and TNOM = 27.000000

Using KLU as Direct Linear Solver

No. of Data Rows : 1
da1 = -1.10485e-04
da10 = -2.13894e-04
dr1 = 7.224674e-02
dr10 = 7.325209e-02
vr1a = 4.846111e-01
vr1b = 4.123643e-01
vr10a = 5.656170e-01
vr10b = 4.923649e-01
Reset re-loads circuit * tb_pnp_mismatch.spice -- sky130 substrate-pnp local-mismatch monte carlo

Circuit: * tb_pnp_mismatch.spice -- sky130 substrate-pnp local-mismatch monte carlo

option SCALE: Scale is set to 1e-06 for instance and model parameters
option SCALE: Scale is set to 1e-06 for instance and model parameters
option SCALE: Scale is set to 1e-06 for instance and model parameters
option SCALE: Scale is set to 1e-06 for instance and model parameters
Doing analysis at TEMP = 125.000000 and TNOM = 27.000000

Using KLU as Direct Linear Solver

No. of Data Rows : 1
da1 = -1.71155e-04
da10 = 4.569944e-06
dr1 = 7.238721e-02
dr10 = 7.305305e-02
vr1a = 4.846813e-01
vr1b = 4.122941e-01
vr10a = 5.654771e-01
vr10b = 4.924240e-01
Reset re-loads circuit * tb_pnp_mismatch.spice -- sky130 substrate-pnp local-mismatch monte carlo

Circuit: * tb_pnp_mismatch.spice -- sky130 substrate-pnp local-mismatch monte carlo

option SCALE: Scale is set to 1e-06 for instance and model parameters
option SCALE: Scale is set to 1e-06 for instance and model parameters
option SCALE: Scale is set to 1e-06 for instance and model parameters
option SCALE: Scale is set to 1e-06 for instance and model parameters
Doing analysis at TEMP = 125.000000 and TNOM = 27.000000

Using KLU as Direct Linear Solver

No. of Data Rows : 1
da1 = 2.619556e-04
da10 = -4.32683e-05
dr1 = 7.247592e-02
dr10 = 7.290651e-02
vr1a = 4.847989e-01
vr1b = 4.123229e-01
vr10a = 5.652138e-01
vr10b = 4.923073e-01
Reset re-loads circuit * tb_pnp_mismatch.spice -- sky130 substrate-pnp local-mismatch monte carlo

Circuit: * tb_pnp_mismatch.spice -- sky130 substrate-pnp local-mismatch monte carlo

option SCALE: Scale is set to 1e-06 for instance and model parameters
option SCALE: Scale is set to 1e-06 for instance and model parameters
option SCALE: Scale is set to 1e-06 for instance and model parameters
option SCALE: Scale is set to 1e-06 for instance and model parameters
Doing analysis at TEMP = 125.000000 and TNOM = 27.000000

Using KLU as Direct Linear Solver

No. of Data Rows : 1
da1 = 2.410794e-04
da10 = 1.205179e-05
dr1 = 7.234753e-02
dr10 = 7.298133e-02
vr1a = 4.846773e-01
vr1b = 4.123297e-01
vr10a = 5.653758e-01
vr10b = 4.923945e-01
Reset re-loads circuit * tb_pnp_mismatch.spice -- sky130 substrate-pnp local-mismatch monte carlo

Circuit: * tb_pnp_mismatch.spice -- sky130 substrate-pnp local-mismatch monte carlo

option SCALE: Scale is set to 1e-06 for instance and model parameters
option SCALE: Scale is set to 1e-06 for instance and model parameters
option SCALE: Scale is set to 1e-06 for instance and model parameters
option SCALE: Scale is set to 1e-06 for instance and model parameters
Doing analysis at TEMP = 125.000000 and TNOM = 27.000000

Using KLU as Direct Linear Solver

No. of Data Rows : 1
da1 = -3.50744e-04
da10 = -2.19055e-04
dr1 = 7.211621e-02
dr10 = 7.320398e-02
vr1a = 4.844183e-01
vr1b = 4.123021e-01
vr10a = 5.656164e-01
vr10b = 4.924124e-01
Reset re-loads circuit * tb_pnp_mismatch.spice -- sky130 substrate-pnp local-mismatch monte carlo

Circuit: * tb_pnp_mismatch.spice -- sky130 substrate-pnp local-mismatch monte carlo

option SCALE: Scale is set to 1e-06 for instance and model parameters
option SCALE: Scale is set to 1e-06 for instance and model parameters
option SCALE: Scale is set to 1e-06 for instance and model parameters
option SCALE: Scale is set to 1e-06 for instance and model parameters
Doing analysis at TEMP = 125.000000 and TNOM = 27.000000

Using KLU as Direct Linear Solver

No. of Data Rows : 1
da1 = -4.92395e-04
da10 = 5.607632e-05
dr1 = 7.226161e-02
dr10 = 7.329110e-02
vr1a = 4.845797e-01
vr1b = 4.123181e-01
vr10a = 5.656626e-01
vr10b = 4.923715e-01
Reset re-loads circuit * tb_pnp_mismatch.spice -- sky130 substrate-pnp local-mismatch monte carlo

Circuit: * tb_pnp_mismatch.spice -- sky130 substrate-pnp local-mismatch monte carlo

option SCALE: Scale is set to 1e-06 for instance and model parameters
option SCALE: Scale is set to 1e-06 for instance and model parameters
option SCALE: Scale is set to 1e-06 for instance and model parameters
option SCALE: Scale is set to 1e-06 for instance and model parameters
Doing analysis at TEMP = 125.000000 and TNOM = 27.000000

Using KLU as Direct Linear Solver

No. of Data Rows : 1
da1 = 2.803423e-04
da10 = 1.322884e-04
dr1 = 7.226713e-02
dr10 = 7.323988e-02
vr1a = 4.846072e-01
vr1b = 4.123401e-01
vr10a = 5.656442e-01
vr10b = 4.924043e-01
Reset re-loads circuit * tb_pnp_mismatch.spice -- sky130 substrate-pnp local-mismatch monte carlo

Circuit: * tb_pnp_mismatch.spice -- sky130 substrate-pnp local-mismatch monte carlo

option SCALE: Scale is set to 1e-06 for instance and model parameters
option SCALE: Scale is set to 1e-06 for instance and model parameters
option SCALE: Scale is set to 1e-06 for instance and model parameters
option SCALE: Scale is set to 1e-06 for instance and model parameters
Doing analysis at TEMP = 125.000000 and TNOM = 27.000000

Using KLU as Direct Linear Solver

No. of Data Rows : 1
da1 = 3.275954e-05
da10 = 2.861650e-04
dr1 = 7.223054e-02
dr10 = 7.334012e-02
vr1a = 4.845430e-01
vr1b = 4.123125e-01
vr10a = 5.657911e-01
vr10b = 4.924510e-01
Reset re-loads circuit * tb_pnp_mismatch.spice -- sky130 substrate-pnp local-mismatch monte carlo

Circuit: * tb_pnp_mismatch.spice -- sky130 substrate-pnp local-mismatch monte carlo

option SCALE: Scale is set to 1e-06 for instance and model parameters
option SCALE: Scale is set to 1e-06 for instance and model parameters
option SCALE: Scale is set to 1e-06 for instance and model parameters
option SCALE: Scale is set to 1e-06 for instance and model parameters
Doing analysis at TEMP = 125.000000 and TNOM = 27.000000

Using KLU as Direct Linear Solver

No. of Data Rows : 1
da1 = -2.34832e-04
da10 = 1.714657e-04
dr1 = 7.241557e-02
dr10 = 7.311763e-02
vr1a = 4.846915e-01
vr1b = 4.122760e-01
vr10a = 5.654727e-01
vr10b = 4.923550e-01
Reset re-loads circuit * tb_pnp_mismatch.spice -- sky130 substrate-pnp local-mismatch monte carlo

Circuit: * tb_pnp_mismatch.spice -- sky130 substrate-pnp local-mismatch monte carlo

option SCALE: Scale is set to 1e-06 for instance and model parameters
option SCALE: Scale is set to 1e-06 for instance and model parameters
option SCALE: Scale is set to 1e-06 for instance and model parameters
option SCALE: Scale is set to 1e-06 for instance and model parameters
Doing analysis at TEMP = 125.000000 and TNOM = 27.000000

Using KLU as Direct Linear Solver

No. of Data Rows : 1
da1 = -2.77837e-05
da10 = 2.398314e-05
dr1 = 7.202725e-02
dr10 = 7.339337e-02
vr1a = 4.844069e-01
vr1b = 4.123797e-01
vr10a = 5.656915e-01
vr10b = 4.922981e-01
Reset re-loads circuit * tb_pnp_mismatch.spice -- sky130 substrate-pnp local-mismatch monte carlo

Circuit: * tb_pnp_mismatch.spice -- sky130 substrate-pnp local-mismatch monte carlo

option SCALE: Scale is set to 1e-06 for instance and model parameters
option SCALE: Scale is set to 1e-06 for instance and model parameters
option SCALE: Scale is set to 1e-06 for instance and model parameters
option SCALE: Scale is set to 1e-06 for instance and model parameters
Doing analysis at TEMP = 125.000000 and TNOM = 27.000000

Using KLU as Direct Linear Solver

No. of Data Rows : 1
da1 = -1.04610e-05
da10 = -1.18133e-04
dr1 = 7.195831e-02
dr10 = 7.327086e-02
vr1a = 4.843041e-01
vr1b = 4.123458e-01
vr10a = 5.656273e-01
vr10b = 4.923564e-01
Reset re-loads circuit * tb_pnp_mismatch.spice -- sky130 substrate-pnp local-mismatch monte carlo

Circuit: * tb_pnp_mismatch.spice -- sky130 substrate-pnp local-mismatch monte carlo

option SCALE: Scale is set to 1e-06 for instance and model parameters
option SCALE: Scale is set to 1e-06 for instance and model parameters
option SCALE: Scale is set to 1e-06 for instance and model parameters
option SCALE: Scale is set to 1e-06 for instance and model parameters
Doing analysis at TEMP = 125.000000 and TNOM = 27.000000

Using KLU as Direct Linear Solver

No. of Data Rows : 1
da1 = 6.468214e-05
da10 = -2.43317e-04
dr1 = 7.211779e-02
dr10 = 7.303296e-02
vr1a = 4.844662e-01
vr1b = 4.123484e-01
vr10a = 5.653438e-01
vr10b = 4.923109e-01
Reset re-loads circuit * tb_pnp_mismatch.spice -- sky130 substrate-pnp local-mismatch monte carlo

Circuit: * tb_pnp_mismatch.spice -- sky130 substrate-pnp local-mismatch monte carlo

option SCALE: Scale is set to 1e-06 for instance and model parameters
option SCALE: Scale is set to 1e-06 for instance and model parameters
option SCALE: Scale is set to 1e-06 for instance and model parameters
option SCALE: Scale is set to 1e-06 for instance and model parameters
Doing analysis at TEMP = 125.000000 and TNOM = 27.000000

Using KLU as Direct Linear Solver

No. of Data Rows : 1
da1 = -2.47771e-04
da10 = 1.064501e-04
dr1 = 7.219820e-02
dr10 = 7.318922e-02
vr1a = 4.845702e-01
vr1b = 4.123720e-01
vr10a = 5.655280e-01
vr10b = 4.923388e-01
Reset re-loads circuit * tb_pnp_mismatch.spice -- sky130 substrate-pnp local-mismatch monte carlo

Circuit: * tb_pnp_mismatch.spice -- sky130 substrate-pnp local-mismatch monte carlo

option SCALE: Scale is set to 1e-06 for instance and model parameters
option SCALE: Scale is set to 1e-06 for instance and model parameters
option SCALE: Scale is set to 1e-06 for instance and model parameters
option SCALE: Scale is set to 1e-06 for instance and model parameters
Doing analysis at TEMP = 125.000000 and TNOM = 27.000000

Using KLU as Direct Linear Solver

No. of Data Rows : 1
da1 = -6.34370e-05
da10 = 2.940343e-05
dr1 = 7.228016e-02
dr10 = 7.280920e-02
vr1a = 4.846117e-01
vr1b = 4.123316e-01
vr10a = 5.651349e-01
vr10b = 4.923257e-01
Reset re-loads circuit * tb_pnp_mismatch.spice -- sky130 substrate-pnp local-mismatch monte carlo

Circuit: * tb_pnp_mismatch.spice -- sky130 substrate-pnp local-mismatch monte carlo

option SCALE: Scale is set to 1e-06 for instance and model parameters
option SCALE: Scale is set to 1e-06 for instance and model parameters
option SCALE: Scale is set to 1e-06 for instance and model parameters
option SCALE: Scale is set to 1e-06 for instance and model parameters
Doing analysis at TEMP = 125.000000 and TNOM = 27.000000

Using KLU as Direct Linear Solver

No. of Data Rows : 1
da1 = 1.991940e-05
da10 = -1.17120e-04
dr1 = 7.218123e-02
dr10 = 7.319981e-02
vr1a = 4.845427e-01
vr1b = 4.123615e-01
vr10a = 5.655626e-01
vr10b = 4.923628e-01
Reset re-loads circuit * tb_pnp_mismatch.spice -- sky130 substrate-pnp local-mismatch monte carlo

Circuit: * tb_pnp_mismatch.spice -- sky130 substrate-pnp local-mismatch monte carlo

option SCALE: Scale is set to 1e-06 for instance and model parameters
option SCALE: Scale is set to 1e-06 for instance and model parameters
option SCALE: Scale is set to 1e-06 for instance and model parameters
option SCALE: Scale is set to 1e-06 for instance and model parameters
Doing analysis at TEMP = 125.000000 and TNOM = 27.000000

Using KLU as Direct Linear Solver

No. of Data Rows : 1
da1 = -2.58446e-04
da10 = 3.266261e-05
dr1 = 7.214130e-02
dr10 = 7.309493e-02
vr1a = 4.844469e-01
vr1b = 4.123056e-01
vr10a = 5.654297e-01
vr10b = 4.923348e-01
Reset re-loads circuit * tb_pnp_mismatch.spice -- sky130 substrate-pnp local-mismatch monte carlo

Circuit: * tb_pnp_mismatch.spice -- sky130 substrate-pnp local-mismatch monte carlo

option SCALE: Scale is set to 1e-06 for instance and model parameters
option SCALE: Scale is set to 1e-06 for instance and model parameters
option SCALE: Scale is set to 1e-06 for instance and model parameters
option SCALE: Scale is set to 1e-06 for instance and model parameters
Doing analysis at TEMP = 125.000000 and TNOM = 27.000000

Using KLU as Direct Linear Solver

No. of Data Rows : 1
da1 = 1.467658e-05
da10 = -4.07428e-05
dr1 = 7.219116e-02
dr10 = 7.304190e-02
vr1a = 4.845438e-01
vr1b = 4.123526e-01
vr10a = 5.653599e-01
vr10b = 4.923180e-01
Reset re-loads circuit * tb_pnp_mismatch.spice -- sky130 substrate-pnp local-mismatch monte carlo

Circuit: * tb_pnp_mismatch.spice -- sky130 substrate-pnp local-mismatch monte carlo

option SCALE: Scale is set to 1e-06 for instance and model parameters
option SCALE: Scale is set to 1e-06 for instance and model parameters
option SCALE: Scale is set to 1e-06 for instance and model parameters
option SCALE: Scale is set to 1e-06 for instance and model parameters
Doing analysis at TEMP = 125.000000 and TNOM = 27.000000

Using KLU as Direct Linear Solver

No. of Data Rows : 1
da1 = 2.847808e-05
da10 = -2.39395e-05
dr1 = 7.240200e-02
dr10 = 7.305857e-02
vr1a = 4.846987e-01
vr1b = 4.122967e-01
vr10a = 5.655047e-01
vr10b = 4.924461e-01
Reset re-loads circuit * tb_pnp_mismatch.spice -- sky130 substrate-pnp local-mismatch monte carlo

Circuit: * tb_pnp_mismatch.spice -- sky130 substrate-pnp local-mismatch monte carlo

option SCALE: Scale is set to 1e-06 for instance and model parameters
option SCALE: Scale is set to 1e-06 for instance and model parameters
option SCALE: Scale is set to 1e-06 for instance and model parameters
option SCALE: Scale is set to 1e-06 for instance and model parameters
Doing analysis at TEMP = 125.000000 and TNOM = 27.000000

Using KLU as Direct Linear Solver

No. of Data Rows : 1
da1 = 3.133681e-05
da10 = 1.058863e-04
dr1 = 7.231085e-02
dr10 = 7.322454e-02
vr1a = 4.846516e-01
vr1b = 4.123408e-01
vr10a = 5.655792e-01
vr10b = 4.923547e-01
Reset re-loads circuit * tb_pnp_mismatch.spice -- sky130 substrate-pnp local-mismatch monte carlo

Circuit: * tb_pnp_mismatch.spice -- sky130 substrate-pnp local-mismatch monte carlo

option SCALE: Scale is set to 1e-06 for instance and model parameters
option SCALE: Scale is set to 1e-06 for instance and model parameters
option SCALE: Scale is set to 1e-06 for instance and model parameters
option SCALE: Scale is set to 1e-06 for instance and model parameters
Doing analysis at TEMP = 125.000000 and TNOM = 27.000000

Using KLU as Direct Linear Solver

No. of Data Rows : 1
da1 = 1.866166e-04
da10 = 2.531440e-04
dr1 = 7.262050e-02
dr10 = 7.294194e-02
vr1a = 4.849458e-01
vr1b = 4.123253e-01
vr10a = 5.653758e-01
vr10b = 4.924339e-01
Reset re-loads circuit * tb_pnp_mismatch.spice -- sky130 substrate-pnp local-mismatch monte carlo

Circuit: * tb_pnp_mismatch.spice -- sky130 substrate-pnp local-mismatch monte carlo

option SCALE: Scale is set to 1e-06 for instance and model parameters
option SCALE: Scale is set to 1e-06 for instance and model parameters
option SCALE: Scale is set to 1e-06 for instance and model parameters
option SCALE: Scale is set to 1e-06 for instance and model parameters
Doing analysis at TEMP = 125.000000 and TNOM = 27.000000

Using KLU as Direct Linear Solver

No. of Data Rows : 1
da1 = 1.531594e-05
da10 = 4.371578e-05
dr1 = 7.229955e-02
dr10 = 7.328690e-02
vr1a = 4.846827e-01
vr1b = 4.123832e-01
vr10a = 5.656053e-01
vr10b = 4.923184e-01
Reset re-loads circuit * tb_pnp_mismatch.spice -- sky130 substrate-pnp local-mismatch monte carlo

Circuit: * tb_pnp_mismatch.spice -- sky130 substrate-pnp local-mismatch monte carlo

option SCALE: Scale is set to 1e-06 for instance and model parameters
option SCALE: Scale is set to 1e-06 for instance and model parameters
option SCALE: Scale is set to 1e-06 for instance and model parameters
option SCALE: Scale is set to 1e-06 for instance and model parameters
Doing analysis at TEMP = 125.000000 and TNOM = 27.000000

Using KLU as Direct Linear Solver

No. of Data Rows : 1
da1 = 5.495612e-05
da10 = -6.65855e-05
dr1 = 7.223895e-02
dr10 = 7.309240e-02
vr1a = 4.845647e-01
vr1b = 4.123258e-01
vr10a = 5.654588e-01
vr10b = 4.923664e-01
Reset re-loads circuit * tb_pnp_mismatch.spice -- sky130 substrate-pnp local-mismatch monte carlo

Circuit: * tb_pnp_mismatch.spice -- sky130 substrate-pnp local-mismatch monte carlo

option SCALE: Scale is set to 1e-06 for instance and model parameters
option SCALE: Scale is set to 1e-06 for instance and model parameters
option SCALE: Scale is set to 1e-06 for instance and model parameters
option SCALE: Scale is set to 1e-06 for instance and model parameters
Doing analysis at TEMP = 125.000000 and TNOM = 27.000000

Using KLU as Direct Linear Solver

No. of Data Rows : 1
da1 = -5.01634e-05
da10 = 3.963194e-04
dr1 = 7.215026e-02
dr10 = 7.307338e-02
vr1a = 4.845398e-01
vr1b = 4.123896e-01
vr10a = 5.654608e-01
vr10b = 4.923874e-01
Reset re-loads circuit * tb_pnp_mismatch.spice -- sky130 substrate-pnp local-mismatch monte carlo

Circuit: * tb_pnp_mismatch.spice -- sky130 substrate-pnp local-mismatch monte carlo

option SCALE: Scale is set to 1e-06 for instance and model parameters
option SCALE: Scale is set to 1e-06 for instance and model parameters
option SCALE: Scale is set to 1e-06 for instance and model parameters
option SCALE: Scale is set to 1e-06 for instance and model parameters
Doing analysis at TEMP = 125.000000 and TNOM = 27.000000

Using KLU as Direct Linear Solver

No. of Data Rows : 1
da1 = 4.104753e-04
da10 = 1.612101e-04
dr1 = 7.231641e-02
dr10 = 7.325930e-02
vr1a = 4.846570e-01
vr1b = 4.123406e-01
vr10a = 5.656782e-01
vr10b = 4.924189e-01
Reset re-loads circuit * tb_pnp_mismatch.spice -- sky130 substrate-pnp local-mismatch monte carlo

Circuit: * tb_pnp_mismatch.spice -- sky130 substrate-pnp local-mismatch monte carlo

option SCALE: Scale is set to 1e-06 for instance and model parameters
option SCALE: Scale is set to 1e-06 for instance and model parameters
option SCALE: Scale is set to 1e-06 for instance and model parameters
option SCALE: Scale is set to 1e-06 for instance and model parameters
Doing analysis at TEMP = 125.000000 and TNOM = 27.000000

Using KLU as Direct Linear Solver

No. of Data Rows : 1
da1 = -1.05427e-04
da10 = 4.348397e-05
dr1 = 7.208127e-02
dr10 = 7.295592e-02
vr1a = 4.844193e-01
vr1b = 4.123380e-01
vr10a = 5.653533e-01
vr10b = 4.923973e-01
Reset re-loads circuit * tb_pnp_mismatch.spice -- sky130 substrate-pnp local-mismatch monte carlo

Circuit: * tb_pnp_mismatch.spice -- sky130 substrate-pnp local-mismatch monte carlo

option SCALE: Scale is set to 1e-06 for instance and model parameters
option SCALE: Scale is set to 1e-06 for instance and model parameters
option SCALE: Scale is set to 1e-06 for instance and model parameters
option SCALE: Scale is set to 1e-06 for instance and model parameters
Doing analysis at TEMP = 125.000000 and TNOM = 27.000000

Using KLU as Direct Linear Solver

No. of Data Rows : 1
da1 = 1.663083e-04
da10 = -5.07469e-06
dr1 = 7.223202e-02
dr10 = 7.304228e-02
vr1a = 4.845407e-01
vr1b = 4.123086e-01
vr10a = 5.654902e-01
vr10b = 4.924479e-01
Reset re-loads circuit * tb_pnp_mismatch.spice -- sky130 substrate-pnp local-mismatch monte carlo

Circuit: * tb_pnp_mismatch.spice -- sky130 substrate-pnp local-mismatch monte carlo

option SCALE: Scale is set to 1e-06 for instance and model parameters
option SCALE: Scale is set to 1e-06 for instance and model parameters
option SCALE: Scale is set to 1e-06 for instance and model parameters
option SCALE: Scale is set to 1e-06 for instance and model parameters
Doing analysis at TEMP = 125.000000 and TNOM = 27.000000

Using KLU as Direct Linear Solver

No. of Data Rows : 1
da1 = -1.49558e-04
da10 = 2.561816e-04
dr1 = 7.231990e-02
dr10 = 7.318665e-02
vr1a = 4.845783e-01
vr1b = 4.122584e-01
vr10a = 5.654812e-01
vr10b = 4.922946e-01
Reset re-loads circuit * tb_pnp_mismatch.spice -- sky130 substrate-pnp local-mismatch monte carlo

Circuit: * tb_pnp_mismatch.spice -- sky130 substrate-pnp local-mismatch monte carlo

option SCALE: Scale is set to 1e-06 for instance and model parameters
option SCALE: Scale is set to 1e-06 for instance and model parameters
option SCALE: Scale is set to 1e-06 for instance and model parameters
option SCALE: Scale is set to 1e-06 for instance and model parameters
Doing analysis at TEMP = 125.000000 and TNOM = 27.000000

Using KLU as Direct Linear Solver

No. of Data Rows : 1
da1 = -6.05083e-05
da10 = 7.169694e-05
dr1 = 7.230623e-02
dr10 = 7.316861e-02
vr1a = 4.845929e-01
vr1b = 4.122867e-01
vr10a = 5.655616e-01
vr10b = 4.923930e-01
Reset re-loads circuit * tb_pnp_mismatch.spice -- sky130 substrate-pnp local-mismatch monte carlo

Circuit: * tb_pnp_mismatch.spice -- sky130 substrate-pnp local-mismatch monte carlo

option SCALE: Scale is set to 1e-06 for instance and model parameters
option SCALE: Scale is set to 1e-06 for instance and model parameters
option SCALE: Scale is set to 1e-06 for instance and model parameters
option SCALE: Scale is set to 1e-06 for instance and model parameters
Doing analysis at TEMP = 125.000000 and TNOM = 27.000000

Using KLU as Direct Linear Solver

No. of Data Rows : 1
da1 = -7.56779e-05
da10 = 1.623445e-04
dr1 = 7.235256e-02
dr10 = 7.312420e-02
vr1a = 4.846570e-01
vr1b = 4.123044e-01
vr10a = 5.655217e-01
vr10b = 4.923975e-01
Reset re-loads circuit * tb_pnp_mismatch.spice -- sky130 substrate-pnp local-mismatch monte carlo

Circuit: * tb_pnp_mismatch.spice -- sky130 substrate-pnp local-mismatch monte carlo

option SCALE: Scale is set to 1e-06 for instance and model parameters
option SCALE: Scale is set to 1e-06 for instance and model parameters
option SCALE: Scale is set to 1e-06 for instance and model parameters
option SCALE: Scale is set to 1e-06 for instance and model parameters
Doing analysis at TEMP = 125.000000 and TNOM = 27.000000

Using KLU as Direct Linear Solver

No. of Data Rows : 1
da1 = -7.39117e-05
da10 = -1.07366e-04
dr1 = 7.220024e-02
dr10 = 7.340258e-02
vr1a = 4.845169e-01
vr1b = 4.123167e-01
vr10a = 5.657853e-01
vr10b = 4.923827e-01
Reset re-loads circuit * tb_pnp_mismatch.spice -- sky130 substrate-pnp local-mismatch monte carlo

Circuit: * tb_pnp_mismatch.spice -- sky130 substrate-pnp local-mismatch monte carlo

option SCALE: Scale is set to 1e-06 for instance and model parameters
option SCALE: Scale is set to 1e-06 for instance and model parameters
option SCALE: Scale is set to 1e-06 for instance and model parameters
option SCALE: Scale is set to 1e-06 for instance and model parameters
Doing analysis at TEMP = 125.000000 and TNOM = 27.000000

Using KLU as Direct Linear Solver

No. of Data Rows : 1
da1 = 8.343469e-05
da10 = 2.138807e-04
dr1 = 7.236481e-02
dr10 = 7.323150e-02
vr1a = 4.846550e-01
vr1b = 4.122902e-01
vr10a = 5.655936e-01
vr10b = 4.923621e-01
Reset re-loads circuit * tb_pnp_mismatch.spice -- sky130 substrate-pnp local-mismatch monte carlo

Circuit: * tb_pnp_mismatch.spice -- sky130 substrate-pnp local-mismatch monte carlo

option SCALE: Scale is set to 1e-06 for instance and model parameters
option SCALE: Scale is set to 1e-06 for instance and model parameters
option SCALE: Scale is set to 1e-06 for instance and model parameters
option SCALE: Scale is set to 1e-06 for instance and model parameters
Doing analysis at TEMP = 125.000000 and TNOM = 27.000000

Using KLU as Direct Linear Solver
 Reference value :  0.00000e+00
No. of Data Rows : 1
da1 = 2.268188e-04
da10 = 2.202123e-04
dr1 = 7.224956e-02
dr10 = 7.315053e-02
vr1a = 4.845147e-01
vr1b = 4.122652e-01
vr10a = 5.655331e-01
vr10b = 4.923826e-01
Reset re-loads circuit * tb_pnp_mismatch.spice -- sky130 substrate-pnp local-mismatch monte carlo

Circuit: * tb_pnp_mismatch.spice -- sky130 substrate-pnp local-mismatch monte carlo

option SCALE: Scale is set to 1e-06 for instance and model parameters
option SCALE: Scale is set to 1e-06 for instance and model parameters
option SCALE: Scale is set to 1e-06 for instance and model parameters
option SCALE: Scale is set to 1e-06 for instance and model parameters
Doing analysis at TEMP = 125.000000 and TNOM = 27.000000

Using KLU as Direct Linear Solver

No. of Data Rows : 1
da1 = -1.65703e-04
da10 = 1.755603e-04
dr1 = 7.228509e-02
dr10 = 7.297000e-02
vr1a = 4.846278e-01
vr1b = 4.123427e-01
vr10a = 5.652881e-01
vr10b = 4.923181e-01
Reset re-loads circuit * tb_pnp_mismatch.spice -- sky130 substrate-pnp local-mismatch monte carlo

Circuit: * tb_pnp_mismatch.spice -- sky130 substrate-pnp local-mismatch monte carlo

option SCALE: Scale is set to 1e-06 for instance and model parameters
option SCALE: Scale is set to 1e-06 for instance and model parameters
option SCALE: Scale is set to 1e-06 for instance and model parameters
option SCALE: Scale is set to 1e-06 for instance and model parameters
Doing analysis at TEMP = 125.000000 and TNOM = 27.000000

Using KLU as Direct Linear Solver

No. of Data Rows : 1
da1 = -8.32825e-05
da10 = -9.38879e-06
dr1 = 7.254435e-02
dr10 = 7.296882e-02
vr1a = 4.849171e-01
vr1b = 4.123728e-01
vr10a = 5.653817e-01
vr10b = 4.924129e-01
Reset re-loads circuit * tb_pnp_mismatch.spice -- sky130 substrate-pnp local-mismatch monte carlo

Circuit: * tb_pnp_mismatch.spice -- sky130 substrate-pnp local-mismatch monte carlo

option SCALE: Scale is set to 1e-06 for instance and model parameters
option SCALE: Scale is set to 1e-06 for instance and model parameters
option SCALE: Scale is set to 1e-06 for instance and model parameters
option SCALE: Scale is set to 1e-06 for instance and model parameters
Doing analysis at TEMP = 125.000000 and TNOM = 27.000000

Using KLU as Direct Linear Solver

No. of Data Rows : 1
da1 = 2.016837e-04
da10 = -3.78486e-04
dr1 = 7.219330e-02
dr10 = 7.302079e-02
vr1a = 4.846581e-01
vr1b = 4.124648e-01
vr10a = 5.654215e-01
vr10b = 4.924007e-01
Reset re-loads circuit * tb_pnp_mismatch.spice -- sky130 substrate-pnp local-mismatch monte carlo

Circuit: * tb_pnp_mismatch.spice -- sky130 substrate-pnp local-mismatch monte carlo

option SCALE: Scale is set to 1e-06 for instance and model parameters
option SCALE: Scale is set to 1e-06 for instance and model parameters
option SCALE: Scale is set to 1e-06 for instance and model parameters
option SCALE: Scale is set to 1e-06 for instance and model parameters
Doing analysis at TEMP = 125.000000 and TNOM = 27.000000

Using KLU as Direct Linear Solver

No. of Data Rows : 1
da1 = -6.83570e-05
da10 = -4.26741e-05
dr1 = 7.233105e-02
dr10 = 7.327547e-02
vr1a = 4.845784e-01
vr1b = 4.122474e-01
vr10a = 5.656312e-01
vr10b = 4.923558e-01
Reset re-loads circuit * tb_pnp_mismatch.spice -- sky130 substrate-pnp local-mismatch monte carlo

Circuit: * tb_pnp_mismatch.spice -- sky130 substrate-pnp local-mismatch monte carlo

option SCALE: Scale is set to 1e-06 for instance and model parameters
option SCALE: Scale is set to 1e-06 for instance and model parameters
option SCALE: Scale is set to 1e-06 for instance and model parameters
option SCALE: Scale is set to 1e-06 for instance and model parameters
Doing analysis at TEMP = 125.000000 and TNOM = 27.000000

Using KLU as Direct Linear Solver

No. of Data Rows : 1
da1 = 2.940551e-04
da10 = 1.278731e-04
dr1 = 7.221046e-02
dr10 = 7.323447e-02
vr1a = 4.846021e-01
vr1b = 4.123916e-01
vr10a = 5.656261e-01
vr10b = 4.923916e-01
Reset re-loads circuit * tb_pnp_mismatch.spice -- sky130 substrate-pnp local-mismatch monte carlo

Circuit: * tb_pnp_mismatch.spice -- sky130 substrate-pnp local-mismatch monte carlo

option SCALE: Scale is set to 1e-06 for instance and model parameters
option SCALE: Scale is set to 1e-06 for instance and model parameters
option SCALE: Scale is set to 1e-06 for instance and model parameters
option SCALE: Scale is set to 1e-06 for instance and model parameters
Doing analysis at TEMP = 125.000000 and TNOM = 27.000000

Using KLU as Direct Linear Solver

No. of Data Rows : 1
da1 = 2.989605e-05
da10 = 3.450406e-05
dr1 = 7.259754e-02
dr10 = 7.305840e-02
vr1a = 4.849506e-01
vr1b = 4.123531e-01
vr10a = 5.654976e-01
vr10b = 4.924392e-01
Reset re-loads circuit * tb_pnp_mismatch.spice -- sky130 substrate-pnp local-mismatch monte carlo

Circuit: * tb_pnp_mismatch.spice -- sky130 substrate-pnp local-mismatch monte carlo

option SCALE: Scale is set to 1e-06 for instance and model parameters
option SCALE: Scale is set to 1e-06 for instance and model parameters
option SCALE: Scale is set to 1e-06 for instance and model parameters
option SCALE: Scale is set to 1e-06 for instance and model parameters
Doing analysis at TEMP = 125.000000 and TNOM = 27.000000

Using KLU as Direct Linear Solver

No. of Data Rows : 1
da1 = 1.146542e-05
da10 = -1.54868e-04
dr1 = 7.210834e-02
dr10 = 7.326686e-02
vr1a = 4.844417e-01
vr1b = 4.123334e-01
vr10a = 5.655981e-01
vr10b = 4.923312e-01
Reset re-loads circuit * tb_pnp_mismatch.spice -- sky130 substrate-pnp local-mismatch monte carlo

Circuit: * tb_pnp_mismatch.spice -- sky130 substrate-pnp local-mismatch monte carlo

option SCALE: Scale is set to 1e-06 for instance and model parameters
option SCALE: Scale is set to 1e-06 for instance and model parameters
option SCALE: Scale is set to 1e-06 for instance and model parameters
option SCALE: Scale is set to 1e-06 for instance and model parameters
Doing analysis at TEMP = 125.000000 and TNOM = 27.000000

Using KLU as Direct Linear Solver

No. of Data Rows : 1
da1 = 2.480187e-04
da10 = -9.84234e-06
dr1 = 7.218995e-02
dr10 = 7.288784e-02
vr1a = 4.844711e-01
vr1b = 4.122812e-01
vr10a = 5.653689e-01
vr10b = 4.924811e-01
Reset re-loads circuit * tb_pnp_mismatch.spice -- sky130 substrate-pnp local-mismatch monte carlo

Circuit: * tb_pnp_mismatch.spice -- sky130 substrate-pnp local-mismatch monte carlo

option SCALE: Scale is set to 1e-06 for instance and model parameters
option SCALE: Scale is set to 1e-06 for instance and model parameters
option SCALE: Scale is set to 1e-06 for instance and model parameters
option SCALE: Scale is set to 1e-06 for instance and model parameters
Doing analysis at TEMP = 125.000000 and TNOM = 27.000000

Using KLU as Direct Linear Solver

No. of Data Rows : 1
da1 = -2.12896e-04
da10 = -2.67615e-05
dr1 = 7.232458e-02
dr10 = 7.325803e-02
vr1a = 4.846120e-01
vr1b = 4.122874e-01
vr10a = 5.656198e-01
vr10b = 4.923617e-01
Reset re-loads circuit * tb_pnp_mismatch.spice -- sky130 substrate-pnp local-mismatch monte carlo

Circuit: * tb_pnp_mismatch.spice -- sky130 substrate-pnp local-mismatch monte carlo

option SCALE: Scale is set to 1e-06 for instance and model parameters
option SCALE: Scale is set to 1e-06 for instance and model parameters
option SCALE: Scale is set to 1e-06 for instance and model parameters
option SCALE: Scale is set to 1e-06 for instance and model parameters
Doing analysis at TEMP = 125.000000 and TNOM = 27.000000

Using KLU as Direct Linear Solver

No. of Data Rows : 1
da1 = 7.182371e-05
da10 = -6.28206e-05
dr1 = 7.234367e-02
dr10 = 7.307876e-02
vr1a = 4.846905e-01
vr1b = 4.123469e-01
vr10a = 5.653711e-01
vr10b = 4.922923e-01
Reset re-loads circuit * tb_pnp_mismatch.spice -- sky130 substrate-pnp local-mismatch monte carlo

Circuit: * tb_pnp_mismatch.spice -- sky130 substrate-pnp local-mismatch monte carlo

option SCALE: Scale is set to 1e-06 for instance and model parameters
option SCALE: Scale is set to 1e-06 for instance and model parameters
option SCALE: Scale is set to 1e-06 for instance and model parameters
option SCALE: Scale is set to 1e-06 for instance and model parameters
Doing analysis at TEMP = 125.000000 and TNOM = 27.000000

Using KLU as Direct Linear Solver

No. of Data Rows : 1
da1 = -2.62134e-04
da10 = 9.574930e-05
dr1 = 7.216546e-02
dr10 = 7.327491e-02
vr1a = 4.844601e-01
vr1b = 4.122947e-01
vr10a = 5.656257e-01
vr10b = 4.923508e-01
Reset re-loads circuit * tb_pnp_mismatch.spice -- sky130 substrate-pnp local-mismatch monte carlo

Circuit: * tb_pnp_mismatch.spice -- sky130 substrate-pnp local-mismatch monte carlo

option SCALE: Scale is set to 1e-06 for instance and model parameters
option SCALE: Scale is set to 1e-06 for instance and model parameters
option SCALE: Scale is set to 1e-06 for instance and model parameters
option SCALE: Scale is set to 1e-06 for instance and model parameters
Doing analysis at TEMP = 125.000000 and TNOM = 27.000000

Using KLU as Direct Linear Solver

No. of Data Rows : 1
da1 = -2.20360e-04
da10 = -2.43844e-05
dr1 = 7.252624e-02
dr10 = 7.299306e-02
vr1a = 4.848679e-01
vr1b = 4.123417e-01
vr10a = 5.654493e-01
vr10b = 4.924563e-01
Reset re-loads circuit * tb_pnp_mismatch.spice -- sky130 substrate-pnp local-mismatch monte carlo

Circuit: * tb_pnp_mismatch.spice -- sky130 substrate-pnp local-mismatch monte carlo

option SCALE: Scale is set to 1e-06 for instance and model parameters
option SCALE: Scale is set to 1e-06 for instance and model parameters
option SCALE: Scale is set to 1e-06 for instance and model parameters
option SCALE: Scale is set to 1e-06 for instance and model parameters
Doing analysis at TEMP = 125.000000 and TNOM = 27.000000

Using KLU as Direct Linear Solver

No. of Data Rows : 1
da1 = 2.827975e-05
da10 = 3.016084e-04
dr1 = 7.228749e-02
dr10 = 7.315667e-02
vr1a = 4.845696e-01
vr1b = 4.122821e-01
vr10a = 5.655747e-01
vr10b = 4.924180e-01
Reset re-loads circuit * tb_pnp_mismatch.spice -- sky130 substrate-pnp local-mismatch monte carlo

Circuit: * tb_pnp_mismatch.spice -- sky130 substrate-pnp local-mismatch monte carlo

option SCALE: Scale is set to 1e-06 for instance and model parameters
option SCALE: Scale is set to 1e-06 for instance and model parameters
option SCALE: Scale is set to 1e-06 for instance and model parameters
option SCALE: Scale is set to 1e-06 for instance and model parameters
Doing analysis at TEMP = 125.000000 and TNOM = 27.000000

Using KLU as Direct Linear Solver

No. of Data Rows : 1
da1 = -2.40508e-05
da10 = 1.465582e-04
dr1 = 7.211548e-02
dr10 = 7.327912e-02
vr1a = 4.845080e-01
vr1b = 4.123925e-01
vr10a = 5.656894e-01
vr10b = 4.924103e-01
Reset re-loads circuit * tb_pnp_mismatch.spice -- sky130 substrate-pnp local-mismatch monte carlo

Circuit: * tb_pnp_mismatch.spice -- sky130 substrate-pnp local-mismatch monte carlo

option SCALE: Scale is set to 1e-06 for instance and model parameters
option SCALE: Scale is set to 1e-06 for instance and model parameters
option SCALE: Scale is set to 1e-06 for instance and model parameters
option SCALE: Scale is set to 1e-06 for instance and model parameters
Doing analysis at TEMP = 125.000000 and TNOM = 27.000000

Using KLU as Direct Linear Solver

No. of Data Rows : 1
da1 = -3.14849e-05
da10 = -1.26750e-04
dr1 = 7.227770e-02
dr10 = 7.337878e-02
vr1a = 4.846080e-01
vr1b = 4.123303e-01
vr10a = 5.657854e-01
vr10b = 4.924066e-01
Reset re-loads circuit * tb_pnp_mismatch.spice -- sky130 substrate-pnp local-mismatch monte carlo

Circuit: * tb_pnp_mismatch.spice -- sky130 substrate-pnp local-mismatch monte carlo

option SCALE: Scale is set to 1e-06 for instance and model parameters
option SCALE: Scale is set to 1e-06 for instance and model parameters
option SCALE: Scale is set to 1e-06 for instance and model parameters
option SCALE: Scale is set to 1e-06 for instance and model parameters
Doing analysis at TEMP = 125.000000 and TNOM = 27.000000

Using KLU as Direct Linear Solver

No. of Data Rows : 1
da1 = 4.199046e-05
da10 = 5.401902e-05
dr1 = 7.227182e-02
dr10 = 7.307866e-02
vr1a = 4.846178e-01
vr1b = 4.123460e-01
vr10a = 5.654897e-01
vr10b = 4.924110e-01
Reset re-loads circuit * tb_pnp_mismatch.spice -- sky130 substrate-pnp local-mismatch monte carlo

Circuit: * tb_pnp_mismatch.spice -- sky130 substrate-pnp local-mismatch monte carlo

option SCALE: Scale is set to 1e-06 for instance and model parameters
option SCALE: Scale is set to 1e-06 for instance and model parameters
option SCALE: Scale is set to 1e-06 for instance and model parameters
option SCALE: Scale is set to 1e-06 for instance and model parameters
Doing analysis at TEMP = 125.000000 and TNOM = 27.000000

Using KLU as Direct Linear Solver

No. of Data Rows : 1
da1 = 2.883240e-04
da10 = 3.702481e-04
dr1 = 7.240565e-02
dr10 = 7.305596e-02
vr1a = 4.847159e-01
vr1b = 4.123103e-01
vr10a = 5.654591e-01
vr10b = 4.924031e-01
Reset re-loads circuit * tb_pnp_mismatch.spice -- sky130 substrate-pnp local-mismatch monte carlo

Circuit: * tb_pnp_mismatch.spice -- sky130 substrate-pnp local-mismatch monte carlo

option SCALE: Scale is set to 1e-06 for instance and model parameters
option SCALE: Scale is set to 1e-06 for instance and model parameters
option SCALE: Scale is set to 1e-06 for instance and model parameters
option SCALE: Scale is set to 1e-06 for instance and model parameters
Doing analysis at TEMP = 125.000000 and TNOM = 27.000000

Using KLU as Direct Linear Solver

No. of Data Rows : 1
da1 = -1.12496e-04
da10 = -2.55949e-04
dr1 = 7.232481e-02
dr10 = 7.303414e-02
vr1a = 4.846692e-01
vr1b = 4.123444e-01
vr10a = 5.654044e-01
vr10b = 4.923703e-01
Reset re-loads circuit * tb_pnp_mismatch.spice -- sky130 substrate-pnp local-mismatch monte carlo

Circuit: * tb_pnp_mismatch.spice -- sky130 substrate-pnp local-mismatch monte carlo

option SCALE: Scale is set to 1e-06 for instance and model parameters
option SCALE: Scale is set to 1e-06 for instance and model parameters
option SCALE: Scale is set to 1e-06 for instance and model parameters
option SCALE: Scale is set to 1e-06 for instance and model parameters
Doing analysis at TEMP = 125.000000 and TNOM = 27.000000

Using KLU as Direct Linear Solver

No. of Data Rows : 1
da1 = 2.715710e-04
da10 = -2.40211e-04
dr1 = 7.232671e-02
dr10 = 7.327304e-02
vr1a = 4.845905e-01
vr1b = 4.122638e-01
vr10a = 5.656620e-01
vr10b = 4.923889e-01
Reset re-loads circuit * tb_pnp_mismatch.spice -- sky130 substrate-pnp local-mismatch monte carlo

Circuit: * tb_pnp_mismatch.spice -- sky130 substrate-pnp local-mismatch monte carlo

option SCALE: Scale is set to 1e-06 for instance and model parameters
option SCALE: Scale is set to 1e-06 for instance and model parameters
option SCALE: Scale is set to 1e-06 for instance and model parameters
option SCALE: Scale is set to 1e-06 for instance and model parameters
Doing analysis at TEMP = 125.000000 and TNOM = 27.000000

Using KLU as Direct Linear Solver

No. of Data Rows : 1
da1 = 1.124407e-05
da10 = 1.389293e-04
dr1 = 7.224698e-02
dr10 = 7.312903e-02
vr1a = 4.845832e-01
vr1b = 4.123362e-01
vr10a = 5.654403e-01
vr10b = 4.923112e-01
Reset re-loads circuit * tb_pnp_mismatch.spice -- sky130 substrate-pnp local-mismatch monte carlo

Circuit: * tb_pnp_mismatch.spice -- sky130 substrate-pnp local-mismatch monte carlo

option SCALE: Scale is set to 1e-06 for instance and model parameters
option SCALE: Scale is set to 1e-06 for instance and model parameters
option SCALE: Scale is set to 1e-06 for instance and model parameters
option SCALE: Scale is set to 1e-06 for instance and model parameters
Doing analysis at TEMP = 125.000000 and TNOM = 27.000000

Using KLU as Direct Linear Solver

No. of Data Rows : 1
da1 = 9.521239e-05
da10 = -4.96998e-05
dr1 = 7.215955e-02
dr10 = 7.303078e-02
vr1a = 4.844537e-01
vr1b = 4.122942e-01
vr10a = 5.653652e-01
vr10b = 4.923344e-01
Reset re-loads circuit * tb_pnp_mismatch.spice -- sky130 substrate-pnp local-mismatch monte carlo

Circuit: * tb_pnp_mismatch.spice -- sky130 substrate-pnp local-mismatch monte carlo

option SCALE: Scale is set to 1e-06 for instance and model parameters
option SCALE: Scale is set to 1e-06 for instance and model parameters
option SCALE: Scale is set to 1e-06 for instance and model parameters
option SCALE: Scale is set to 1e-06 for instance and model parameters
Doing analysis at TEMP = 125.000000 and TNOM = 27.000000

Using KLU as Direct Linear Solver

No. of Data Rows : 1
da1 = -1.07836e-05
da10 = -3.26077e-04
dr1 = 7.197650e-02
dr10 = 7.327124e-02
vr1a = 4.843810e-01
vr1b = 4.124045e-01
vr10a = 5.655663e-01
vr10b = 4.922950e-01
Reset re-loads circuit * tb_pnp_mismatch.spice -- sky130 substrate-pnp local-mismatch monte carlo

Circuit: * tb_pnp_mismatch.spice -- sky130 substrate-pnp local-mismatch monte carlo

option SCALE: Scale is set to 1e-06 for instance and model parameters
option SCALE: Scale is set to 1e-06 for instance and model parameters
option SCALE: Scale is set to 1e-06 for instance and model parameters
option SCALE: Scale is set to 1e-06 for instance and model parameters
Doing analysis at TEMP = 125.000000 and TNOM = 27.000000

Using KLU as Direct Linear Solver

No. of Data Rows : 1
da1 = -2.03436e-04
da10 = -1.79155e-04
dr1 = 7.228649e-02
dr10 = 7.322032e-02
vr1a = 4.845620e-01
vr1b = 4.122755e-01
vr10a = 5.655947e-01
vr10b = 4.923743e-01
Reset re-loads circuit * tb_pnp_mismatch.spice -- sky130 substrate-pnp local-mismatch monte carlo

Circuit: * tb_pnp_mismatch.spice -- sky130 substrate-pnp local-mismatch monte carlo

option SCALE: Scale is set to 1e-06 for instance and model parameters
option SCALE: Scale is set to 1e-06 for instance and model parameters
option SCALE: Scale is set to 1e-06 for instance and model parameters
option SCALE: Scale is set to 1e-06 for instance and model parameters
Doing analysis at TEMP = 125.000000 and TNOM = 27.000000

Using KLU as Direct Linear Solver

No. of Data Rows : 1
da1 = 2.053509e-04
da10 = -1.69334e-04
dr1 = 7.213773e-02
dr10 = 7.317543e-02
vr1a = 4.845400e-01
vr1b = 4.124023e-01
vr10a = 5.654939e-01
vr10b = 4.923185e-01
Reset re-loads circuit * tb_pnp_mismatch.spice -- sky130 substrate-pnp local-mismatch monte carlo

Circuit: * tb_pnp_mismatch.spice -- sky130 substrate-pnp local-mismatch monte carlo

option SCALE: Scale is set to 1e-06 for instance and model parameters
option SCALE: Scale is set to 1e-06 for instance and model parameters
option SCALE: Scale is set to 1e-06 for instance and model parameters
option SCALE: Scale is set to 1e-06 for instance and model parameters
Doing analysis at TEMP = 125.000000 and TNOM = 27.000000

Using KLU as Direct Linear Solver

No. of Data Rows : 1
da1 = -7.01495e-05
da10 = -6.20939e-05
dr1 = 7.234099e-02
dr10 = 7.301951e-02
vr1a = 4.846166e-01
vr1b = 4.122756e-01
vr10a = 5.654500e-01
vr10b = 4.924305e-01
Reset re-loads circuit * tb_pnp_mismatch.spice -- sky130 substrate-pnp local-mismatch monte carlo

Circuit: * tb_pnp_mismatch.spice -- sky130 substrate-pnp local-mismatch monte carlo

option SCALE: Scale is set to 1e-06 for instance and model parameters
option SCALE: Scale is set to 1e-06 for instance and model parameters
option SCALE: Scale is set to 1e-06 for instance and model parameters
option SCALE: Scale is set to 1e-06 for instance and model parameters
Doing analysis at TEMP = 125.000000 and TNOM = 27.000000

Using KLU as Direct Linear Solver

No. of Data Rows : 1
da1 = -1.10597e-04
da10 = -1.31854e-04
dr1 = 7.234612e-02
dr10 = 7.292000e-02
vr1a = 4.846815e-01
vr1b = 4.123354e-01
vr10a = 5.653411e-01
vr10b = 4.924211e-01
Reset re-loads circuit * tb_pnp_mismatch.spice -- sky130 substrate-pnp local-mismatch monte carlo

Circuit: * tb_pnp_mismatch.spice -- sky130 substrate-pnp local-mismatch monte carlo

option SCALE: Scale is set to 1e-06 for instance and model parameters
option SCALE: Scale is set to 1e-06 for instance and model parameters
option SCALE: Scale is set to 1e-06 for instance and model parameters
option SCALE: Scale is set to 1e-06 for instance and model parameters
Doing analysis at TEMP = 125.000000 and TNOM = 27.000000

Using KLU as Direct Linear Solver

No. of Data Rows : 1
da1 = 2.608845e-04
da10 = -1.38761e-05
dr1 = 7.222123e-02
dr10 = 7.315070e-02
vr1a = 4.845183e-01
vr1b = 4.122971e-01
vr10a = 5.654902e-01
vr10b = 4.923395e-01
Reset re-loads circuit * tb_pnp_mismatch.spice -- sky130 substrate-pnp local-mismatch monte carlo

Circuit: * tb_pnp_mismatch.spice -- sky130 substrate-pnp local-mismatch monte carlo

option SCALE: Scale is set to 1e-06 for instance and model parameters
option SCALE: Scale is set to 1e-06 for instance and model parameters
option SCALE: Scale is set to 1e-06 for instance and model parameters
option SCALE: Scale is set to 1e-06 for instance and model parameters
Doing analysis at TEMP = 125.000000 and TNOM = 27.000000

Using KLU as Direct Linear Solver

No. of Data Rows : 1
da1 = 2.264232e-05
da10 = 9.219787e-05
dr1 = 7.233725e-02
dr10 = 7.297920e-02
vr1a = 4.845994e-01
vr1b = 4.122621e-01
vr10a = 5.653742e-01
vr10b = 4.923949e-01
Reset re-loads circuit * tb_pnp_mismatch.spice -- sky130 substrate-pnp local-mismatch monte carlo

Circuit: * tb_pnp_mismatch.spice -- sky130 substrate-pnp local-mismatch monte carlo

option SCALE: Scale is set to 1e-06 for instance and model parameters
option SCALE: Scale is set to 1e-06 for instance and model parameters
option SCALE: Scale is set to 1e-06 for instance and model parameters
option SCALE: Scale is set to 1e-06 for instance and model parameters
Doing analysis at TEMP = 125.000000 and TNOM = 27.000000

Using KLU as Direct Linear Solver

No. of Data Rows : 1
da1 = -3.57120e-05
da10 = 8.379596e-05
dr1 = 7.229059e-02
dr10 = 7.320143e-02
vr1a = 4.846453e-01
vr1b = 4.123547e-01
vr10a = 5.655223e-01
vr10b = 4.923209e-01
Reset re-loads circuit * tb_pnp_mismatch.spice -- sky130 substrate-pnp local-mismatch monte carlo

Circuit: * tb_pnp_mismatch.spice -- sky130 substrate-pnp local-mismatch monte carlo

option SCALE: Scale is set to 1e-06 for instance and model parameters
option SCALE: Scale is set to 1e-06 for instance and model parameters
option SCALE: Scale is set to 1e-06 for instance and model parameters
option SCALE: Scale is set to 1e-06 for instance and model parameters
Doing analysis at TEMP = 125.000000 and TNOM = 27.000000

Using KLU as Direct Linear Solver

No. of Data Rows : 1
da1 = 1.323862e-04
da10 = -2.53192e-04
dr1 = 7.219912e-02
dr10 = 7.302737e-02
vr1a = 4.845141e-01
vr1b = 4.123149e-01
vr10a = 5.654634e-01
vr10b = 4.924360e-01
Reset re-loads circuit * tb_pnp_mismatch.spice -- sky130 substrate-pnp local-mismatch monte carlo

Circuit: * tb_pnp_mismatch.spice -- sky130 substrate-pnp local-mismatch monte carlo

option SCALE: Scale is set to 1e-06 for instance and model parameters
option SCALE: Scale is set to 1e-06 for instance and model parameters
option SCALE: Scale is set to 1e-06 for instance and model parameters
option SCALE: Scale is set to 1e-06 for instance and model parameters
Doing analysis at TEMP = 125.000000 and TNOM = 27.000000

Using KLU as Direct Linear Solver

No. of Data Rows : 1
da1 = 3.922059e-06
da10 = -1.45822e-04
dr1 = 7.215845e-02
dr10 = 7.313140e-02
vr1a = 4.844795e-01
vr1b = 4.123211e-01
vr10a = 5.654979e-01
vr10b = 4.923665e-01
Reset re-loads circuit * tb_pnp_mismatch.spice -- sky130 substrate-pnp local-mismatch monte carlo

Circuit: * tb_pnp_mismatch.spice -- sky130 substrate-pnp local-mismatch monte carlo

option SCALE: Scale is set to 1e-06 for instance and model parameters
option SCALE: Scale is set to 1e-06 for instance and model parameters
option SCALE: Scale is set to 1e-06 for instance and model parameters
option SCALE: Scale is set to 1e-06 for instance and model parameters
Doing analysis at TEMP = 125.000000 and TNOM = 27.000000

Using KLU as Direct Linear Solver

No. of Data Rows : 1
da1 = 2.167339e-04
da10 = 1.791982e-04
dr1 = 7.240015e-02
dr10 = 7.327999e-02
vr1a = 4.847249e-01
vr1b = 4.123247e-01
vr10a = 5.656372e-01
vr10b = 4.923572e-01
Reset re-loads circuit * tb_pnp_mismatch.spice -- sky130 substrate-pnp local-mismatch monte carlo

Circuit: * tb_pnp_mismatch.spice -- sky130 substrate-pnp local-mismatch monte carlo

option SCALE: Scale is set to 1e-06 for instance and model parameters
option SCALE: Scale is set to 1e-06 for instance and model parameters
option SCALE: Scale is set to 1e-06 for instance and model parameters
option SCALE: Scale is set to 1e-06 for instance and model parameters
Doing analysis at TEMP = 125.000000 and TNOM = 27.000000

Using KLU as Direct Linear Solver

No. of Data Rows : 1
da1 = -4.95946e-05
da10 = -2.27088e-04
dr1 = 7.241515e-02
dr10 = 7.289023e-02
vr1a = 4.846870e-01
vr1b = 4.122719e-01
vr10a = 5.652743e-01
vr10b = 4.923841e-01
Reset re-loads circuit * tb_pnp_mismatch.spice -- sky130 substrate-pnp local-mismatch monte carlo

Circuit: * tb_pnp_mismatch.spice -- sky130 substrate-pnp local-mismatch monte carlo

option SCALE: Scale is set to 1e-06 for instance and model parameters
option SCALE: Scale is set to 1e-06 for instance and model parameters
option SCALE: Scale is set to 1e-06 for instance and model parameters
option SCALE: Scale is set to 1e-06 for instance and model parameters
Doing analysis at TEMP = 125.000000 and TNOM = 27.000000

Using KLU as Direct Linear Solver

No. of Data Rows : 1
da1 = -2.34474e-04
da10 = -2.56151e-04
dr1 = 7.226126e-02
dr10 = 7.327066e-02
vr1a = 4.846584e-01
vr1b = 4.123972e-01
vr10a = 5.656301e-01
vr10b = 4.923594e-01
Reset re-loads circuit * tb_pnp_mismatch.spice -- sky130 substrate-pnp local-mismatch monte carlo

Circuit: * tb_pnp_mismatch.spice -- sky130 substrate-pnp local-mismatch monte carlo

option SCALE: Scale is set to 1e-06 for instance and model parameters
option SCALE: Scale is set to 1e-06 for instance and model parameters
option SCALE: Scale is set to 1e-06 for instance and model parameters
option SCALE: Scale is set to 1e-06 for instance and model parameters
Doing analysis at TEMP = 125.000000 and TNOM = 27.000000

Using KLU as Direct Linear Solver

No. of Data Rows : 1
da1 = -4.92525e-05
da10 = -3.64692e-05
dr1 = 7.235855e-02
dr10 = 7.322598e-02
vr1a = 4.847209e-01
vr1b = 4.123623e-01
vr10a = 5.656064e-01
vr10b = 4.923804e-01
Reset re-loads circuit * tb_pnp_mismatch.spice -- sky130 substrate-pnp local-mismatch monte carlo

Circuit: * tb_pnp_mismatch.spice -- sky130 substrate-pnp local-mismatch monte carlo

option SCALE: Scale is set to 1e-06 for instance and model parameters
option SCALE: Scale is set to 1e-06 for instance and model parameters
option SCALE: Scale is set to 1e-06 for instance and model parameters
option SCALE: Scale is set to 1e-06 for instance and model parameters
Doing analysis at TEMP = 125.000000 and TNOM = 27.000000

Using KLU as Direct Linear Solver

No. of Data Rows : 1
da1 = 5.803419e-05
da10 = -2.04163e-04
dr1 = 7.260408e-02
dr10 = 7.330798e-02
vr1a = 4.849244e-01
vr1b = 4.123203e-01
vr10a = 5.656434e-01
vr10b = 4.923354e-01
Reset re-loads circuit * tb_pnp_mismatch.spice -- sky130 substrate-pnp local-mismatch monte carlo

Circuit: * tb_pnp_mismatch.spice -- sky130 substrate-pnp local-mismatch monte carlo

option SCALE: Scale is set to 1e-06 for instance and model parameters
option SCALE: Scale is set to 1e-06 for instance and model parameters
option SCALE: Scale is set to 1e-06 for instance and model parameters
option SCALE: Scale is set to 1e-06 for instance and model parameters
Doing analysis at TEMP = 125.000000 and TNOM = 27.000000

Using KLU as Direct Linear Solver

No. of Data Rows : 1
da1 = 2.493387e-04
da10 = 1.818642e-04
dr1 = 7.218227e-02
dr10 = 7.321732e-02
vr1a = 4.845413e-01
vr1b = 4.123591e-01
vr10a = 5.656291e-01
vr10b = 4.924118e-01
Reset re-loads circuit * tb_pnp_mismatch.spice -- sky130 substrate-pnp local-mismatch monte carlo

Circuit: * tb_pnp_mismatch.spice -- sky130 substrate-pnp local-mismatch monte carlo

option SCALE: Scale is set to 1e-06 for instance and model parameters
option SCALE: Scale is set to 1e-06 for instance and model parameters
option SCALE: Scale is set to 1e-06 for instance and model parameters
option SCALE: Scale is set to 1e-06 for instance and model parameters
Doing analysis at TEMP = 125.000000 and TNOM = 27.000000

Using KLU as Direct Linear Solver

No. of Data Rows : 1
da1 = 2.680693e-04
da10 = 1.257506e-04
dr1 = 7.215128e-02
dr10 = 7.301805e-02
vr1a = 4.844603e-01
vr1b = 4.123090e-01
vr10a = 5.653690e-01
vr10b = 4.923510e-01
Reset re-loads circuit * tb_pnp_mismatch.spice -- sky130 substrate-pnp local-mismatch monte carlo

Circuit: * tb_pnp_mismatch.spice -- sky130 substrate-pnp local-mismatch monte carlo

option SCALE: Scale is set to 1e-06 for instance and model parameters
option SCALE: Scale is set to 1e-06 for instance and model parameters
option SCALE: Scale is set to 1e-06 for instance and model parameters
option SCALE: Scale is set to 1e-06 for instance and model parameters
Doing analysis at TEMP = 125.000000 and TNOM = 27.000000

Using KLU as Direct Linear Solver
 Reference value :  0.00000e+00
No. of Data Rows : 1
da1 = -2.75295e-04
da10 = -2.57390e-04
dr1 = 7.234143e-02
dr10 = 7.297328e-02
vr1a = 4.846852e-01
vr1b = 4.123438e-01
vr10a = 5.654128e-01
vr10b = 4.924395e-01
Reset re-loads circuit * tb_pnp_mismatch.spice -- sky130 substrate-pnp local-mismatch monte carlo

Circuit: * tb_pnp_mismatch.spice -- sky130 substrate-pnp local-mismatch monte carlo

option SCALE: Scale is set to 1e-06 for instance and model parameters
option SCALE: Scale is set to 1e-06 for instance and model parameters
option SCALE: Scale is set to 1e-06 for instance and model parameters
option SCALE: Scale is set to 1e-06 for instance and model parameters
Doing analysis at TEMP = 125.000000 and TNOM = 27.000000

Using KLU as Direct Linear Solver

No. of Data Rows : 1
da1 = 2.507466e-04
da10 = 9.850343e-05
dr1 = 7.225190e-02
dr10 = 7.311374e-02
vr1a = 4.845421e-01
vr1b = 4.122902e-01
vr10a = 5.655033e-01
vr10b = 4.923896e-01
Reset re-loads circuit * tb_pnp_mismatch.spice -- sky130 substrate-pnp local-mismatch monte carlo

Circuit: * tb_pnp_mismatch.spice -- sky130 substrate-pnp local-mismatch monte carlo

option SCALE: Scale is set to 1e-06 for instance and model parameters
option SCALE: Scale is set to 1e-06 for instance and model parameters
option SCALE: Scale is set to 1e-06 for instance and model parameters
option SCALE: Scale is set to 1e-06 for instance and model parameters
Doing analysis at TEMP = 125.000000 and TNOM = 27.000000

Using KLU as Direct Linear Solver

No. of Data Rows : 1
da1 = 3.682981e-04
da10 = 2.566978e-05
dr1 = 7.220461e-02
dr10 = 7.303699e-02
vr1a = 4.845691e-01
vr1b = 4.123645e-01
vr10a = 5.654911e-01
vr10b = 4.924541e-01
Reset re-loads circuit * tb_pnp_mismatch.spice -- sky130 substrate-pnp local-mismatch monte carlo

Circuit: * tb_pnp_mismatch.spice -- sky130 substrate-pnp local-mismatch monte carlo

option SCALE: Scale is set to 1e-06 for instance and model parameters
option SCALE: Scale is set to 1e-06 for instance and model parameters
option SCALE: Scale is set to 1e-06 for instance and model parameters
option SCALE: Scale is set to 1e-06 for instance and model parameters
Doing analysis at TEMP = 125.000000 and TNOM = 27.000000

Using KLU as Direct Linear Solver

No. of Data Rows : 1
da1 = 2.247489e-04
da10 = 2.547213e-04
dr1 = 7.232572e-02
dr10 = 7.319747e-02
vr1a = 4.846196e-01
vr1b = 4.122939e-01
vr10a = 5.655427e-01
vr10b = 4.923452e-01
Reset re-loads circuit * tb_pnp_mismatch.spice -- sky130 substrate-pnp local-mismatch monte carlo

Circuit: * tb_pnp_mismatch.spice -- sky130 substrate-pnp local-mismatch monte carlo

option SCALE: Scale is set to 1e-06 for instance and model parameters
option SCALE: Scale is set to 1e-06 for instance and model parameters
option SCALE: Scale is set to 1e-06 for instance and model parameters
option SCALE: Scale is set to 1e-06 for instance and model parameters
Doing analysis at TEMP = 125.000000 and TNOM = 27.000000

Using KLU as Direct Linear Solver

No. of Data Rows : 1
da1 = -8.92657e-06
da10 = 1.184306e-04
dr1 = 7.248748e-02
dr10 = 7.326219e-02
vr1a = 4.847955e-01
vr1b = 4.123080e-01
vr10a = 5.656707e-01
vr10b = 4.924085e-01
Reset re-loads circuit * tb_pnp_mismatch.spice -- sky130 substrate-pnp local-mismatch monte carlo

Circuit: * tb_pnp_mismatch.spice -- sky130 substrate-pnp local-mismatch monte carlo

option SCALE: Scale is set to 1e-06 for instance and model parameters
option SCALE: Scale is set to 1e-06 for instance and model parameters
option SCALE: Scale is set to 1e-06 for instance and model parameters
option SCALE: Scale is set to 1e-06 for instance and model parameters
Doing analysis at TEMP = 125.000000 and TNOM = 27.000000

Using KLU as Direct Linear Solver

No. of Data Rows : 1
da1 = -1.12128e-06
da10 = 1.110538e-04
dr1 = 7.239500e-02
dr10 = 7.326260e-02
vr1a = 4.847374e-01
vr1b = 4.123424e-01
vr10a = 5.656758e-01
vr10b = 4.924132e-01
Reset re-loads circuit * tb_pnp_mismatch.spice -- sky130 substrate-pnp local-mismatch monte carlo

Circuit: * tb_pnp_mismatch.spice -- sky130 substrate-pnp local-mismatch monte carlo

option SCALE: Scale is set to 1e-06 for instance and model parameters
option SCALE: Scale is set to 1e-06 for instance and model parameters
option SCALE: Scale is set to 1e-06 for instance and model parameters
option SCALE: Scale is set to 1e-06 for instance and model parameters
Doing analysis at TEMP = 125.000000 and TNOM = 27.000000

Using KLU as Direct Linear Solver

No. of Data Rows : 1
da1 = -3.79194e-04
da10 = -1.05679e-04
dr1 = 7.252114e-02
dr10 = 7.317019e-02
vr1a = 4.848032e-01
vr1b = 4.122821e-01
vr10a = 5.655758e-01
vr10b = 4.924056e-01
Reset re-loads circuit * tb_pnp_mismatch.spice -- sky130 substrate-pnp local-mismatch monte carlo

Circuit: * tb_pnp_mismatch.spice -- sky130 substrate-pnp local-mismatch monte carlo

option SCALE: Scale is set to 1e-06 for instance and model parameters
option SCALE: Scale is set to 1e-06 for instance and model parameters
option SCALE: Scale is set to 1e-06 for instance and model parameters
option SCALE: Scale is set to 1e-06 for instance and model parameters
Doing analysis at TEMP = 125.000000 and TNOM = 27.000000

Using KLU as Direct Linear Solver

No. of Data Rows : 1
da1 = -5.70136e-05
da10 = -2.72608e-04
dr1 = 7.235529e-02
dr10 = 7.306797e-02
vr1a = 4.846800e-01
vr1b = 4.123247e-01
vr10a = 5.654111e-01
vr10b = 4.923431e-01
Reset re-loads circuit * tb_pnp_mismatch.spice -- sky130 substrate-pnp local-mismatch monte carlo

Circuit: * tb_pnp_mismatch.spice -- sky130 substrate-pnp local-mismatch monte carlo

option SCALE: Scale is set to 1e-06 for instance and model parameters
option SCALE: Scale is set to 1e-06 for instance and model parameters
option SCALE: Scale is set to 1e-06 for instance and model parameters
option SCALE: Scale is set to 1e-06 for instance and model parameters
Doing analysis at TEMP = 125.000000 and TNOM = 27.000000

Using KLU as Direct Linear Solver

No. of Data Rows : 1
da1 = -3.48484e-05
da10 = -8.02101e-05
dr1 = 7.254019e-02
dr10 = 7.302448e-02
vr1a = 4.849016e-01
vr1b = 4.123614e-01
vr10a = 5.654344e-01
vr10b = 4.924099e-01
Reset re-loads circuit * tb_pnp_mismatch.spice -- sky130 substrate-pnp local-mismatch monte carlo

Circuit: * tb_pnp_mismatch.spice -- sky130 substrate-pnp local-mismatch monte carlo

option SCALE: Scale is set to 1e-06 for instance and model parameters
option SCALE: Scale is set to 1e-06 for instance and model parameters
option SCALE: Scale is set to 1e-06 for instance and model parameters
option SCALE: Scale is set to 1e-06 for instance and model parameters
Doing analysis at TEMP = 125.000000 and TNOM = 27.000000

Using KLU as Direct Linear Solver

No. of Data Rows : 1
da1 = -2.26333e-04
da10 = 1.890932e-04
dr1 = 7.242565e-02
dr10 = 7.298039e-02
vr1a = 4.847602e-01
vr1b = 4.123345e-01
vr10a = 5.654257e-01
vr10b = 4.924453e-01
Reset re-loads circuit * tb_pnp_mismatch.spice -- sky130 substrate-pnp local-mismatch monte carlo

Circuit: * tb_pnp_mismatch.spice -- sky130 substrate-pnp local-mismatch monte carlo

option SCALE: Scale is set to 1e-06 for instance and model parameters
option SCALE: Scale is set to 1e-06 for instance and model parameters
option SCALE: Scale is set to 1e-06 for instance and model parameters
option SCALE: Scale is set to 1e-06 for instance and model parameters
Doing analysis at TEMP = 125.000000 and TNOM = 27.000000

Using KLU as Direct Linear Solver

No. of Data Rows : 1
da1 = 2.027470e-04
da10 = 2.527229e-04
dr1 = 7.210563e-02
dr10 = 7.307197e-02
vr1a = 4.845144e-01
vr1b = 4.124088e-01
vr10a = 5.654443e-01
vr10b = 4.923724e-01
Reset re-loads circuit * tb_pnp_mismatch.spice -- sky130 substrate-pnp local-mismatch monte carlo

Circuit: * tb_pnp_mismatch.spice -- sky130 substrate-pnp local-mismatch monte carlo

option SCALE: Scale is set to 1e-06 for instance and model parameters
option SCALE: Scale is set to 1e-06 for instance and model parameters
option SCALE: Scale is set to 1e-06 for instance and model parameters
option SCALE: Scale is set to 1e-06 for instance and model parameters
Doing analysis at TEMP = 125.000000 and TNOM = 27.000000

Using KLU as Direct Linear Solver

No. of Data Rows : 1
da1 = -7.51212e-05
da10 = -2.72523e-05
dr1 = 7.211383e-02
dr10 = 7.329945e-02
vr1a = 4.844205e-01
vr1b = 4.123067e-01
vr10a = 5.657239e-01
vr10b = 4.924244e-01
Reset re-loads circuit * tb_pnp_mismatch.spice -- sky130 substrate-pnp local-mismatch monte carlo

Circuit: * tb_pnp_mismatch.spice -- sky130 substrate-pnp local-mismatch monte carlo

option SCALE: Scale is set to 1e-06 for instance and model parameters
option SCALE: Scale is set to 1e-06 for instance and model parameters
option SCALE: Scale is set to 1e-06 for instance and model parameters
option SCALE: Scale is set to 1e-06 for instance and model parameters
Doing analysis at TEMP = 125.000000 and TNOM = 27.000000

Using KLU as Direct Linear Solver

No. of Data Rows : 1
da1 = -3.75347e-04
da10 = 8.738254e-05
dr1 = 7.226531e-02
dr10 = 7.322245e-02
vr1a = 4.846265e-01
vr1b = 4.123612e-01
vr10a = 5.655851e-01
vr10b = 4.923626e-01
Reset re-loads circuit * tb_pnp_mismatch.spice -- sky130 substrate-pnp local-mismatch monte carlo

Circuit: * tb_pnp_mismatch.spice -- sky130 substrate-pnp local-mismatch monte carlo

option SCALE: Scale is set to 1e-06 for instance and model parameters
option SCALE: Scale is set to 1e-06 for instance and model parameters
option SCALE: Scale is set to 1e-06 for instance and model parameters
option SCALE: Scale is set to 1e-06 for instance and model parameters
Doing analysis at TEMP = 125.000000 and TNOM = 27.000000

Using KLU as Direct Linear Solver

No. of Data Rows : 1
da1 = -2.15028e-04
da10 = 9.996877e-05
dr1 = 7.226409e-02
dr10 = 7.314813e-02
vr1a = 4.845209e-01
vr1b = 4.122568e-01
vr10a = 5.655050e-01
vr10b = 4.923569e-01
Reset re-loads circuit * tb_pnp_mismatch.spice -- sky130 substrate-pnp local-mismatch monte carlo

Circuit: * tb_pnp_mismatch.spice -- sky130 substrate-pnp local-mismatch monte carlo

option SCALE: Scale is set to 1e-06 for instance and model parameters
option SCALE: Scale is set to 1e-06 for instance and model parameters
option SCALE: Scale is set to 1e-06 for instance and model parameters
option SCALE: Scale is set to 1e-06 for instance and model parameters
Doing analysis at TEMP = 125.000000 and TNOM = 27.000000

Using KLU as Direct Linear Solver

No. of Data Rows : 1
da1 = 7.603018e-05
da10 = -1.73964e-04
dr1 = 7.231900e-02
dr10 = 7.262805e-02
vr1a = 4.846270e-01
vr1b = 4.123080e-01
vr10a = 5.650536e-01
vr10b = 4.924256e-01
Reset re-loads circuit * tb_pnp_mismatch.spice -- sky130 substrate-pnp local-mismatch monte carlo

Circuit: * tb_pnp_mismatch.spice -- sky130 substrate-pnp local-mismatch monte carlo

option SCALE: Scale is set to 1e-06 for instance and model parameters
option SCALE: Scale is set to 1e-06 for instance and model parameters
option SCALE: Scale is set to 1e-06 for instance and model parameters
option SCALE: Scale is set to 1e-06 for instance and model parameters
Doing analysis at TEMP = 125.000000 and TNOM = 27.000000

Using KLU as Direct Linear Solver

No. of Data Rows : 1
da1 = -7.39428e-05
da10 = -1.22180e-04
dr1 = 7.239503e-02
dr10 = 7.328003e-02
vr1a = 4.846627e-01
vr1b = 4.122677e-01
vr10a = 5.656263e-01
vr10b = 4.923463e-01
Reset re-loads circuit * tb_pnp_mismatch.spice -- sky130 substrate-pnp local-mismatch monte carlo

Circuit: * tb_pnp_mismatch.spice -- sky130 substrate-pnp local-mismatch monte carlo

option SCALE: Scale is set to 1e-06 for instance and model parameters
option SCALE: Scale is set to 1e-06 for instance and model parameters
option SCALE: Scale is set to 1e-06 for instance and model parameters
option SCALE: Scale is set to 1e-06 for instance and model parameters
Doing analysis at TEMP = 125.000000 and TNOM = 27.000000

Using KLU as Direct Linear Solver

No. of Data Rows : 1
da1 = 3.476098e-04
da10 = -6.14973e-05
dr1 = 7.231333e-02
dr10 = 7.329612e-02
vr1a = 4.846220e-01
vr1b = 4.123086e-01
vr10a = 5.656224e-01
vr10b = 4.923263e-01
Reset re-loads circuit * tb_pnp_mismatch.spice -- sky130 substrate-pnp local-mismatch monte carlo

Circuit: * tb_pnp_mismatch.spice -- sky130 substrate-pnp local-mismatch monte carlo

option SCALE: Scale is set to 1e-06 for instance and model parameters
option SCALE: Scale is set to 1e-06 for instance and model parameters
option SCALE: Scale is set to 1e-06 for instance and model parameters
option SCALE: Scale is set to 1e-06 for instance and model parameters
Doing analysis at TEMP = 125.000000 and TNOM = 27.000000

Using KLU as Direct Linear Solver

No. of Data Rows : 1
da1 = 9.416851e-05
da10 = 2.392952e-04
dr1 = 7.221081e-02
dr10 = 7.315646e-02
vr1a = 4.846119e-01
vr1b = 4.124011e-01
vr10a = 5.654629e-01
vr10b = 4.923064e-01
Reset re-loads circuit * tb_pnp_mismatch.spice -- sky130 substrate-pnp local-mismatch monte carlo

Circuit: * tb_pnp_mismatch.spice -- sky130 substrate-pnp local-mismatch monte carlo

option SCALE: Scale is set to 1e-06 for instance and model parameters
option SCALE: Scale is set to 1e-06 for instance and model parameters
option SCALE: Scale is set to 1e-06 for instance and model parameters
option SCALE: Scale is set to 1e-06 for instance and model parameters
Doing analysis at TEMP = 125.000000 and TNOM = 27.000000

Using KLU as Direct Linear Solver

No. of Data Rows : 1
da1 = 1.138551e-04
da10 = -1.24498e-04
dr1 = 7.245843e-02
dr10 = 7.331755e-02
vr1a = 4.846670e-01
vr1b = 4.122085e-01
vr10a = 5.657540e-01
vr10b = 4.924365e-01
Reset re-loads circuit * tb_pnp_mismatch.spice -- sky130 substrate-pnp local-mismatch monte carlo

Circuit: * tb_pnp_mismatch.spice -- sky130 substrate-pnp local-mismatch monte carlo

option SCALE: Scale is set to 1e-06 for instance and model parameters
option SCALE: Scale is set to 1e-06 for instance and model parameters
option SCALE: Scale is set to 1e-06 for instance and model parameters
option SCALE: Scale is set to 1e-06 for instance and model parameters
Doing analysis at TEMP = 125.000000 and TNOM = 27.000000

Using KLU as Direct Linear Solver

No. of Data Rows : 1
da1 = -1.55207e-06
da10 = 4.457276e-05
dr1 = 7.229939e-02
dr10 = 7.307045e-02
vr1a = 4.845980e-01
vr1b = 4.122986e-01
vr10a = 5.654737e-01
vr10b = 4.924032e-01
Reset re-loads circuit * tb_pnp_mismatch.spice -- sky130 substrate-pnp local-mismatch monte carlo

Circuit: * tb_pnp_mismatch.spice -- sky130 substrate-pnp local-mismatch monte carlo

option SCALE: Scale is set to 1e-06 for instance and model parameters
option SCALE: Scale is set to 1e-06 for instance and model parameters
option SCALE: Scale is set to 1e-06 for instance and model parameters
option SCALE: Scale is set to 1e-06 for instance and model parameters
Doing analysis at TEMP = 125.000000 and TNOM = 27.000000

Using KLU as Direct Linear Solver

No. of Data Rows : 1
da1 = 7.097506e-05
da10 = -9.91706e-05
dr1 = 7.230815e-02
dr10 = 7.316686e-02
vr1a = 4.846136e-01
vr1b = 4.123054e-01
vr10a = 5.655806e-01
vr10b = 4.924137e-01
Reset re-loads circuit * tb_pnp_mismatch.spice -- sky130 substrate-pnp local-mismatch monte carlo

Circuit: * tb_pnp_mismatch.spice -- sky130 substrate-pnp local-mismatch monte carlo

option SCALE: Scale is set to 1e-06 for instance and model parameters
option SCALE: Scale is set to 1e-06 for instance and model parameters
option SCALE: Scale is set to 1e-06 for instance and model parameters
option SCALE: Scale is set to 1e-06 for instance and model parameters
Doing analysis at TEMP = 125.000000 and TNOM = 27.000000

Using KLU as Direct Linear Solver

No. of Data Rows : 1
da1 = -8.66835e-05
da10 = -1.47796e-04
dr1 = 7.235084e-02
dr10 = 7.316703e-02
vr1a = 4.846918e-01
vr1b = 4.123410e-01
vr10a = 5.654887e-01
vr10b = 4.923217e-01
Reset re-loads circuit * tb_pnp_mismatch.spice -- sky130 substrate-pnp local-mismatch monte carlo

Circuit: * tb_pnp_mismatch.spice -- sky130 substrate-pnp local-mismatch monte carlo

option SCALE: Scale is set to 1e-06 for instance and model parameters
option SCALE: Scale is set to 1e-06 for instance and model parameters
option SCALE: Scale is set to 1e-06 for instance and model parameters
option SCALE: Scale is set to 1e-06 for instance and model parameters
Doing analysis at TEMP = 125.000000 and TNOM = 27.000000

Using KLU as Direct Linear Solver

No. of Data Rows : 1
da1 = 1.002091e-04
da10 = -4.53529e-04
dr1 = 7.241173e-02
dr10 = 7.300172e-02
vr1a = 4.847206e-01
vr1b = 4.123089e-01
vr10a = 5.652837e-01
vr10b = 4.922819e-01
Reset re-loads circuit * tb_pnp_mismatch.spice -- sky130 substrate-pnp local-mismatch monte carlo

Circuit: * tb_pnp_mismatch.spice -- sky130 substrate-pnp local-mismatch monte carlo

option SCALE: Scale is set to 1e-06 for instance and model parameters
option SCALE: Scale is set to 1e-06 for instance and model parameters
option SCALE: Scale is set to 1e-06 for instance and model parameters
option SCALE: Scale is set to 1e-06 for instance and model parameters
Doing analysis at TEMP = 125.000000 and TNOM = 27.000000

Using KLU as Direct Linear Solver

No. of Data Rows : 1
da1 = 2.626776e-04
da10 = 3.430997e-04
dr1 = 7.221785e-02
dr10 = 7.308067e-02
vr1a = 4.845035e-01
vr1b = 4.122857e-01
vr10a = 5.654923e-01
vr10b = 4.924116e-01
Reset re-loads circuit * tb_pnp_mismatch.spice -- sky130 substrate-pnp local-mismatch monte carlo

Circuit: * tb_pnp_mismatch.spice -- sky130 substrate-pnp local-mismatch monte carlo

option SCALE: Scale is set to 1e-06 for instance and model parameters
option SCALE: Scale is set to 1e-06 for instance and model parameters
option SCALE: Scale is set to 1e-06 for instance and model parameters
option SCALE: Scale is set to 1e-06 for instance and model parameters
Doing analysis at TEMP = 125.000000 and TNOM = 27.000000

Using KLU as Direct Linear Solver

No. of Data Rows : 1
da1 = -1.81690e-05
da10 = -1.18457e-04
dr1 = 7.233526e-02
dr10 = 7.298733e-02
vr1a = 4.846832e-01
vr1b = 4.123480e-01
vr10a = 5.653796e-01
vr10b = 4.923922e-01
Reset re-loads circuit * tb_pnp_mismatch.spice -- sky130 substrate-pnp local-mismatch monte carlo

Circuit: * tb_pnp_mismatch.spice -- sky130 substrate-pnp local-mismatch monte carlo

option SCALE: Scale is set to 1e-06 for instance and model parameters
option SCALE: Scale is set to 1e-06 for instance and model parameters
option SCALE: Scale is set to 1e-06 for instance and model parameters
option SCALE: Scale is set to 1e-06 for instance and model parameters
Doing analysis at TEMP = 125.000000 and TNOM = 27.000000

Using KLU as Direct Linear Solver

No. of Data Rows : 1
da1 = 2.100767e-06
da10 = -1.15867e-04
dr1 = 7.205372e-02
dr10 = 7.291134e-02
vr1a = 4.843917e-01
vr1b = 4.123380e-01
vr10a = 5.653383e-01
vr10b = 4.924270e-01
Reset re-loads circuit * tb_pnp_mismatch.spice -- sky130 substrate-pnp local-mismatch monte carlo

Circuit: * tb_pnp_mismatch.spice -- sky130 substrate-pnp local-mismatch monte carlo

option SCALE: Scale is set to 1e-06 for instance and model parameters
option SCALE: Scale is set to 1e-06 for instance and model parameters
option SCALE: Scale is set to 1e-06 for instance and model parameters
option SCALE: Scale is set to 1e-06 for instance and model parameters
Doing analysis at TEMP = 125.000000 and TNOM = 27.000000

Using KLU as Direct Linear Solver

No. of Data Rows : 1
da1 = -2.46084e-04
da10 = -3.45954e-04
dr1 = 7.226026e-02
dr10 = 7.301230e-02
vr1a = 4.845483e-01
vr1b = 4.122880e-01
vr10a = 5.653587e-01
vr10b = 4.923464e-01
Reset re-loads circuit * tb_pnp_mismatch.spice -- sky130 substrate-pnp local-mismatch monte carlo

Circuit: * tb_pnp_mismatch.spice -- sky130 substrate-pnp local-mismatch monte carlo

option SCALE: Scale is set to 1e-06 for instance and model parameters
option SCALE: Scale is set to 1e-06 for instance and model parameters
option SCALE: Scale is set to 1e-06 for instance and model parameters
option SCALE: Scale is set to 1e-06 for instance and model parameters
Doing analysis at TEMP = 125.000000 and TNOM = 27.000000

Using KLU as Direct Linear Solver

No. of Data Rows : 1
da1 = 6.178246e-05
da10 = -2.93006e-05
dr1 = 7.225496e-02
dr10 = 7.320451e-02
vr1a = 4.846245e-01
vr1b = 4.123695e-01
vr10a = 5.655754e-01
vr10b = 4.923709e-01
Reset re-loads circuit * tb_pnp_mismatch.spice -- sky130 substrate-pnp local-mismatch monte carlo

Circuit: * tb_pnp_mismatch.spice -- sky130 substrate-pnp local-mismatch monte carlo

option SCALE: Scale is set to 1e-06 for instance and model parameters
option SCALE: Scale is set to 1e-06 for instance and model parameters
option SCALE: Scale is set to 1e-06 for instance and model parameters
option SCALE: Scale is set to 1e-06 for instance and model parameters
Doing analysis at TEMP = 125.000000 and TNOM = 27.000000

Using KLU as Direct Linear Solver

No. of Data Rows : 1
da1 = 4.168389e-06
da10 = 8.633784e-05
dr1 = 7.228193e-02
dr10 = 7.313688e-02
vr1a = 4.846207e-01
vr1b = 4.123388e-01
vr10a = 5.654991e-01
vr10b = 4.923622e-01
Reset re-loads circuit * tb_pnp_mismatch.spice -- sky130 substrate-pnp local-mismatch monte carlo

Circuit: * tb_pnp_mismatch.spice -- sky130 substrate-pnp local-mismatch monte carlo

option SCALE: Scale is set to 1e-06 for instance and model parameters
option SCALE: Scale is set to 1e-06 for instance and model parameters
option SCALE: Scale is set to 1e-06 for instance and model parameters
option SCALE: Scale is set to 1e-06 for instance and model parameters
Doing analysis at TEMP = 125.000000 and TNOM = 27.000000

Using KLU as Direct Linear Solver

No. of Data Rows : 1
da1 = 1.820075e-04
da10 = -2.70095e-04
dr1 = 7.206930e-02
dr10 = 7.316784e-02
vr1a = 4.844074e-01
vr1b = 4.123381e-01
vr10a = 5.654945e-01
vr10b = 4.923266e-01
Reset re-loads circuit * tb_pnp_mismatch.spice -- sky130 substrate-pnp local-mismatch monte carlo

Circuit: * tb_pnp_mismatch.spice -- sky130 substrate-pnp local-mismatch monte carlo

option SCALE: Scale is set to 1e-06 for instance and model parameters
option SCALE: Scale is set to 1e-06 for instance and model parameters
option SCALE: Scale is set to 1e-06 for instance and model parameters
option SCALE: Scale is set to 1e-06 for instance and model parameters
Doing analysis at TEMP = 125.000000 and TNOM = 27.000000

Using KLU as Direct Linear Solver

No. of Data Rows : 1
da1 = 1.026245e-04
da10 = -7.46892e-05
dr1 = 7.218927e-02
dr10 = 7.311789e-02
vr1a = 4.845075e-01
vr1b = 4.123182e-01
vr10a = 5.655365e-01
vr10b = 4.924187e-01
Reset re-loads circuit * tb_pnp_mismatch.spice -- sky130 substrate-pnp local-mismatch monte carlo

Circuit: * tb_pnp_mismatch.spice -- sky130 substrate-pnp local-mismatch monte carlo

option SCALE: Scale is set to 1e-06 for instance and model parameters
option SCALE: Scale is set to 1e-06 for instance and model parameters
option SCALE: Scale is set to 1e-06 for instance and model parameters
option SCALE: Scale is set to 1e-06 for instance and model parameters
Doing analysis at TEMP = 125.000000 and TNOM = 27.000000

Using KLU as Direct Linear Solver

No. of Data Rows : 1
da1 = 1.173089e-04
da10 = 4.794610e-05
dr1 = 7.227429e-02
dr10 = 7.309525e-02
vr1a = 4.845448e-01
vr1b = 4.122705e-01
vr10a = 5.654924e-01
vr10b = 4.923972e-01
Reset re-loads circuit * tb_pnp_mismatch.spice -- sky130 substrate-pnp local-mismatch monte carlo

Circuit: * tb_pnp_mismatch.spice -- sky130 substrate-pnp local-mismatch monte carlo

option SCALE: Scale is set to 1e-06 for instance and model parameters
option SCALE: Scale is set to 1e-06 for instance and model parameters
option SCALE: Scale is set to 1e-06 for instance and model parameters
option SCALE: Scale is set to 1e-06 for instance and model parameters
Doing analysis at TEMP = 125.000000 and TNOM = 27.000000

Using KLU as Direct Linear Solver

No. of Data Rows : 1
da1 = -2.29794e-04
da10 = 1.786180e-04
dr1 = 7.236032e-02
dr10 = 7.324040e-02
vr1a = 4.847202e-01
vr1b = 4.123599e-01
vr10a = 5.656354e-01
vr10b = 4.923950e-01
Reset re-loads circuit * tb_pnp_mismatch.spice -- sky130 substrate-pnp local-mismatch monte carlo

Circuit: * tb_pnp_mismatch.spice -- sky130 substrate-pnp local-mismatch monte carlo

option SCALE: Scale is set to 1e-06 for instance and model parameters
option SCALE: Scale is set to 1e-06 for instance and model parameters
option SCALE: Scale is set to 1e-06 for instance and model parameters
option SCALE: Scale is set to 1e-06 for instance and model parameters
Doing analysis at TEMP = 125.000000 and TNOM = 27.000000

Using KLU as Direct Linear Solver

No. of Data Rows : 1
da1 = 1.462363e-04
da10 = 2.305029e-04
dr1 = 7.209417e-02
dr10 = 7.312899e-02
vr1a = 4.844598e-01
vr1b = 4.123656e-01
vr10a = 5.654622e-01
vr10b = 4.923332e-01
Reset re-loads circuit * tb_pnp_mismatch.spice -- sky130 substrate-pnp local-mismatch monte carlo

Circuit: * tb_pnp_mismatch.spice -- sky130 substrate-pnp local-mismatch monte carlo

option SCALE: Scale is set to 1e-06 for instance and model parameters
option SCALE: Scale is set to 1e-06 for instance and model parameters
option SCALE: Scale is set to 1e-06 for instance and model parameters
option SCALE: Scale is set to 1e-06 for instance and model parameters
Doing analysis at TEMP = 125.000000 and TNOM = 27.000000

Using KLU as Direct Linear Solver

No. of Data Rows : 1
da1 = -1.24907e-04
da10 = -8.29926e-05
dr1 = 7.227336e-02
dr10 = 7.294794e-02
vr1a = 4.846093e-01
vr1b = 4.123359e-01
vr10a = 5.653671e-01
vr10b = 4.924191e-01
Reset re-loads circuit * tb_pnp_mismatch.spice -- sky130 substrate-pnp local-mismatch monte carlo

Circuit: * tb_pnp_mismatch.spice -- sky130 substrate-pnp local-mismatch monte carlo

option SCALE: Scale is set to 1e-06 for instance and model parameters
option SCALE: Scale is set to 1e-06 for instance and model parameters
option SCALE: Scale is set to 1e-06 for instance and model parameters
option SCALE: Scale is set to 1e-06 for instance and model parameters
Doing analysis at TEMP = 125.000000 and TNOM = 27.000000

Using KLU as Direct Linear Solver

No. of Data Rows : 1
da1 = 1.447031e-04
da10 = -8.11617e-05
dr1 = 7.227244e-02
dr10 = 7.325872e-02
vr1a = 4.845674e-01
vr1b = 4.122950e-01
vr10a = 5.655319e-01
vr10b = 4.922732e-01
Reset re-loads circuit * tb_pnp_mismatch.spice -- sky130 substrate-pnp local-mismatch monte carlo

Circuit: * tb_pnp_mismatch.spice -- sky130 substrate-pnp local-mismatch monte carlo

option SCALE: Scale is set to 1e-06 for instance and model parameters
option SCALE: Scale is set to 1e-06 for instance and model parameters
option SCALE: Scale is set to 1e-06 for instance and model parameters
option SCALE: Scale is set to 1e-06 for instance and model parameters
Doing analysis at TEMP = 125.000000 and TNOM = 27.000000

Using KLU as Direct Linear Solver

No. of Data Rows : 1
da1 = 2.207252e-04
da10 = 2.288993e-04
dr1 = 7.215910e-02
dr10 = 7.340007e-02
vr1a = 4.844537e-01
vr1b = 4.122946e-01
vr10a = 5.657725e-01
vr10b = 4.923725e-01
Reset re-loads circuit * tb_pnp_mismatch.spice -- sky130 substrate-pnp local-mismatch monte carlo

Circuit: * tb_pnp_mismatch.spice -- sky130 substrate-pnp local-mismatch monte carlo

option SCALE: Scale is set to 1e-06 for instance and model parameters
option SCALE: Scale is set to 1e-06 for instance and model parameters
option SCALE: Scale is set to 1e-06 for instance and model parameters
option SCALE: Scale is set to 1e-06 for instance and model parameters
Doing analysis at TEMP = 125.000000 and TNOM = 27.000000

Using KLU as Direct Linear Solver
 Reference value :  0.00000e+00
No. of Data Rows : 1
da1 = 8.723658e-05
da10 = -4.51976e-05
dr1 = 7.227688e-02
dr10 = 7.289037e-02
vr1a = 4.845749e-01
vr1b = 4.122980e-01
vr10a = 5.652777e-01
vr10b = 4.923873e-01
Reset re-loads circuit * tb_pnp_mismatch.spice -- sky130 substrate-pnp local-mismatch monte carlo

Circuit: * tb_pnp_mismatch.spice -- sky130 substrate-pnp local-mismatch monte carlo

option SCALE: Scale is set to 1e-06 for instance and model parameters
option SCALE: Scale is set to 1e-06 for instance and model parameters
option SCALE: Scale is set to 1e-06 for instance and model parameters
option SCALE: Scale is set to 1e-06 for instance and model parameters
Doing analysis at TEMP = 125.000000 and TNOM = 27.000000

Using KLU as Direct Linear Solver

No. of Data Rows : 1
da1 = 1.910637e-04
da10 = -1.70543e-04
dr1 = 7.205904e-02
dr10 = 7.296593e-02
vr1a = 4.844571e-01
vr1b = 4.123981e-01
vr10a = 5.654492e-01
vr10b = 4.924833e-01
Reset re-loads circuit * tb_pnp_mismatch.spice -- sky130 substrate-pnp local-mismatch monte carlo

Circuit: * tb_pnp_mismatch.spice -- sky130 substrate-pnp local-mismatch monte carlo

option SCALE: Scale is set to 1e-06 for instance and model parameters
option SCALE: Scale is set to 1e-06 for instance and model parameters
option SCALE: Scale is set to 1e-06 for instance and model parameters
option SCALE: Scale is set to 1e-06 for instance and model parameters
Doing analysis at TEMP = 125.000000 and TNOM = 27.000000

Using KLU as Direct Linear Solver

No. of Data Rows : 1
da1 = 9.408008e-05
da10 = -1.87819e-04
dr1 = 7.214036e-02
dr10 = 7.316101e-02
vr1a = 4.844868e-01
vr1b = 4.123464e-01
vr10a = 5.655824e-01
vr10b = 4.924214e-01
Reset re-loads circuit * tb_pnp_mismatch.spice -- sky130 substrate-pnp local-mismatch monte carlo

Circuit: * tb_pnp_mismatch.spice -- sky130 substrate-pnp local-mismatch monte carlo

option SCALE: Scale is set to 1e-06 for instance and model parameters
option SCALE: Scale is set to 1e-06 for instance and model parameters
option SCALE: Scale is set to 1e-06 for instance and model parameters
option SCALE: Scale is set to 1e-06 for instance and model parameters
Doing analysis at TEMP = 125.000000 and TNOM = 27.000000

Using KLU as Direct Linear Solver

No. of Data Rows : 1
da1 = 9.356283e-05
da10 = 2.437511e-04
dr1 = 7.248719e-02
dr10 = 7.312408e-02
vr1a = 4.848242e-01
vr1b = 4.123370e-01
vr10a = 5.654745e-01
vr10b = 4.923504e-01
Reset re-loads circuit * tb_pnp_mismatch.spice -- sky130 substrate-pnp local-mismatch monte carlo

Circuit: * tb_pnp_mismatch.spice -- sky130 substrate-pnp local-mismatch monte carlo

option SCALE: Scale is set to 1e-06 for instance and model parameters
option SCALE: Scale is set to 1e-06 for instance and model parameters
option SCALE: Scale is set to 1e-06 for instance and model parameters
option SCALE: Scale is set to 1e-06 for instance and model parameters
Doing analysis at TEMP = 125.000000 and TNOM = 27.000000

Using KLU as Direct Linear Solver

No. of Data Rows : 1
da1 = -1.44671e-04
da10 = 2.247849e-04
dr1 = 7.211330e-02
dr10 = 7.326317e-02
vr1a = 4.844281e-01
vr1b = 4.123148e-01
vr10a = 5.656327e-01
vr10b = 4.923695e-01
Reset re-loads circuit * tb_pnp_mismatch.spice -- sky130 substrate-pnp local-mismatch monte carlo

Circuit: * tb_pnp_mismatch.spice -- sky130 substrate-pnp local-mismatch monte carlo

option SCALE: Scale is set to 1e-06 for instance and model parameters
option SCALE: Scale is set to 1e-06 for instance and model parameters
option SCALE: Scale is set to 1e-06 for instance and model parameters
option SCALE: Scale is set to 1e-06 for instance and model parameters
Doing analysis at TEMP = 125.000000 and TNOM = 27.000000

Using KLU as Direct Linear Solver

No. of Data Rows : 1
da1 = -1.23588e-04
da10 = -7.03149e-05
dr1 = 7.237156e-02
dr10 = 7.323803e-02
vr1a = 4.846293e-01
vr1b = 4.122578e-01
vr10a = 5.655884e-01
vr10b = 4.923504e-01
Reset re-loads circuit * tb_pnp_mismatch.spice -- sky130 substrate-pnp local-mismatch monte carlo

Circuit: * tb_pnp_mismatch.spice -- sky130 substrate-pnp local-mismatch monte carlo

option SCALE: Scale is set to 1e-06 for instance and model parameters
option SCALE: Scale is set to 1e-06 for instance and model parameters
option SCALE: Scale is set to 1e-06 for instance and model parameters
option SCALE: Scale is set to 1e-06 for instance and model parameters
Doing analysis at TEMP = 125.000000 and TNOM = 27.000000

Using KLU as Direct Linear Solver

No. of Data Rows : 1
da1 = 6.040356e-06
da10 = 8.988865e-05
dr1 = 7.217717e-02
dr10 = 7.317561e-02
vr1a = 4.845016e-01
vr1b = 4.123244e-01
vr10a = 5.655156e-01
vr10b = 4.923399e-01
Reset re-loads circuit * tb_pnp_mismatch.spice -- sky130 substrate-pnp local-mismatch monte carlo

Circuit: * tb_pnp_mismatch.spice -- sky130 substrate-pnp local-mismatch monte carlo

option SCALE: Scale is set to 1e-06 for instance and model parameters
option SCALE: Scale is set to 1e-06 for instance and model parameters
option SCALE: Scale is set to 1e-06 for instance and model parameters
option SCALE: Scale is set to 1e-06 for instance and model parameters
Doing analysis at TEMP = 125.000000 and TNOM = 27.000000

Using KLU as Direct Linear Solver

No. of Data Rows : 1
da1 = 4.799676e-05
da10 = -6.22174e-05
dr1 = 7.241527e-02
dr10 = 7.314480e-02
vr1a = 4.847216e-01
vr1b = 4.123063e-01
vr10a = 5.655965e-01
vr10b = 4.924517e-01
Reset re-loads circuit * tb_pnp_mismatch.spice -- sky130 substrate-pnp local-mismatch monte carlo

Circuit: * tb_pnp_mismatch.spice -- sky130 substrate-pnp local-mismatch monte carlo

option SCALE: Scale is set to 1e-06 for instance and model parameters
option SCALE: Scale is set to 1e-06 for instance and model parameters
option SCALE: Scale is set to 1e-06 for instance and model parameters
option SCALE: Scale is set to 1e-06 for instance and model parameters
Doing analysis at TEMP = 125.000000 and TNOM = 27.000000

Using KLU as Direct Linear Solver

No. of Data Rows : 1
da1 = -9.80837e-05
da10 = 1.130994e-04
dr1 = 7.245052e-02
dr10 = 7.319330e-02
vr1a = 4.847829e-01
vr1b = 4.123324e-01
vr10a = 5.655711e-01
vr10b = 4.923778e-01
Reset re-loads circuit * tb_pnp_mismatch.spice -- sky130 substrate-pnp local-mismatch monte carlo

Circuit: * tb_pnp_mismatch.spice -- sky130 substrate-pnp local-mismatch monte carlo

option SCALE: Scale is set to 1e-06 for instance and model parameters
option SCALE: Scale is set to 1e-06 for instance and model parameters
option SCALE: Scale is set to 1e-06 for instance and model parameters
option SCALE: Scale is set to 1e-06 for instance and model parameters
Doing analysis at TEMP = 125.000000 and TNOM = 27.000000

Using KLU as Direct Linear Solver

No. of Data Rows : 1
da1 = 1.046455e-04
da10 = -2.56824e-04
dr1 = 7.247811e-02
dr10 = 7.288127e-02
vr1a = 4.847804e-01
vr1b = 4.123023e-01
vr10a = 5.652612e-01
vr10b = 4.923799e-01
Reset re-loads circuit * tb_pnp_mismatch.spice -- sky130 substrate-pnp local-mismatch monte carlo

Circuit: * tb_pnp_mismatch.spice -- sky130 substrate-pnp local-mismatch monte carlo

option SCALE: Scale is set to 1e-06 for instance and model parameters
option SCALE: Scale is set to 1e-06 for instance and model parameters
option SCALE: Scale is set to 1e-06 for instance and model parameters
option SCALE: Scale is set to 1e-06 for instance and model parameters
Doing analysis at TEMP = 125.000000 and TNOM = 27.000000

Using KLU as Direct Linear Solver

No. of Data Rows : 1
da1 = -1.17033e-04
da10 = -4.31533e-04
dr1 = 7.226119e-02
dr10 = 7.314451e-02
vr1a = 4.845445e-01
vr1b = 4.122833e-01
vr10a = 5.654840e-01
vr10b = 4.923395e-01
Reset re-loads circuit * tb_pnp_mismatch.spice -- sky130 substrate-pnp local-mismatch monte carlo

Circuit: * tb_pnp_mismatch.spice -- sky130 substrate-pnp local-mismatch monte carlo

option SCALE: Scale is set to 1e-06 for instance and model parameters
option SCALE: Scale is set to 1e-06 for instance and model parameters
option SCALE: Scale is set to 1e-06 for instance and model parameters
option SCALE: Scale is set to 1e-06 for instance and model parameters
Doing analysis at TEMP = 125.000000 and TNOM = 27.000000

Using KLU as Direct Linear Solver

No. of Data Rows : 1
da1 = -1.05092e-04
da10 = 1.022104e-04
dr1 = 7.208933e-02
dr10 = 7.322774e-02
vr1a = 4.844317e-01
vr1b = 4.123424e-01
vr10a = 5.656266e-01
vr10b = 4.923989e-01
Reset re-loads circuit * tb_pnp_mismatch.spice -- sky130 substrate-pnp local-mismatch monte carlo

Circuit: * tb_pnp_mismatch.spice -- sky130 substrate-pnp local-mismatch monte carlo

option SCALE: Scale is set to 1e-06 for instance and model parameters
option SCALE: Scale is set to 1e-06 for instance and model parameters
option SCALE: Scale is set to 1e-06 for instance and model parameters
option SCALE: Scale is set to 1e-06 for instance and model parameters
Doing analysis at TEMP = 125.000000 and TNOM = 27.000000

Using KLU as Direct Linear Solver

No. of Data Rows : 1
da1 = -1.41053e-04
da10 = 1.306075e-04
dr1 = 7.222902e-02
dr10 = 7.311988e-02
vr1a = 4.845549e-01
vr1b = 4.123259e-01
vr10a = 5.655139e-01
vr10b = 4.923940e-01
Reset re-loads circuit * tb_pnp_mismatch.spice -- sky130 substrate-pnp local-mismatch monte carlo

Circuit: * tb_pnp_mismatch.spice -- sky130 substrate-pnp local-mismatch monte carlo

option SCALE: Scale is set to 1e-06 for instance and model parameters
option SCALE: Scale is set to 1e-06 for instance and model parameters
option SCALE: Scale is set to 1e-06 for instance and model parameters
option SCALE: Scale is set to 1e-06 for instance and model parameters
Doing analysis at TEMP = 125.000000 and TNOM = 27.000000

Using KLU as Direct Linear Solver

No. of Data Rows : 1
da1 = 2.083660e-04
da10 = 2.936336e-04
dr1 = 7.225337e-02
dr10 = 7.313673e-02
vr1a = 4.845588e-01
vr1b = 4.123054e-01
vr10a = 5.655352e-01
vr10b = 4.923984e-01
Reset re-loads circuit * tb_pnp_mismatch.spice -- sky130 substrate-pnp local-mismatch monte carlo

Circuit: * tb_pnp_mismatch.spice -- sky130 substrate-pnp local-mismatch monte carlo

option SCALE: Scale is set to 1e-06 for instance and model parameters
option SCALE: Scale is set to 1e-06 for instance and model parameters
option SCALE: Scale is set to 1e-06 for instance and model parameters
option SCALE: Scale is set to 1e-06 for instance and model parameters
Doing analysis at TEMP = 125.000000 and TNOM = 27.000000

Using KLU as Direct Linear Solver

No. of Data Rows : 1
da1 = -2.71702e-04
da10 = -7.99622e-05
dr1 = 7.255027e-02
dr10 = 7.298971e-02
vr1a = 4.848583e-01
vr1b = 4.123080e-01
vr10a = 5.654147e-01
vr10b = 4.924250e-01
Reset re-loads circuit * tb_pnp_mismatch.spice -- sky130 substrate-pnp local-mismatch monte carlo

Circuit: * tb_pnp_mismatch.spice -- sky130 substrate-pnp local-mismatch monte carlo

option SCALE: Scale is set to 1e-06 for instance and model parameters
option SCALE: Scale is set to 1e-06 for instance and model parameters
option SCALE: Scale is set to 1e-06 for instance and model parameters
option SCALE: Scale is set to 1e-06 for instance and model parameters
Doing analysis at TEMP = 125.000000 and TNOM = 27.000000

Using KLU as Direct Linear Solver

No. of Data Rows : 1
da1 = -9.81655e-06
da10 = -1.67757e-04
dr1 = 7.252417e-02
dr10 = 7.290997e-02
vr1a = 4.848231e-01
vr1b = 4.122989e-01
vr10a = 5.652358e-01
vr10b = 4.923258e-01
Reset re-loads circuit * tb_pnp_mismatch.spice -- sky130 substrate-pnp local-mismatch monte carlo

Circuit: * tb_pnp_mismatch.spice -- sky130 substrate-pnp local-mismatch monte carlo

option SCALE: Scale is set to 1e-06 for instance and model parameters
option SCALE: Scale is set to 1e-06 for instance and model parameters
option SCALE: Scale is set to 1e-06 for instance and model parameters
option SCALE: Scale is set to 1e-06 for instance and model parameters
Doing analysis at TEMP = 125.000000 and TNOM = 27.000000

Using KLU as Direct Linear Solver

No. of Data Rows : 1
da1 = 2.604145e-05
da10 = -7.22171e-05
dr1 = 7.226193e-02
dr10 = 7.305500e-02
vr1a = 4.845052e-01
vr1b = 4.122433e-01
vr10a = 5.654854e-01
vr10b = 4.924304e-01
Reset re-loads circuit * tb_pnp_mismatch.spice -- sky130 substrate-pnp local-mismatch monte carlo

Circuit: * tb_pnp_mismatch.spice -- sky130 substrate-pnp local-mismatch monte carlo

option SCALE: Scale is set to 1e-06 for instance and model parameters
option SCALE: Scale is set to 1e-06 for instance and model parameters
option SCALE: Scale is set to 1e-06 for instance and model parameters
option SCALE: Scale is set to 1e-06 for instance and model parameters
Doing analysis at TEMP = 125.000000 and TNOM = 27.000000

Using KLU as Direct Linear Solver

No. of Data Rows : 1
da1 = 2.077387e-04
da10 = -1.41267e-04
dr1 = 7.244208e-02
dr10 = 7.288736e-02
vr1a = 4.847968e-01
vr1b = 4.123547e-01
vr10a = 5.653370e-01
vr10b = 4.924496e-01
Reset re-loads circuit * tb_pnp_mismatch.spice -- sky130 substrate-pnp local-mismatch monte carlo

Circuit: * tb_pnp_mismatch.spice -- sky130 substrate-pnp local-mismatch monte carlo

option SCALE: Scale is set to 1e-06 for instance and model parameters
option SCALE: Scale is set to 1e-06 for instance and model parameters
option SCALE: Scale is set to 1e-06 for instance and model parameters
option SCALE: Scale is set to 1e-06 for instance and model parameters
Doing analysis at TEMP = 125.000000 and TNOM = 27.000000

Using KLU as Direct Linear Solver

No. of Data Rows : 1
da1 = -4.01776e-05
da10 = -1.22037e-05
dr1 = 7.240164e-02
dr10 = 7.304031e-02
vr1a = 4.846638e-01
vr1b = 4.122622e-01
vr10a = 5.654395e-01
vr10b = 4.923992e-01
Reset re-loads circuit * tb_pnp_mismatch.spice -- sky130 substrate-pnp local-mismatch monte carlo

Circuit: * tb_pnp_mismatch.spice -- sky130 substrate-pnp local-mismatch monte carlo

option SCALE: Scale is set to 1e-06 for instance and model parameters
option SCALE: Scale is set to 1e-06 for instance and model parameters
option SCALE: Scale is set to 1e-06 for instance and model parameters
option SCALE: Scale is set to 1e-06 for instance and model parameters
Doing analysis at TEMP = 125.000000 and TNOM = 27.000000

Using KLU as Direct Linear Solver

No. of Data Rows : 1
da1 = 8.302698e-05
da10 = -2.18101e-04
dr1 = 7.217915e-02
dr10 = 7.301984e-02
vr1a = 4.844674e-01
vr1b = 4.122883e-01
vr10a = 5.653916e-01
vr10b = 4.923717e-01
Reset re-loads circuit * tb_pnp_mismatch.spice -- sky130 substrate-pnp local-mismatch monte carlo

Circuit: * tb_pnp_mismatch.spice -- sky130 substrate-pnp local-mismatch monte carlo

option SCALE: Scale is set to 1e-06 for instance and model parameters
option SCALE: Scale is set to 1e-06 for instance and model parameters
option SCALE: Scale is set to 1e-06 for instance and model parameters
option SCALE: Scale is set to 1e-06 for instance and model parameters
Doing analysis at TEMP = 125.000000 and TNOM = 27.000000

Using KLU as Direct Linear Solver

No. of Data Rows : 1
da1 = -1.09251e-04
da10 = -1.45612e-04
dr1 = 7.211999e-02
dr10 = 7.337633e-02
vr1a = 4.844425e-01
vr1b = 4.123225e-01
vr10a = 5.656513e-01
vr10b = 4.922749e-01
Reset re-loads circuit * tb_pnp_mismatch.spice -- sky130 substrate-pnp local-mismatch monte carlo

Circuit: * tb_pnp_mismatch.spice -- sky130 substrate-pnp local-mismatch monte carlo

option SCALE: Scale is set to 1e-06 for instance and model parameters
option SCALE: Scale is set to 1e-06 for instance and model parameters
option SCALE: Scale is set to 1e-06 for instance and model parameters
option SCALE: Scale is set to 1e-06 for instance and model parameters
Doing analysis at TEMP = 125.000000 and TNOM = 27.000000

Using KLU as Direct Linear Solver

No. of Data Rows : 1
da1 = 2.522546e-05
da10 = -3.74577e-04
dr1 = 7.233987e-02
dr10 = 7.293318e-02
vr1a = 4.847235e-01
vr1b = 4.123837e-01
vr10a = 5.652784e-01
vr10b = 4.923452e-01
Reset re-loads circuit * tb_pnp_mismatch.spice -- sky130 substrate-pnp local-mismatch monte carlo

Circuit: * tb_pnp_mismatch.spice -- sky130 substrate-pnp local-mismatch monte carlo

option SCALE: Scale is set to 1e-06 for instance and model parameters
option SCALE: Scale is set to 1e-06 for instance and model parameters
option SCALE: Scale is set to 1e-06 for instance and model parameters
option SCALE: Scale is set to 1e-06 for instance and model parameters
Doing analysis at TEMP = 125.000000 and TNOM = 27.000000

Using KLU as Direct Linear Solver

No. of Data Rows : 1
da1 = 2.118580e-05
da10 = 2.771092e-04
dr1 = 7.248421e-02
dr10 = 7.328328e-02
vr1a = 4.846395e-01
vr1b = 4.121553e-01
vr10a = 5.656149e-01
vr10b = 4.923316e-01
Reset re-loads circuit * tb_pnp_mismatch.spice -- sky130 substrate-pnp local-mismatch monte carlo

Circuit: * tb_pnp_mismatch.spice -- sky130 substrate-pnp local-mismatch monte carlo

option SCALE: Scale is set to 1e-06 for instance and model parameters
option SCALE: Scale is set to 1e-06 for instance and model parameters
option SCALE: Scale is set to 1e-06 for instance and model parameters
option SCALE: Scale is set to 1e-06 for instance and model parameters
Doing analysis at TEMP = 125.000000 and TNOM = 27.000000

Using KLU as Direct Linear Solver

No. of Data Rows : 1
da1 = -1.39644e-04
da10 = 1.183811e-04
dr1 = 7.218829e-02
dr10 = 7.309840e-02
vr1a = 4.845122e-01
vr1b = 4.123239e-01
vr10a = 5.654195e-01
vr10b = 4.923211e-01
Reset re-loads circuit * tb_pnp_mismatch.spice -- sky130 substrate-pnp local-mismatch monte carlo

Circuit: * tb_pnp_mismatch.spice -- sky130 substrate-pnp local-mismatch monte carlo

option SCALE: Scale is set to 1e-06 for instance and model parameters
option SCALE: Scale is set to 1e-06 for instance and model parameters
option SCALE: Scale is set to 1e-06 for instance and model parameters
option SCALE: Scale is set to 1e-06 for instance and model parameters
Doing analysis at TEMP = 125.000000 and TNOM = 27.000000

Using KLU as Direct Linear Solver

No. of Data Rows : 1
da1 = -2.39621e-04
da10 = 3.691421e-04
dr1 = 7.218770e-02
dr10 = 7.331630e-02
vr1a = 4.844686e-01
vr1b = 4.122809e-01
vr10a = 5.657423e-01
vr10b = 4.924260e-01
Reset re-loads circuit * tb_pnp_mismatch.spice -- sky130 substrate-pnp local-mismatch monte carlo

Circuit: * tb_pnp_mismatch.spice -- sky130 substrate-pnp local-mismatch monte carlo

option SCALE: Scale is set to 1e-06 for instance and model parameters
option SCALE: Scale is set to 1e-06 for instance and model parameters
option SCALE: Scale is set to 1e-06 for instance and model parameters
option SCALE: Scale is set to 1e-06 for instance and model parameters
Doing analysis at TEMP = 125.000000 and TNOM = 27.000000

Using KLU as Direct Linear Solver

No. of Data Rows : 1
da1 = 5.699748e-05
da10 = 1.846152e-04
dr1 = 7.256248e-02
dr10 = 7.283361e-02
vr1a = 4.849515e-01
vr1b = 4.123890e-01
vr10a = 5.651915e-01
vr10b = 4.923579e-01
Reset re-loads circuit * tb_pnp_mismatch.spice -- sky130 substrate-pnp local-mismatch monte carlo

Circuit: * tb_pnp_mismatch.spice -- sky130 substrate-pnp local-mismatch monte carlo

option SCALE: Scale is set to 1e-06 for instance and model parameters
option SCALE: Scale is set to 1e-06 for instance and model parameters
option SCALE: Scale is set to 1e-06 for instance and model parameters
option SCALE: Scale is set to 1e-06 for instance and model parameters
Doing analysis at TEMP = 125.000000 and TNOM = 27.000000

Using KLU as Direct Linear Solver

No. of Data Rows : 1
da1 = -5.91084e-05
da10 = -8.58754e-05
dr1 = 7.230641e-02
dr10 = 7.281953e-02
vr1a = 4.847065e-01
vr1b = 4.124001e-01
vr10a = 5.652727e-01
vr10b = 4.924532e-01
Reset re-loads circuit * tb_pnp_mismatch.spice -- sky130 substrate-pnp local-mismatch monte carlo

Circuit: * tb_pnp_mismatch.spice -- sky130 substrate-pnp local-mismatch monte carlo

option SCALE: Scale is set to 1e-06 for instance and model parameters
option SCALE: Scale is set to 1e-06 for instance and model parameters
option SCALE: Scale is set to 1e-06 for instance and model parameters
option SCALE: Scale is set to 1e-06 for instance and model parameters
Doing analysis at TEMP = 125.000000 and TNOM = 27.000000

Using KLU as Direct Linear Solver

No. of Data Rows : 1
da1 = 1.430977e-04
da10 = -1.03185e-04
dr1 = 7.217065e-02
dr10 = 7.308577e-02
vr1a = 4.844656e-01
vr1b = 4.122950e-01
vr10a = 5.654419e-01
vr10b = 4.923561e-01
Reset re-loads circuit * tb_pnp_mismatch.spice -- sky130 substrate-pnp local-mismatch monte carlo

Circuit: * tb_pnp_mismatch.spice -- sky130 substrate-pnp local-mismatch monte carlo

option SCALE: Scale is set to 1e-06 for instance and model parameters
option SCALE: Scale is set to 1e-06 for instance and model parameters
option SCALE: Scale is set to 1e-06 for instance and model parameters
option SCALE: Scale is set to 1e-06 for instance and model parameters
Doing analysis at TEMP = 125.000000 and TNOM = 27.000000

Using KLU as Direct Linear Solver

No. of Data Rows : 1
da1 = 2.331863e-04
da10 = 3.385169e-04
dr1 = 7.232976e-02
dr10 = 7.325369e-02
vr1a = 4.846591e-01
vr1b = 4.123294e-01
vr10a = 5.656409e-01
vr10b = 4.923872e-01
Reset re-loads circuit * tb_pnp_mismatch.spice -- sky130 substrate-pnp local-mismatch monte carlo

Circuit: * tb_pnp_mismatch.spice -- sky130 substrate-pnp local-mismatch monte carlo

option SCALE: Scale is set to 1e-06 for instance and model parameters
option SCALE: Scale is set to 1e-06 for instance and model parameters
option SCALE: Scale is set to 1e-06 for instance and model parameters
option SCALE: Scale is set to 1e-06 for instance and model parameters
Doing analysis at TEMP = 125.000000 and TNOM = 27.000000

Using KLU as Direct Linear Solver

No. of Data Rows : 1
da1 = -8.52924e-05
da10 = 7.794665e-05
dr1 = 7.214154e-02
dr10 = 7.309042e-02
vr1a = 4.844184e-01
vr1b = 4.122769e-01
vr10a = 5.654266e-01
vr10b = 4.923362e-01
Reset re-loads circuit * tb_pnp_mismatch.spice -- sky130 substrate-pnp local-mismatch monte carlo

Circuit: * tb_pnp_mismatch.spice -- sky130 substrate-pnp local-mismatch monte carlo

option SCALE: Scale is set to 1e-06 for instance and model parameters
option SCALE: Scale is set to 1e-06 for instance and model parameters
option SCALE: Scale is set to 1e-06 for instance and model parameters
option SCALE: Scale is set to 1e-06 for instance and model parameters
Doing analysis at TEMP = 125.000000 and TNOM = 27.000000

Using KLU as Direct Linear Solver

No. of Data Rows : 1
da1 = -3.31351e-04
da10 = 2.951357e-05
dr1 = 7.239410e-02
dr10 = 7.313434e-02
vr1a = 4.846516e-01
vr1b = 4.122575e-01
vr10a = 5.655558e-01
vr10b = 4.924214e-01
Reset re-loads circuit * tb_pnp_mismatch.spice -- sky130 substrate-pnp local-mismatch monte carlo

Circuit: * tb_pnp_mismatch.spice -- sky130 substrate-pnp local-mismatch monte carlo

option SCALE: Scale is set to 1e-06 for instance and model parameters
option SCALE: Scale is set to 1e-06 for instance and model parameters
option SCALE: Scale is set to 1e-06 for instance and model parameters
option SCALE: Scale is set to 1e-06 for instance and model parameters
Doing analysis at TEMP = 125.000000 and TNOM = 27.000000

Using KLU as Direct Linear Solver

No. of Data Rows : 1
da1 = 1.651765e-04
da10 = -4.04516e-05
dr1 = 7.221686e-02
dr10 = 7.316340e-02
vr1a = 4.846214e-01
vr1b = 4.124046e-01
vr10a = 5.655722e-01
vr10b = 4.924088e-01
Reset re-loads circuit * tb_pnp_mismatch.spice -- sky130 substrate-pnp local-mismatch monte carlo

Circuit: * tb_pnp_mismatch.spice -- sky130 substrate-pnp local-mismatch monte carlo

option SCALE: Scale is set to 1e-06 for instance and model parameters
option SCALE: Scale is set to 1e-06 for instance and model parameters
option SCALE: Scale is set to 1e-06 for instance and model parameters
option SCALE: Scale is set to 1e-06 for instance and model parameters
Doing analysis at TEMP = 125.000000 and TNOM = 27.000000

Using KLU as Direct Linear Solver

No. of Data Rows : 1
da1 = -1.41702e-04
da10 = -4.66709e-04
dr1 = 7.243547e-02
dr10 = 7.321326e-02
vr1a = 4.847493e-01
vr1b = 4.123139e-01
vr10a = 5.655726e-01
vr10b = 4.923593e-01
Reset re-loads circuit * tb_pnp_mismatch.spice -- sky130 substrate-pnp local-mismatch monte carlo

Circuit: * tb_pnp_mismatch.spice -- sky130 substrate-pnp local-mismatch monte carlo

option SCALE: Scale is set to 1e-06 for instance and model parameters
option SCALE: Scale is set to 1e-06 for instance and model parameters
option SCALE: Scale is set to 1e-06 for instance and model parameters
option SCALE: Scale is set to 1e-06 for instance and model parameters
Doing analysis at TEMP = 125.000000 and TNOM = 27.000000

Using KLU as Direct Linear Solver

No. of Data Rows : 1
da1 = 1.813369e-05
da10 = -1.84042e-04
dr1 = 7.221988e-02
dr10 = 7.325365e-02
vr1a = 4.845346e-01
vr1b = 4.123147e-01
vr10a = 5.656090e-01
vr10b = 4.923554e-01
Reset re-loads circuit * tb_pnp_mismatch.spice -- sky130 substrate-pnp local-mismatch monte carlo

Circuit: * tb_pnp_mismatch.spice -- sky130 substrate-pnp local-mismatch monte carlo

option SCALE: Scale is set to 1e-06 for instance and model parameters
option SCALE: Scale is set to 1e-06 for instance and model parameters
option SCALE: Scale is set to 1e-06 for instance and model parameters
option SCALE: Scale is set to 1e-06 for instance and model parameters
Doing analysis at TEMP = 125.000000 and TNOM = 27.000000

Using KLU as Direct Linear Solver

No. of Data Rows : 1
da1 = 1.221902e-04
da10 = 8.330567e-05
dr1 = 7.216216e-02
dr10 = 7.289524e-02
vr1a = 4.844810e-01
vr1b = 4.123188e-01
vr10a = 5.653223e-01
vr10b = 4.924271e-01
Reset re-loads circuit * tb_pnp_mismatch.spice -- sky130 substrate-pnp local-mismatch monte carlo

Circuit: * tb_pnp_mismatch.spice -- sky130 substrate-pnp local-mismatch monte carlo

option SCALE: Scale is set to 1e-06 for instance and model parameters
option SCALE: Scale is set to 1e-06 for instance and model parameters
option SCALE: Scale is set to 1e-06 for instance and model parameters
option SCALE: Scale is set to 1e-06 for instance and model parameters
Doing analysis at TEMP = 125.000000 and TNOM = 27.000000

Using KLU as Direct Linear Solver

No. of Data Rows : 1
da1 = 3.680049e-04
da10 = 3.115789e-04
dr1 = 7.231408e-02
dr10 = 7.298738e-02
vr1a = 4.846553e-01
vr1b = 4.123412e-01
vr10a = 5.654163e-01
vr10b = 4.924290e-01
Reset re-loads circuit * tb_pnp_mismatch.spice -- sky130 substrate-pnp local-mismatch monte carlo

Circuit: * tb_pnp_mismatch.spice -- sky130 substrate-pnp local-mismatch monte carlo

option SCALE: Scale is set to 1e-06 for instance and model parameters
option SCALE: Scale is set to 1e-06 for instance and model parameters
option SCALE: Scale is set to 1e-06 for instance and model parameters
option SCALE: Scale is set to 1e-06 for instance and model parameters
Doing analysis at TEMP = 125.000000 and TNOM = 27.000000

Using KLU as Direct Linear Solver
 Reference value :  0.00000e+00
No. of Data Rows : 1
da1 = 1.644390e-04
da10 = -1.61480e-04
dr1 = 7.222273e-02
dr10 = 7.318862e-02
vr1a = 4.845405e-01
vr1b = 4.123178e-01
vr10a = 5.655242e-01
vr10b = 4.923356e-01
Reset re-loads circuit * tb_pnp_mismatch.spice -- sky130 substrate-pnp local-mismatch monte carlo

Circuit: * tb_pnp_mismatch.spice -- sky130 substrate-pnp local-mismatch monte carlo

option SCALE: Scale is set to 1e-06 for instance and model parameters
option SCALE: Scale is set to 1e-06 for instance and model parameters
option SCALE: Scale is set to 1e-06 for instance and model parameters
option SCALE: Scale is set to 1e-06 for instance and model parameters
Doing analysis at TEMP = 125.000000 and TNOM = 27.000000

Using KLU as Direct Linear Solver

No. of Data Rows : 1
da1 = -2.50611e-05
da10 = -2.90849e-04
dr1 = 7.224859e-02
dr10 = 7.304675e-02
vr1a = 4.846255e-01
vr1b = 4.123769e-01
vr10a = 5.653581e-01
vr10b = 4.923114e-01
Reset re-loads circuit * tb_pnp_mismatch.spice -- sky130 substrate-pnp local-mismatch monte carlo

Circuit: * tb_pnp_mismatch.spice -- sky130 substrate-pnp local-mismatch monte carlo

option SCALE: Scale is set to 1e-06 for instance and model parameters
option SCALE: Scale is set to 1e-06 for instance and model parameters
option SCALE: Scale is set to 1e-06 for instance and model parameters
option SCALE: Scale is set to 1e-06 for instance and model parameters
Doing analysis at TEMP = 125.000000 and TNOM = 27.000000

Using KLU as Direct Linear Solver

No. of Data Rows : 1
da1 = -4.07481e-05
da10 = 1.147488e-04
dr1 = 7.245485e-02
dr10 = 7.294429e-02
vr1a = 4.848328e-01
vr1b = 4.123780e-01
vr10a = 5.653373e-01
vr10b = 4.923930e-01
Reset re-loads circuit * tb_pnp_mismatch.spice -- sky130 substrate-pnp local-mismatch monte carlo

Circuit: * tb_pnp_mismatch.spice -- sky130 substrate-pnp local-mismatch monte carlo

option SCALE: Scale is set to 1e-06 for instance and model parameters
option SCALE: Scale is set to 1e-06 for instance and model parameters
option SCALE: Scale is set to 1e-06 for instance and model parameters
option SCALE: Scale is set to 1e-06 for instance and model parameters
Doing analysis at TEMP = 125.000000 and TNOM = 27.000000

Using KLU as Direct Linear Solver

No. of Data Rows : 1
da1 = -1.62863e-05
da10 = -1.65711e-04
dr1 = 7.234771e-02
dr10 = 7.326262e-02
vr1a = 4.846714e-01
vr1b = 4.123237e-01
vr10a = 5.655822e-01
vr10b = 4.923196e-01
Reset re-loads circuit * tb_pnp_mismatch.spice -- sky130 substrate-pnp local-mismatch monte carlo

Circuit: * tb_pnp_mismatch.spice -- sky130 substrate-pnp local-mismatch monte carlo

option SCALE: Scale is set to 1e-06 for instance and model parameters
option SCALE: Scale is set to 1e-06 for instance and model parameters
option SCALE: Scale is set to 1e-06 for instance and model parameters
option SCALE: Scale is set to 1e-06 for instance and model parameters
Doing analysis at TEMP = 125.000000 and TNOM = 27.000000

Using KLU as Direct Linear Solver

No. of Data Rows : 1
da1 = -5.87979e-05
da10 = -3.66540e-05
dr1 = 7.228383e-02
dr10 = 7.313987e-02
vr1a = 4.845806e-01
vr1b = 4.122968e-01
vr10a = 5.654667e-01
vr10b = 4.923268e-01
Reset re-loads circuit * tb_pnp_mismatch.spice -- sky130 substrate-pnp local-mismatch monte carlo

Circuit: * tb_pnp_mismatch.spice -- sky130 substrate-pnp local-mismatch monte carlo

option SCALE: Scale is set to 1e-06 for instance and model parameters
option SCALE: Scale is set to 1e-06 for instance and model parameters
option SCALE: Scale is set to 1e-06 for instance and model parameters
option SCALE: Scale is set to 1e-06 for instance and model parameters
Doing analysis at TEMP = 125.000000 and TNOM = 27.000000

Using KLU as Direct Linear Solver

No. of Data Rows : 1
da1 = 3.020291e-05
da10 = 1.438153e-04
dr1 = 7.223671e-02
dr10 = 7.296816e-02
vr1a = 4.845980e-01
vr1b = 4.123613e-01
vr10a = 5.653894e-01
vr10b = 4.924212e-01
Reset re-loads circuit * tb_pnp_mismatch.spice -- sky130 substrate-pnp local-mismatch monte carlo

Circuit: * tb_pnp_mismatch.spice -- sky130 substrate-pnp local-mismatch monte carlo

option SCALE: Scale is set to 1e-06 for instance and model parameters
option SCALE: Scale is set to 1e-06 for instance and model parameters
option SCALE: Scale is set to 1e-06 for instance and model parameters
option SCALE: Scale is set to 1e-06 for instance and model parameters
Doing analysis at TEMP = 125.000000 and TNOM = 27.000000

Using KLU as Direct Linear Solver

No. of Data Rows : 1
da1 = 1.160205e-04
da10 = 1.616524e-05
dr1 = 7.216716e-02
dr10 = 7.289670e-02
vr1a = 4.845253e-01
vr1b = 4.123581e-01
vr10a = 5.653355e-01
vr10b = 4.924388e-01
Reset re-loads circuit * tb_pnp_mismatch.spice -- sky130 substrate-pnp local-mismatch monte carlo

Circuit: * tb_pnp_mismatch.spice -- sky130 substrate-pnp local-mismatch monte carlo

option SCALE: Scale is set to 1e-06 for instance and model parameters
option SCALE: Scale is set to 1e-06 for instance and model parameters
option SCALE: Scale is set to 1e-06 for instance and model parameters
option SCALE: Scale is set to 1e-06 for instance and model parameters
Doing analysis at TEMP = 125.000000 and TNOM = 27.000000

Using KLU as Direct Linear Solver

No. of Data Rows : 1
da1 = -9.92832e-05
da10 = 8.957265e-05
dr1 = 7.232993e-02
dr10 = 7.302738e-02
vr1a = 4.846470e-01
vr1b = 4.123171e-01
vr10a = 5.654563e-01
vr10b = 4.924289e-01
Reset re-loads circuit * tb_pnp_mismatch.spice -- sky130 substrate-pnp local-mismatch monte carlo

Circuit: * tb_pnp_mismatch.spice -- sky130 substrate-pnp local-mismatch monte carlo

option SCALE: Scale is set to 1e-06 for instance and model parameters
option SCALE: Scale is set to 1e-06 for instance and model parameters
option SCALE: Scale is set to 1e-06 for instance and model parameters
option SCALE: Scale is set to 1e-06 for instance and model parameters
Doing analysis at TEMP = 125.000000 and TNOM = 27.000000

Using KLU as Direct Linear Solver

No. of Data Rows : 1
da1 = 1.202427e-06
da10 = -1.23732e-04
dr1 = 7.248753e-02
dr10 = 7.306350e-02
vr1a = 4.848066e-01
vr1b = 4.123191e-01
vr10a = 5.654225e-01
vr10b = 4.923590e-01
Reset re-loads circuit * tb_pnp_mismatch.spice -- sky130 substrate-pnp local-mismatch monte carlo

Circuit: * tb_pnp_mismatch.spice -- sky130 substrate-pnp local-mismatch monte carlo

option SCALE: Scale is set to 1e-06 for instance and model parameters
option SCALE: Scale is set to 1e-06 for instance and model parameters
option SCALE: Scale is set to 1e-06 for instance and model parameters
option SCALE: Scale is set to 1e-06 for instance and model parameters
Doing analysis at TEMP = 125.000000 and TNOM = 27.000000

Using KLU as Direct Linear Solver

No. of Data Rows : 1
da1 = 1.745860e-04
da10 = -3.24488e-04
dr1 = 7.233788e-02
dr10 = 7.309548e-02
vr1a = 4.846018e-01
vr1b = 4.122639e-01
vr10a = 5.654630e-01
vr10b = 4.923675e-01
Reset re-loads circuit * tb_pnp_mismatch.spice -- sky130 substrate-pnp local-mismatch monte carlo

Circuit: * tb_pnp_mismatch.spice -- sky130 substrate-pnp local-mismatch monte carlo

option SCALE: Scale is set to 1e-06 for instance and model parameters
option SCALE: Scale is set to 1e-06 for instance and model parameters
option SCALE: Scale is set to 1e-06 for instance and model parameters
option SCALE: Scale is set to 1e-06 for instance and model parameters
Doing analysis at TEMP = 125.000000 and TNOM = 27.000000

Using KLU as Direct Linear Solver

No. of Data Rows : 1
da1 = -8.23368e-05
da10 = 1.379400e-04
dr1 = 7.229967e-02
dr10 = 7.309413e-02
vr1a = 4.846959e-01
vr1b = 4.123962e-01
vr10a = 5.655255e-01
vr10b = 4.924313e-01
Reset re-loads circuit * tb_pnp_mismatch.spice -- sky130 substrate-pnp local-mismatch monte carlo

Circuit: * tb_pnp_mismatch.spice -- sky130 substrate-pnp local-mismatch monte carlo

option SCALE: Scale is set to 1e-06 for instance and model parameters
option SCALE: Scale is set to 1e-06 for instance and model parameters
option SCALE: Scale is set to 1e-06 for instance and model parameters
option SCALE: Scale is set to 1e-06 for instance and model parameters
Doing analysis at TEMP = 125.000000 and TNOM = 27.000000

Using KLU as Direct Linear Solver

No. of Data Rows : 1
da1 = -1.65706e-04
da10 = 1.989485e-04
dr1 = 7.236376e-02
dr10 = 7.295821e-02
vr1a = 4.846727e-01
vr1b = 4.123090e-01
vr10a = 5.653188e-01
vr10b = 4.923606e-01
Reset re-loads circuit * tb_pnp_mismatch.spice -- sky130 substrate-pnp local-mismatch monte carlo

Circuit: * tb_pnp_mismatch.spice -- sky130 substrate-pnp local-mismatch monte carlo

option SCALE: Scale is set to 1e-06 for instance and model parameters
option SCALE: Scale is set to 1e-06 for instance and model parameters
option SCALE: Scale is set to 1e-06 for instance and model parameters
option SCALE: Scale is set to 1e-06 for instance and model parameters
Doing analysis at TEMP = 125.000000 and TNOM = 27.000000

Using KLU as Direct Linear Solver

No. of Data Rows : 1
da1 = 3.090545e-05
da10 = 8.070023e-05
dr1 = 7.244906e-02
dr10 = 7.315694e-02
vr1a = 4.846791e-01
vr1b = 4.122300e-01
vr10a = 5.655862e-01
vr10b = 4.924293e-01
Reset re-loads circuit * tb_pnp_mismatch.spice -- sky130 substrate-pnp local-mismatch monte carlo

Circuit: * tb_pnp_mismatch.spice -- sky130 substrate-pnp local-mismatch monte carlo

option SCALE: Scale is set to 1e-06 for instance and model parameters
option SCALE: Scale is set to 1e-06 for instance and model parameters
option SCALE: Scale is set to 1e-06 for instance and model parameters
option SCALE: Scale is set to 1e-06 for instance and model parameters
Doing analysis at TEMP = 125.000000 and TNOM = 27.000000

Using KLU as Direct Linear Solver

No. of Data Rows : 1
da1 = -4.26438e-04
da10 = 1.592141e-04
dr1 = 7.243107e-02
dr10 = 7.304186e-02
vr1a = 4.847665e-01
vr1b = 4.123355e-01
vr10a = 5.654570e-01
vr10b = 4.924151e-01
Reset re-loads circuit * tb_pnp_mismatch.spice -- sky130 substrate-pnp local-mismatch monte carlo

Circuit: * tb_pnp_mismatch.spice -- sky130 substrate-pnp local-mismatch monte carlo

option SCALE: Scale is set to 1e-06 for instance and model parameters
option SCALE: Scale is set to 1e-06 for instance and model parameters
option SCALE: Scale is set to 1e-06 for instance and model parameters
option SCALE: Scale is set to 1e-06 for instance and model parameters
Doing analysis at TEMP = 125.000000 and TNOM = 27.000000

Using KLU as Direct Linear Solver

No. of Data Rows : 1
da1 = -1.82032e-04
da10 = -1.34378e-04
dr1 = 7.212722e-02
dr10 = 7.302316e-02
vr1a = 4.844026e-01
vr1b = 4.122754e-01
vr10a = 5.653831e-01
vr10b = 4.923600e-01
Reset re-loads circuit * tb_pnp_mismatch.spice -- sky130 substrate-pnp local-mismatch monte carlo

Circuit: * tb_pnp_mismatch.spice -- sky130 substrate-pnp local-mismatch monte carlo

option SCALE: Scale is set to 1e-06 for instance and model parameters
option SCALE: Scale is set to 1e-06 for instance and model parameters
option SCALE: Scale is set to 1e-06 for instance and model parameters
option SCALE: Scale is set to 1e-06 for instance and model parameters
Doing analysis at TEMP = 125.000000 and TNOM = 27.000000

Using KLU as Direct Linear Solver

No. of Data Rows : 1
da1 = -1.01640e-04
da10 = 1.183438e-04
dr1 = 7.214152e-02
dr10 = 7.314593e-02
vr1a = 4.844751e-01
vr1b = 4.123335e-01
vr10a = 5.655181e-01
vr10b = 4.923722e-01
Reset re-loads circuit * tb_pnp_mismatch.spice -- sky130 substrate-pnp local-mismatch monte carlo

Circuit: * tb_pnp_mismatch.spice -- sky130 substrate-pnp local-mismatch monte carlo

option SCALE: Scale is set to 1e-06 for instance and model parameters
option SCALE: Scale is set to 1e-06 for instance and model parameters
option SCALE: Scale is set to 1e-06 for instance and model parameters
option SCALE: Scale is set to 1e-06 for instance and model parameters
Doing analysis at TEMP = 125.000000 and TNOM = 27.000000

Using KLU as Direct Linear Solver

No. of Data Rows : 1
da1 = 2.971914e-04
da10 = 8.290801e-05
dr1 = 7.245609e-02
dr10 = 7.285296e-02
vr1a = 4.847571e-01
vr1b = 4.123010e-01
vr10a = 5.653219e-01
vr10b = 4.924689e-01
Reset re-loads circuit * tb_pnp_mismatch.spice -- sky130 substrate-pnp local-mismatch monte carlo

Circuit: * tb_pnp_mismatch.spice -- sky130 substrate-pnp local-mismatch monte carlo

option SCALE: Scale is set to 1e-06 for instance and model parameters
option SCALE: Scale is set to 1e-06 for instance and model parameters
option SCALE: Scale is set to 1e-06 for instance and model parameters
option SCALE: Scale is set to 1e-06 for instance and model parameters
Doing analysis at TEMP = 125.000000 and TNOM = 27.000000

Using KLU as Direct Linear Solver

No. of Data Rows : 1
da1 = -2.19770e-04
da10 = -5.87696e-05
dr1 = 7.224226e-02
dr10 = 7.312036e-02
vr1a = 4.844765e-01
vr1b = 4.122342e-01
vr10a = 5.654960e-01
vr10b = 4.923756e-01
Reset re-loads circuit * tb_pnp_mismatch.spice -- sky130 substrate-pnp local-mismatch monte carlo

Circuit: * tb_pnp_mismatch.spice -- sky130 substrate-pnp local-mismatch monte carlo

option SCALE: Scale is set to 1e-06 for instance and model parameters
option SCALE: Scale is set to 1e-06 for instance and model parameters
option SCALE: Scale is set to 1e-06 for instance and model parameters
option SCALE: Scale is set to 1e-06 for instance and model parameters
Doing analysis at TEMP = 125.000000 and TNOM = 27.000000

Using KLU as Direct Linear Solver

No. of Data Rows : 1
da1 = 7.998036e-05
da10 = 3.411534e-04
dr1 = 7.239135e-02
dr10 = 7.314047e-02
vr1a = 4.847371e-01
vr1b = 4.123458e-01
vr10a = 5.655071e-01
vr10b = 4.923666e-01
Reset re-loads circuit * tb_pnp_mismatch.spice -- sky130 substrate-pnp local-mismatch monte carlo

Circuit: * tb_pnp_mismatch.spice -- sky130 substrate-pnp local-mismatch monte carlo

option SCALE: Scale is set to 1e-06 for instance and model parameters
option SCALE: Scale is set to 1e-06 for instance and model parameters
option SCALE: Scale is set to 1e-06 for instance and model parameters
option SCALE: Scale is set to 1e-06 for instance and model parameters
Doing analysis at TEMP = 125.000000 and TNOM = 27.000000

Using KLU as Direct Linear Solver

No. of Data Rows : 1
da1 = 1.000954e-04
da10 = -2.36678e-05
dr1 = 7.225941e-02
dr10 = 7.315863e-02
vr1a = 4.846476e-01
vr1b = 4.123882e-01
vr10a = 5.654578e-01
vr10b = 4.922992e-01
Reset re-loads circuit * tb_pnp_mismatch.spice -- sky130 substrate-pnp local-mismatch monte carlo

Circuit: * tb_pnp_mismatch.spice -- sky130 substrate-pnp local-mismatch monte carlo

option SCALE: Scale is set to 1e-06 for instance and model parameters
option SCALE: Scale is set to 1e-06 for instance and model parameters
option SCALE: Scale is set to 1e-06 for instance and model parameters
option SCALE: Scale is set to 1e-06 for instance and model parameters
Doing analysis at TEMP = 125.000000 and TNOM = 27.000000

Using KLU as Direct Linear Solver

No. of Data Rows : 1
da1 = 3.682276e-05
da10 = 5.262709e-05
dr1 = 7.246032e-02
dr10 = 7.309660e-02
vr1a = 4.847468e-01
vr1b = 4.122865e-01
vr10a = 5.654054e-01
vr10b = 4.923088e-01
Reset re-loads circuit * tb_pnp_mismatch.spice -- sky130 substrate-pnp local-mismatch monte carlo

Circuit: * tb_pnp_mismatch.spice -- sky130 substrate-pnp local-mismatch monte carlo

option SCALE: Scale is set to 1e-06 for instance and model parameters
option SCALE: Scale is set to 1e-06 for instance and model parameters
option SCALE: Scale is set to 1e-06 for instance and model parameters
option SCALE: Scale is set to 1e-06 for instance and model parameters
Doing analysis at TEMP = 125.000000 and TNOM = 27.000000

Using KLU as Direct Linear Solver

No. of Data Rows : 1
da1 = 2.288637e-04
da10 = -7.42206e-05
dr1 = 7.200237e-02
dr10 = 7.318453e-02
vr1a = 4.843441e-01
vr1b = 4.123418e-01
vr10a = 5.655149e-01
vr10b = 4.923304e-01
Reset re-loads circuit * tb_pnp_mismatch.spice -- sky130 substrate-pnp local-mismatch monte carlo

Circuit: * tb_pnp_mismatch.spice -- sky130 substrate-pnp local-mismatch monte carlo

option SCALE: Scale is set to 1e-06 for instance and model parameters
option SCALE: Scale is set to 1e-06 for instance and model parameters
option SCALE: Scale is set to 1e-06 for instance and model parameters
option SCALE: Scale is set to 1e-06 for instance and model parameters
Doing analysis at TEMP = 125.000000 and TNOM = 27.000000

Using KLU as Direct Linear Solver

No. of Data Rows : 1
da1 = -1.51618e-04
da10 = 2.259928e-04
dr1 = 7.224442e-02
dr10 = 7.320849e-02
vr1a = 4.845047e-01
vr1b = 4.122603e-01
vr10a = 5.655746e-01
vr10b = 4.923661e-01
Reset re-loads circuit * tb_pnp_mismatch.spice -- sky130 substrate-pnp local-mismatch monte carlo

Circuit: * tb_pnp_mismatch.spice -- sky130 substrate-pnp local-mismatch monte carlo

option SCALE: Scale is set to 1e-06 for instance and model parameters
option SCALE: Scale is set to 1e-06 for instance and model parameters
option SCALE: Scale is set to 1e-06 for instance and model parameters
option SCALE: Scale is set to 1e-06 for instance and model parameters
Doing analysis at TEMP = 125.000000 and TNOM = 27.000000

Using KLU as Direct Linear Solver

No. of Data Rows : 1
da1 = -1.41715e-04
da10 = 2.889474e-04
dr1 = 7.215177e-02
dr10 = 7.327817e-02
vr1a = 4.844643e-01
vr1b = 4.123126e-01
vr10a = 5.657170e-01
vr10b = 4.924389e-01
Reset re-loads circuit * tb_pnp_mismatch.spice -- sky130 substrate-pnp local-mismatch monte carlo

Circuit: * tb_pnp_mismatch.spice -- sky130 substrate-pnp local-mismatch monte carlo

option SCALE: Scale is set to 1e-06 for instance and model parameters
option SCALE: Scale is set to 1e-06 for instance and model parameters
option SCALE: Scale is set to 1e-06 for instance and model parameters
option SCALE: Scale is set to 1e-06 for instance and model parameters
Doing analysis at TEMP = 125.000000 and TNOM = 27.000000

Using KLU as Direct Linear Solver

No. of Data Rows : 1
da1 = -1.48302e-04
da10 = -2.60801e-04
dr1 = 7.217844e-02
dr10 = 7.332483e-02
vr1a = 4.844882e-01
vr1b = 4.123098e-01
vr10a = 5.657108e-01
vr10b = 4.923860e-01
Reset re-loads circuit * tb_pnp_mismatch.spice -- sky130 substrate-pnp local-mismatch monte carlo

Circuit: * tb_pnp_mismatch.spice -- sky130 substrate-pnp local-mismatch monte carlo

option SCALE: Scale is set to 1e-06 for instance and model parameters
option SCALE: Scale is set to 1e-06 for instance and model parameters
option SCALE: Scale is set to 1e-06 for instance and model parameters
option SCALE: Scale is set to 1e-06 for instance and model parameters
Doing analysis at TEMP = 125.000000 and TNOM = 27.000000

Using KLU as Direct Linear Solver

No. of Data Rows : 1
da1 = 2.125404e-04
da10 = 1.188160e-04
dr1 = 7.226153e-02
dr10 = 7.310512e-02
vr1a = 4.845968e-01
vr1b = 4.123353e-01
vr10a = 5.654744e-01
vr10b = 4.923693e-01
Reset re-loads circuit * tb_pnp_mismatch.spice -- sky130 substrate-pnp local-mismatch monte carlo

Circuit: * tb_pnp_mismatch.spice -- sky130 substrate-pnp local-mismatch monte carlo

option SCALE: Scale is set to 1e-06 for instance and model parameters
option SCALE: Scale is set to 1e-06 for instance and model parameters
option SCALE: Scale is set to 1e-06 for instance and model parameters
option SCALE: Scale is set to 1e-06 for instance and model parameters
Doing analysis at TEMP = 125.000000 and TNOM = 27.000000

Using KLU as Direct Linear Solver

No. of Data Rows : 1
da1 = -3.78139e-04
da10 = 8.975702e-05
dr1 = 7.212359e-02
dr10 = 7.308055e-02
vr1a = 4.845064e-01
vr1b = 4.123828e-01
vr10a = 5.654168e-01
vr10b = 4.923363e-01
Reset re-loads circuit * tb_pnp_mismatch.spice -- sky130 substrate-pnp local-mismatch monte carlo

Circuit: * tb_pnp_mismatch.spice -- sky130 substrate-pnp local-mismatch monte carlo

option SCALE: Scale is set to 1e-06 for instance and model parameters
option SCALE: Scale is set to 1e-06 for instance and model parameters
option SCALE: Scale is set to 1e-06 for instance and model parameters
option SCALE: Scale is set to 1e-06 for instance and model parameters
Doing analysis at TEMP = 125.000000 and TNOM = 27.000000

Using KLU as Direct Linear Solver

No. of Data Rows : 1
da1 = 2.165780e-04
da10 = -1.97082e-04
dr1 = 7.218002e-02
dr10 = 7.314545e-02
vr1a = 4.845519e-01
vr1b = 4.123719e-01
vr10a = 5.655859e-01
vr10b = 4.924405e-01
Reset re-loads circuit * tb_pnp_mismatch.spice -- sky130 substrate-pnp local-mismatch monte carlo

Circuit: * tb_pnp_mismatch.spice -- sky130 substrate-pnp local-mismatch monte carlo

option SCALE: Scale is set to 1e-06 for instance and model parameters
option SCALE: Scale is set to 1e-06 for instance and model parameters
option SCALE: Scale is set to 1e-06 for instance and model parameters
option SCALE: Scale is set to 1e-06 for instance and model parameters
Doing analysis at TEMP = 125.000000 and TNOM = 27.000000

Using KLU as Direct Linear Solver

No. of Data Rows : 1
da1 = -2.77593e-04
da10 = -2.96058e-05
dr1 = 7.230738e-02
dr10 = 7.314459e-02
vr1a = 4.846289e-01
vr1b = 4.123215e-01
vr10a = 5.655460e-01
vr10b = 4.924014e-01
Reset re-loads circuit * tb_pnp_mismatch.spice -- sky130 substrate-pnp local-mismatch monte carlo

Circuit: * tb_pnp_mismatch.spice -- sky130 substrate-pnp local-mismatch monte carlo

option SCALE: Scale is set to 1e-06 for instance and model parameters
option SCALE: Scale is set to 1e-06 for instance and model parameters
option SCALE: Scale is set to 1e-06 for instance and model parameters
option SCALE: Scale is set to 1e-06 for instance and model parameters
Doing analysis at TEMP = 125.000000 and TNOM = 27.000000

Using KLU as Direct Linear Solver

No. of Data Rows : 1
da1 = 2.353454e-04
da10 = 2.105867e-04
dr1 = 7.213253e-02
dr10 = 7.285817e-02
vr1a = 4.845058e-01
vr1b = 4.123733e-01
vr10a = 5.652837e-01
vr10b = 4.924255e-01
Reset re-loads circuit * tb_pnp_mismatch.spice -- sky130 substrate-pnp local-mismatch monte carlo

Circuit: * tb_pnp_mismatch.spice -- sky130 substrate-pnp local-mismatch monte carlo

option SCALE: Scale is set to 1e-06 for instance and model parameters
option SCALE: Scale is set to 1e-06 for instance and model parameters
option SCALE: Scale is set to 1e-06 for instance and model parameters
option SCALE: Scale is set to 1e-06 for instance and model parameters
Doing analysis at TEMP = 125.000000 and TNOM = 27.000000

Using KLU as Direct Linear Solver

No. of Data Rows : 1
da1 = 3.996915e-05
da10 = -1.94708e-04
dr1 = 7.221376e-02
dr10 = 7.296301e-02
vr1a = 4.845560e-01
vr1b = 4.123423e-01
vr10a = 5.653707e-01
vr10b = 4.924077e-01
Reset re-loads circuit * tb_pnp_mismatch.spice -- sky130 substrate-pnp local-mismatch monte carlo

Circuit: * tb_pnp_mismatch.spice -- sky130 substrate-pnp local-mismatch monte carlo

option SCALE: Scale is set to 1e-06 for instance and model parameters
option SCALE: Scale is set to 1e-06 for instance and model parameters
option SCALE: Scale is set to 1e-06 for instance and model parameters
option SCALE: Scale is set to 1e-06 for instance and model parameters
Doing analysis at TEMP = 125.000000 and TNOM = 27.000000

Using KLU as Direct Linear Solver

No. of Data Rows : 1
da1 = 9.896470e-05
da10 = -1.54473e-04
dr1 = 7.215559e-02
dr10 = 7.319569e-02
vr1a = 4.844547e-01
vr1b = 4.122991e-01
vr10a = 5.654878e-01
vr10b = 4.922921e-01
Reset re-loads circuit * tb_pnp_mismatch.spice -- sky130 substrate-pnp local-mismatch monte carlo

Circuit: * tb_pnp_mismatch.spice -- sky130 substrate-pnp local-mismatch monte carlo

option SCALE: Scale is set to 1e-06 for instance and model parameters
option SCALE: Scale is set to 1e-06 for instance and model parameters
option SCALE: Scale is set to 1e-06 for instance and model parameters
option SCALE: Scale is set to 1e-06 for instance and model parameters
Doing analysis at TEMP = 125.000000 and TNOM = 27.000000

Using KLU as Direct Linear Solver

No. of Data Rows : 1
da1 = 2.149133e-04
da10 = 6.692749e-05
dr1 = 7.214917e-02
dr10 = 7.310121e-02
vr1a = 4.845534e-01
vr1b = 4.124042e-01
vr10a = 5.655294e-01
vr10b = 4.924282e-01
Reset re-loads circuit * tb_pnp_mismatch.spice -- sky130 substrate-pnp local-mismatch monte carlo

Circuit: * tb_pnp_mismatch.spice -- sky130 substrate-pnp local-mismatch monte carlo

option SCALE: Scale is set to 1e-06 for instance and model parameters
option SCALE: Scale is set to 1e-06 for instance and model parameters
option SCALE: Scale is set to 1e-06 for instance and model parameters
option SCALE: Scale is set to 1e-06 for instance and model parameters
Doing analysis at TEMP = 125.000000 and TNOM = 27.000000

Using KLU as Direct Linear Solver

No. of Data Rows : 1
da1 = -7.65783e-05
da10 = -4.91009e-06
dr1 = 7.234723e-02
dr10 = 7.325306e-02
vr1a = 4.846600e-01
vr1b = 4.123128e-01
vr10a = 5.656185e-01
vr10b = 4.923654e-01
Reset re-loads circuit * tb_pnp_mismatch.spice -- sky130 substrate-pnp local-mismatch monte carlo

Circuit: * tb_pnp_mismatch.spice -- sky130 substrate-pnp local-mismatch monte carlo

option SCALE: Scale is set to 1e-06 for instance and model parameters
option SCALE: Scale is set to 1e-06 for instance and model parameters
option SCALE: Scale is set to 1e-06 for instance and model parameters
option SCALE: Scale is set to 1e-06 for instance and model parameters
Doing analysis at TEMP = 125.000000 and TNOM = 27.000000

Using KLU as Direct Linear Solver

No. of Data Rows : 1
da1 = 1.511843e-04
da10 = -2.71375e-04
dr1 = 7.216823e-02
dr10 = 7.300597e-02
vr1a = 4.844985e-01
vr1b = 4.123302e-01
vr10a = 5.654654e-01
vr10b = 4.924595e-01
Reset re-loads circuit * tb_pnp_mismatch.spice -- sky130 substrate-pnp local-mismatch monte carlo

Circuit: * tb_pnp_mismatch.spice -- sky130 substrate-pnp local-mismatch monte carlo

option SCALE: Scale is set to 1e-06 for instance and model parameters
option SCALE: Scale is set to 1e-06 for instance and model parameters
option SCALE: Scale is set to 1e-06 for instance and model parameters
option SCALE: Scale is set to 1e-06 for instance and model parameters
Doing analysis at TEMP = 125.000000 and TNOM = 27.000000

Using KLU as Direct Linear Solver
 Reference value :  0.00000e+00
No. of Data Rows : 1
da1 = -6.00954e-05
da10 = -5.37885e-05
dr1 = 7.231767e-02
dr10 = 7.305878e-02
vr1a = 4.846413e-01
vr1b = 4.123236e-01
vr10a = 5.654483e-01
vr10b = 4.923895e-01
Reset re-loads circuit * tb_pnp_mismatch.spice -- sky130 substrate-pnp local-mismatch monte carlo

Circuit: * tb_pnp_mismatch.spice -- sky130 substrate-pnp local-mismatch monte carlo

option SCALE: Scale is set to 1e-06 for instance and model parameters
option SCALE: Scale is set to 1e-06 for instance and model parameters
option SCALE: Scale is set to 1e-06 for instance and model parameters
option SCALE: Scale is set to 1e-06 for instance and model parameters
Doing analysis at TEMP = 125.000000 and TNOM = 27.000000

Using KLU as Direct Linear Solver

No. of Data Rows : 1
da1 = -1.79593e-05
da10 = -3.13041e-04
dr1 = 7.233720e-02
dr10 = 7.327425e-02
vr1a = 4.846296e-01
vr1b = 4.122924e-01
vr10a = 5.655586e-01
vr10b = 4.922844e-01
Reset re-loads circuit * tb_pnp_mismatch.spice -- sky130 substrate-pnp local-mismatch monte carlo

Circuit: * tb_pnp_mismatch.spice -- sky130 substrate-pnp local-mismatch monte carlo

option SCALE: Scale is set to 1e-06 for instance and model parameters
option SCALE: Scale is set to 1e-06 for instance and model parameters
option SCALE: Scale is set to 1e-06 for instance and model parameters
option SCALE: Scale is set to 1e-06 for instance and model parameters
Doing analysis at TEMP = 125.000000 and TNOM = 27.000000

Using KLU as Direct Linear Solver

No. of Data Rows : 1
da1 = 2.616580e-04
da10 = 1.795997e-04
dr1 = 7.201978e-02
dr10 = 7.331691e-02
vr1a = 4.844402e-01
vr1b = 4.124204e-01
vr10a = 5.658188e-01
vr10b = 4.925019e-01
Reset re-loads circuit * tb_pnp_mismatch.spice -- sky130 substrate-pnp local-mismatch monte carlo

Circuit: * tb_pnp_mismatch.spice -- sky130 substrate-pnp local-mismatch monte carlo

option SCALE: Scale is set to 1e-06 for instance and model parameters
option SCALE: Scale is set to 1e-06 for instance and model parameters
option SCALE: Scale is set to 1e-06 for instance and model parameters
option SCALE: Scale is set to 1e-06 for instance and model parameters
Doing analysis at TEMP = 125.000000 and TNOM = 27.000000

Using KLU as Direct Linear Solver

No. of Data Rows : 1
da1 = 1.740507e-04
da10 = -8.01950e-05
dr1 = 7.228232e-02
dr10 = 7.294640e-02
vr1a = 4.845600e-01
vr1b = 4.122777e-01
vr10a = 5.652813e-01
vr10b = 4.923349e-01
Reset re-loads circuit * tb_pnp_mismatch.spice -- sky130 substrate-pnp local-mismatch monte carlo

Circuit: * tb_pnp_mismatch.spice -- sky130 substrate-pnp local-mismatch monte carlo

option SCALE: Scale is set to 1e-06 for instance and model parameters
option SCALE: Scale is set to 1e-06 for instance and model parameters
option SCALE: Scale is set to 1e-06 for instance and model parameters
option SCALE: Scale is set to 1e-06 for instance and model parameters
Doing analysis at TEMP = 125.000000 and TNOM = 27.000000

Using KLU as Direct Linear Solver

No. of Data Rows : 1
da1 = -1.89593e-06
da10 = 1.333261e-04
dr1 = 7.226616e-02
dr10 = 7.300316e-02
vr1a = 4.846231e-01
vr1b = 4.123570e-01
vr10a = 5.653874e-01
vr10b = 4.923843e-01
Reset re-loads circuit * tb_pnp_mismatch.spice -- sky130 substrate-pnp local-mismatch monte carlo

Circuit: * tb_pnp_mismatch.spice -- sky130 substrate-pnp local-mismatch monte carlo

option SCALE: Scale is set to 1e-06 for instance and model parameters
option SCALE: Scale is set to 1e-06 for instance and model parameters
option SCALE: Scale is set to 1e-06 for instance and model parameters
option SCALE: Scale is set to 1e-06 for instance and model parameters
Doing analysis at TEMP = 125.000000 and TNOM = 27.000000

Using KLU as Direct Linear Solver

No. of Data Rows : 1
da1 = -1.72766e-04
da10 = 2.249655e-04
dr1 = 7.236135e-02
dr10 = 7.298285e-02
vr1a = 4.847244e-01
vr1b = 4.123631e-01
vr10a = 5.653339e-01
vr10b = 4.923511e-01
Reset re-loads circuit * tb_pnp_mismatch.spice -- sky130 substrate-pnp local-mismatch monte carlo

Circuit: * tb_pnp_mismatch.spice -- sky130 substrate-pnp local-mismatch monte carlo

option SCALE: Scale is set to 1e-06 for instance and model parameters
option SCALE: Scale is set to 1e-06 for instance and model parameters
option SCALE: Scale is set to 1e-06 for instance and model parameters
option SCALE: Scale is set to 1e-06 for instance and model parameters
Doing analysis at TEMP = 125.000000 and TNOM = 27.000000

Using KLU as Direct Linear Solver

No. of Data Rows : 1
da1 = 2.153139e-04
da10 = 2.807144e-04
dr1 = 7.267997e-02
dr10 = 7.310275e-02
vr1a = 4.849735e-01
vr1b = 4.122936e-01
vr10a = 5.654478e-01
vr10b = 4.923450e-01
Reset re-loads circuit * tb_pnp_mismatch.spice -- sky130 substrate-pnp local-mismatch monte carlo

Circuit: * tb_pnp_mismatch.spice -- sky130 substrate-pnp local-mismatch monte carlo

option SCALE: Scale is set to 1e-06 for instance and model parameters
option SCALE: Scale is set to 1e-06 for instance and model parameters
option SCALE: Scale is set to 1e-06 for instance and model parameters
option SCALE: Scale is set to 1e-06 for instance and model parameters
Doing analysis at TEMP = 125.000000 and TNOM = 27.000000

Using KLU as Direct Linear Solver

No. of Data Rows : 1
da1 = 2.089949e-04
da10 = -2.18334e-04
dr1 = 7.233026e-02
dr10 = 7.302462e-02
vr1a = 4.847098e-01
vr1b = 4.123795e-01
vr10a = 5.654341e-01
vr10b = 4.924095e-01
Reset re-loads circuit * tb_pnp_mismatch.spice -- sky130 substrate-pnp local-mismatch monte carlo

Circuit: * tb_pnp_mismatch.spice -- sky130 substrate-pnp local-mismatch monte carlo

option SCALE: Scale is set to 1e-06 for instance and model parameters
option SCALE: Scale is set to 1e-06 for instance and model parameters
option SCALE: Scale is set to 1e-06 for instance and model parameters
option SCALE: Scale is set to 1e-06 for instance and model parameters
Doing analysis at TEMP = 125.000000 and TNOM = 27.000000

Using KLU as Direct Linear Solver

No. of Data Rows : 1
da1 = -2.54320e-04
da10 = -5.78093e-05
dr1 = 7.232575e-02
dr10 = 7.294146e-02
vr1a = 4.845698e-01
vr1b = 4.122440e-01
vr10a = 5.653779e-01
vr10b = 4.924364e-01
Reset re-loads circuit * tb_pnp_mismatch.spice -- sky130 substrate-pnp local-mismatch monte carlo

Circuit: * tb_pnp_mismatch.spice -- sky130 substrate-pnp local-mismatch monte carlo

option SCALE: Scale is set to 1e-06 for instance and model parameters
option SCALE: Scale is set to 1e-06 for instance and model parameters
option SCALE: Scale is set to 1e-06 for instance and model parameters
option SCALE: Scale is set to 1e-06 for instance and model parameters
Doing analysis at TEMP = 125.000000 and TNOM = 27.000000

Using KLU as Direct Linear Solver

No. of Data Rows : 1
da1 = 4.980602e-06
da10 = 1.041977e-04
dr1 = 7.203668e-02
dr10 = 7.303801e-02
vr1a = 4.844525e-01
vr1b = 4.124159e-01
vr10a = 5.654230e-01
vr10b = 4.923850e-01
Reset re-loads circuit * tb_pnp_mismatch.spice -- sky130 substrate-pnp local-mismatch monte carlo

Circuit: * tb_pnp_mismatch.spice -- sky130 substrate-pnp local-mismatch monte carlo

option SCALE: Scale is set to 1e-06 for instance and model parameters
option SCALE: Scale is set to 1e-06 for instance and model parameters
option SCALE: Scale is set to 1e-06 for instance and model parameters
option SCALE: Scale is set to 1e-06 for instance and model parameters
Doing analysis at TEMP = 125.000000 and TNOM = 27.000000

Using KLU as Direct Linear Solver

No. of Data Rows : 1
da1 = 2.535089e-04
da10 = -2.40014e-06
dr1 = 7.238144e-02
dr10 = 7.315595e-02
vr1a = 4.846894e-01
vr1b = 4.123080e-01
vr10a = 5.655759e-01
vr10b = 4.924199e-01
Reset re-loads circuit * tb_pnp_mismatch.spice -- sky130 substrate-pnp local-mismatch monte carlo

Circuit: * tb_pnp_mismatch.spice -- sky130 substrate-pnp local-mismatch monte carlo

option SCALE: Scale is set to 1e-06 for instance and model parameters
option SCALE: Scale is set to 1e-06 for instance and model parameters
option SCALE: Scale is set to 1e-06 for instance and model parameters
option SCALE: Scale is set to 1e-06 for instance and model parameters
Doing analysis at TEMP = 125.000000 and TNOM = 27.000000

Using KLU as Direct Linear Solver

No. of Data Rows : 1
da1 = 3.226050e-05
da10 = -1.86535e-04
dr1 = 7.240309e-02
dr10 = 7.304120e-02
vr1a = 4.847617e-01
vr1b = 4.123587e-01
vr10a = 5.653713e-01
vr10b = 4.923301e-01
Reset re-loads circuit * tb_pnp_mismatch.spice -- sky130 substrate-pnp local-mismatch monte carlo

Circuit: * tb_pnp_mismatch.spice -- sky130 substrate-pnp local-mismatch monte carlo

option SCALE: Scale is set to 1e-06 for instance and model parameters
option SCALE: Scale is set to 1e-06 for instance and model parameters
option SCALE: Scale is set to 1e-06 for instance and model parameters
option SCALE: Scale is set to 1e-06 for instance and model parameters
Doing analysis at TEMP = 125.000000 and TNOM = 27.000000

Using KLU as Direct Linear Solver

No. of Data Rows : 1
da1 = 1.726853e-04
da10 = 1.019097e-04
dr1 = 7.234843e-02
dr10 = 7.296507e-02
vr1a = 4.846496e-01
vr1b = 4.123012e-01
vr10a = 5.653137e-01
vr10b = 4.923486e-01
Reset re-loads circuit * tb_pnp_mismatch.spice -- sky130 substrate-pnp local-mismatch monte carlo

Circuit: * tb_pnp_mismatch.spice -- sky130 substrate-pnp local-mismatch monte carlo

option SCALE: Scale is set to 1e-06 for instance and model parameters
option SCALE: Scale is set to 1e-06 for instance and model parameters
option SCALE: Scale is set to 1e-06 for instance and model parameters
option SCALE: Scale is set to 1e-06 for instance and model parameters
Doing analysis at TEMP = 125.000000 and TNOM = 27.000000

Using KLU as Direct Linear Solver

No. of Data Rows : 1
da1 = -4.04127e-05
da10 = 9.341981e-07
dr1 = 7.256011e-02
dr10 = 7.276414e-02
vr1a = 4.848661e-01
vr1b = 4.123060e-01
vr10a = 5.651591e-01
vr10b = 4.923950e-01
Reset re-loads circuit * tb_pnp_mismatch.spice -- sky130 substrate-pnp local-mismatch monte carlo

Circuit: * tb_pnp_mismatch.spice -- sky130 substrate-pnp local-mismatch monte carlo

option SCALE: Scale is set to 1e-06 for instance and model parameters
option SCALE: Scale is set to 1e-06 for instance and model parameters
option SCALE: Scale is set to 1e-06 for instance and model parameters
option SCALE: Scale is set to 1e-06 for instance and model parameters
Doing analysis at TEMP = 125.000000 and TNOM = 27.000000

Using KLU as Direct Linear Solver

No. of Data Rows : 1
da1 = -1.71970e-04
da10 = 9.051366e-05
dr1 = 7.244098e-02
dr10 = 7.327599e-02
vr1a = 4.847080e-01
vr1b = 4.122670e-01
vr10a = 5.655959e-01
vr10b = 4.923199e-01
Reset re-loads circuit * tb_pnp_mismatch.spice -- sky130 substrate-pnp local-mismatch monte carlo

Circuit: * tb_pnp_mismatch.spice -- sky130 substrate-pnp local-mismatch monte carlo

option SCALE: Scale is set to 1e-06 for instance and model parameters
option SCALE: Scale is set to 1e-06 for instance and model parameters
option SCALE: Scale is set to 1e-06 for instance and model parameters
option SCALE: Scale is set to 1e-06 for instance and model parameters
Doing analysis at TEMP = 125.000000 and TNOM = 27.000000

Using KLU as Direct Linear Solver

No. of Data Rows : 1
da1 = 1.531272e-04
da10 = 9.254936e-05
dr1 = 7.255390e-02
dr10 = 7.305517e-02
vr1a = 4.847914e-01
vr1b = 4.122375e-01
vr10a = 5.654456e-01
vr10b = 4.923905e-01
Reset re-loads circuit * tb_pnp_mismatch.spice -- sky130 substrate-pnp local-mismatch monte carlo

Circuit: * tb_pnp_mismatch.spice -- sky130 substrate-pnp local-mismatch monte carlo

option SCALE: Scale is set to 1e-06 for instance and model parameters
option SCALE: Scale is set to 1e-06 for instance and model parameters
option SCALE: Scale is set to 1e-06 for instance and model parameters
option SCALE: Scale is set to 1e-06 for instance and model parameters
Doing analysis at TEMP = 125.000000 and TNOM = 27.000000

Using KLU as Direct Linear Solver

No. of Data Rows : 1
da1 = -1.12622e-04
da10 = -3.24674e-04
dr1 = 7.218208e-02
dr10 = 7.291320e-02
vr1a = 4.844821e-01
vr1b = 4.123001e-01
vr10a = 5.653717e-01
vr10b = 4.924585e-01
Reset re-loads circuit * tb_pnp_mismatch.spice -- sky130 substrate-pnp local-mismatch monte carlo

Circuit: * tb_pnp_mismatch.spice -- sky130 substrate-pnp local-mismatch monte carlo

option SCALE: Scale is set to 1e-06 for instance and model parameters
option SCALE: Scale is set to 1e-06 for instance and model parameters
option SCALE: Scale is set to 1e-06 for instance and model parameters
option SCALE: Scale is set to 1e-06 for instance and model parameters
Doing analysis at TEMP = 125.000000 and TNOM = 27.000000

Using KLU as Direct Linear Solver

No. of Data Rows : 1
da1 = -1.86923e-04
da10 = 2.489584e-04
dr1 = 7.217838e-02
dr10 = 7.301245e-02
vr1a = 4.845508e-01
vr1b = 4.123725e-01
vr10a = 5.654076e-01
vr10b = 4.923952e-01
Reset re-loads circuit * tb_pnp_mismatch.spice -- sky130 substrate-pnp local-mismatch monte carlo

Circuit: * tb_pnp_mismatch.spice -- sky130 substrate-pnp local-mismatch monte carlo

option SCALE: Scale is set to 1e-06 for instance and model parameters
option SCALE: Scale is set to 1e-06 for instance and model parameters
option SCALE: Scale is set to 1e-06 for instance and model parameters
option SCALE: Scale is set to 1e-06 for instance and model parameters
Doing analysis at TEMP = 125.000000 and TNOM = 27.000000

Using KLU as Direct Linear Solver

No. of Data Rows : 1
da1 = 9.895786e-05
da10 = 1.452108e-05
dr1 = 7.213311e-02
dr10 = 7.324992e-02
vr1a = 4.844671e-01
vr1b = 4.123340e-01
vr10a = 5.656595e-01
vr10b = 4.924096e-01
Reset re-loads circuit * tb_pnp_mismatch.spice -- sky130 substrate-pnp local-mismatch monte carlo

Circuit: * tb_pnp_mismatch.spice -- sky130 substrate-pnp local-mismatch monte carlo

option SCALE: Scale is set to 1e-06 for instance and model parameters
option SCALE: Scale is set to 1e-06 for instance and model parameters
option SCALE: Scale is set to 1e-06 for instance and model parameters
option SCALE: Scale is set to 1e-06 for instance and model parameters
Doing analysis at TEMP = 125.000000 and TNOM = 27.000000

Using KLU as Direct Linear Solver

No. of Data Rows : 1
da1 = -7.89948e-05
da10 = 1.293397e-04
dr1 = 7.224478e-02
dr10 = 7.300723e-02
vr1a = 4.845721e-01
vr1b = 4.123274e-01
vr10a = 5.654307e-01
vr10b = 4.924235e-01
Reset re-loads circuit * tb_pnp_mismatch.spice -- sky130 substrate-pnp local-mismatch monte carlo

Circuit: * tb_pnp_mismatch.spice -- sky130 substrate-pnp local-mismatch monte carlo

option SCALE: Scale is set to 1e-06 for instance and model parameters
option SCALE: Scale is set to 1e-06 for instance and model parameters
option SCALE: Scale is set to 1e-06 for instance and model parameters
option SCALE: Scale is set to 1e-06 for instance and model parameters
Doing analysis at TEMP = 125.000000 and TNOM = 27.000000

Using KLU as Direct Linear Solver

No. of Data Rows : 1
da1 = 8.889694e-05
da10 = 1.884594e-05
dr1 = 7.226958e-02
dr10 = 7.320087e-02
vr1a = 4.845854e-01
vr1b = 4.123158e-01
vr10a = 5.655250e-01
vr10b = 4.923242e-01
Reset re-loads circuit * tb_pnp_mismatch.spice -- sky130 substrate-pnp local-mismatch monte carlo

Circuit: * tb_pnp_mismatch.spice -- sky130 substrate-pnp local-mismatch monte carlo

option SCALE: Scale is set to 1e-06 for instance and model parameters
option SCALE: Scale is set to 1e-06 for instance and model parameters
option SCALE: Scale is set to 1e-06 for instance and model parameters
option SCALE: Scale is set to 1e-06 for instance and model parameters
Doing analysis at TEMP = 125.000000 and TNOM = 27.000000

Using KLU as Direct Linear Solver

No. of Data Rows : 1
da1 = 6.190543e-05
da10 = 6.185466e-05
dr1 = 7.248720e-02
dr10 = 7.337191e-02
vr1a = 4.847865e-01
vr1b = 4.122993e-01
vr10a = 5.656983e-01
vr10b = 4.923263e-01
Reset re-loads circuit * tb_pnp_mismatch.spice -- sky130 substrate-pnp local-mismatch monte carlo

Circuit: * tb_pnp_mismatch.spice -- sky130 substrate-pnp local-mismatch monte carlo

option SCALE: Scale is set to 1e-06 for instance and model parameters
option SCALE: Scale is set to 1e-06 for instance and model parameters
option SCALE: Scale is set to 1e-06 for instance and model parameters
option SCALE: Scale is set to 1e-06 for instance and model parameters
Doing analysis at TEMP = 125.000000 and TNOM = 27.000000

Using KLU as Direct Linear Solver

No. of Data Rows : 1
da1 = -2.65273e-04
da10 = 2.311503e-04
dr1 = 7.225061e-02
dr10 = 7.276216e-02
vr1a = 4.845486e-01
vr1b = 4.122980e-01
vr10a = 5.652664e-01
vr10b = 4.925043e-01
Reset re-loads circuit * tb_pnp_mismatch.spice -- sky130 substrate-pnp local-mismatch monte carlo

Circuit: * tb_pnp_mismatch.spice -- sky130 substrate-pnp local-mismatch monte carlo

option SCALE: Scale is set to 1e-06 for instance and model parameters
option SCALE: Scale is set to 1e-06 for instance and model parameters
option SCALE: Scale is set to 1e-06 for instance and model parameters
option SCALE: Scale is set to 1e-06 for instance and model parameters
Doing analysis at TEMP = 125.000000 and TNOM = 27.000000

Using KLU as Direct Linear Solver

No. of Data Rows : 1
da1 = 1.429901e-04
da10 = -1.96430e-04
dr1 = 7.223276e-02
dr10 = 7.300422e-02
vr1a = 4.845780e-01
vr1b = 4.123452e-01
vr10a = 5.653503e-01
vr10b = 4.923461e-01
Reset re-loads circuit * tb_pnp_mismatch.spice -- sky130 substrate-pnp local-mismatch monte carlo

Circuit: * tb_pnp_mismatch.spice -- sky130 substrate-pnp local-mismatch monte carlo

option SCALE: Scale is set to 1e-06 for instance and model parameters
option SCALE: Scale is set to 1e-06 for instance and model parameters
option SCALE: Scale is set to 1e-06 for instance and model parameters
option SCALE: Scale is set to 1e-06 for instance and model parameters
Doing analysis at TEMP = 125.000000 and TNOM = 27.000000

Using KLU as Direct Linear Solver

No. of Data Rows : 1
da1 = 2.792353e-07
da10 = 6.069412e-04
dr1 = 7.204131e-02
dr10 = 7.310310e-02
vr1a = 4.843639e-01
vr1b = 4.123226e-01
vr10a = 5.654048e-01
vr10b = 4.923017e-01
Reset re-loads circuit * tb_pnp_mismatch.spice -- sky130 substrate-pnp local-mismatch monte carlo

Circuit: * tb_pnp_mismatch.spice -- sky130 substrate-pnp local-mismatch monte carlo

option SCALE: Scale is set to 1e-06 for instance and model parameters
option SCALE: Scale is set to 1e-06 for instance and model parameters
option SCALE: Scale is set to 1e-06 for instance and model parameters
option SCALE: Scale is set to 1e-06 for instance and model parameters
Doing analysis at TEMP = 125.000000 and TNOM = 27.000000

Using KLU as Direct Linear Solver

No. of Data Rows : 1
da1 = -3.43260e-04
da10 = -1.82073e-04
dr1 = 7.214868e-02
dr10 = 7.294804e-02
vr1a = 4.844774e-01
vr1b = 4.123288e-01
vr10a = 5.654096e-01
vr10b = 4.924616e-01
Reset re-loads circuit * tb_pnp_mismatch.spice -- sky130 substrate-pnp local-mismatch monte carlo

Circuit: * tb_pnp_mismatch.spice -- sky130 substrate-pnp local-mismatch monte carlo

option SCALE: Scale is set to 1e-06 for instance and model parameters
option SCALE: Scale is set to 1e-06 for instance and model parameters
option SCALE: Scale is set to 1e-06 for instance and model parameters
option SCALE: Scale is set to 1e-06 for instance and model parameters
Doing analysis at TEMP = 125.000000 and TNOM = 27.000000

Using KLU as Direct Linear Solver

No. of Data Rows : 1
da1 = -9.92110e-05
da10 = -5.26337e-05
dr1 = 7.243646e-02
dr10 = 7.333866e-02
vr1a = 4.847848e-01
vr1b = 4.123483e-01
vr10a = 5.657006e-01
vr10b = 4.923619e-01
Reset re-loads circuit * tb_pnp_mismatch.spice -- sky130 substrate-pnp local-mismatch monte carlo

Circuit: * tb_pnp_mismatch.spice -- sky130 substrate-pnp local-mismatch monte carlo

option SCALE: Scale is set to 1e-06 for instance and model parameters
option SCALE: Scale is set to 1e-06 for instance and model parameters
option SCALE: Scale is set to 1e-06 for instance and model parameters
option SCALE: Scale is set to 1e-06 for instance and model parameters
Doing analysis at TEMP = 125.000000 and TNOM = 27.000000

Using KLU as Direct Linear Solver

No. of Data Rows : 1
da1 = 5.370842e-06
da10 = 1.787972e-04
dr1 = 7.229509e-02
dr10 = 7.304917e-02
vr1a = 4.846532e-01
vr1b = 4.123582e-01
vr10a = 5.654567e-01
vr10b = 4.924076e-01
ngspice-46 done
