# point: tt_mm_27c_nosupply_seed-b
# record: 20260825-220116-a9cac4b
# role: seed-check -- seed-stability: same point, different setseed -- the samples must change while sigma must not, i.e. the reported spread is a property of the model, not of one lucky draw
# section=tt_mm temp=27C supply=n/a seed=20260826 samples=300
# pdk: sky130A @ open_pdks c6d73a35f524070e85faff4a6a9eef49553ebc2b (/home/ubuntu/.volare/sky130A/libs.tech/combined/sky130.lib.spice)
# ngspice exit: 0
# run (UTC): 2026-08-25T22:01:16Z

# ==== .spiceinit (exact) ====
| * ngspice init settings for the sky130 PDK model libraries.
| *
| * The corner runner copies this file into its scratch run directory as
| * `.spiceinit` before invoking ngspice, so runs do not depend on whatever
| * happens to be in ~/.spiceinit. To drive ngspice by hand with the same
| * settings, copy this file to `.spiceinit` in your working directory.
| *
| * Derived from the PDK's own libs.tech/ngspice/spinit; kept in-repo so the
| * settings a record was produced under are versioned with the harness.
| 
| set ngbehavior=hsa     ; HSPICE-ish compatibility, required to read PDK libs
| set skywaterpdk        ; skip some checks for faster lib loading
| set ng_nomodcheck      ; do not check model parameters
| option noinit          ; do not dump operating point data into the log
| option klu             ; KLU direct linear solver
| 
| * Monte Carlo controls injected by sim/pnp-mismatch/run_pnp_mismatch.py
| set mc_seed=20260826
| set mc_runs=300

# ==== corner.spice (exact) ====
| * Generated per point by sim/pnp-mismatch/run_pnp_mismatch.py from the
| * resolved PDK -- scratch only, not committed.
| .lib "/home/ubuntu/.volare/sky130A/libs.tech/combined/sky130.lib.spice" tt_mm
| .temp 27

# ==== testbench deck (exact input given to ngspice) ====
| * tb_pnp_mismatch.spice -- sky130 substrate-PNP local-mismatch Monte Carlo
| * (issue #17: sim-harness port; adapted from sky130-bandgap's
| * sim/pnp-mismatch/, whose own testbench targets bandgap-core-specific
| * device sizes this repo's design does not use -- see the topology note
| * below).
| *
| * Confirms the ported harness's local-mismatch (MC_MM_SWITCH=1) AND global
| * process (MC_PR_SWITCH=1) Monte Carlo mechanisms both produce non-degenerate
| * samples against THIS repo's own PNP topology, per issue #17's own
| * acceptance criteria edge case. Deliberately NOT run through
| * sim/bin/corner-run.py: that runner drives one deterministic .op per PVT
| * point and has no notion of resampling a deck N times, which is exactly
| * what a distribution claim needs. Driven instead by
| * sim/pnp-mismatch/run_pnp_mismatch.py.
| *
| * ---------------------------------------------------------------------------
| * sky130 mismatch mechanism (verified against the pinned PDK, not assumed --
| * identical mechanism sky130-bandgap's own sim/pnp-mismatch/ already
| * confirmed working on this same PDK pin)
| * ---------------------------------------------------------------------------
| * In sky130A the per-instance mismatch terms live inside the device
| * subcircuits in libs.tech/combined/continuous/models_bjt.spice:
| *
| *   .subckt sky130_fd_pr__pnp_05v5_W3p40L3p40 c b e mult=1
| *   .param mm_bf = {sw_mm_..._bf * mismatch_factor * MC_MM_SWITCH
| *                   * AGAUSS(0,1.0,1)/sqrt(mult)}
| *          mm_is = {sw_mm_..._is * mismatch_factor * MC_MM_SWITCH
| *                   * AGAUSS(0,1.0,1)/sqrt(mult)}
| *   ... is = '<W0p68L0p68 Is expr> * 0.13 * (1+mm_is)'   (area-matching scale)
| *       bf = '<W0p68L0p68 Bf expr> * 0.45 * (1+mm_bf)'
| *
| * The gate is MC_MM_SWITCH (local/intra-die mismatch) and, independently,
| * MC_PR_SWITCH (global/inter-die process Monte Carlo) -- neither is settable
| * from the deck itself: every plain corner section of
| * libs.tech/combined/sky130.lib.spice sets both to 0, the `*_mm` sections set
| * MC_MM_SWITCH=1 (MC_PR_SWITCH stays 0), and the `mc` section sets
| * MC_PR_SWITCH=1 (MC_MM_SWITCH stays 0). The section name is therefore the
| * switch. This run script exercises BOTH: `tt_mm` for the local-mismatch
| * points, `mc` for the global-process point, `tt` for the control point
| * (which must return sigma == 0 exactly for both switches).
| *
| * AGAUSS() is evaluated per subcircuit *instance*, so separate instantiations
| * of the same subcircuit already draw independently -- no per-device
| * parameter plumbing needed. ngspice re-draws on `reset`, which is what makes
| * the control loop below a genuine Monte Carlo; `setseed` makes it
| * reproducible.
| *
| * ---------------------------------------------------------------------------
| * Topology -- THIS repo's own PNP usage, not a re-run of sky130-bandgap's
| * ---------------------------------------------------------------------------
| * Confirmed by grep across design/netlist/*.spice (issue #17 port time):
| * every PNP instance in this repo's design is
| * `sky130_fd_pr__pnp_05v5_W3p40L3p40` (the LARGE fixed emitter size) --
| * design/bias_core.md's own device-mapping table explains why: sky130 ships
| * only two fixed PNP emitter sizes and the small one (W0p68L0p68) is not used
| * anywhere in this design, so sky130-bandgap's own small/large area-ratioed
| * mismatch pair does not map onto this repo's actual circuit. What this
| * design DOES have, in both bias_core and temp_core
| * (design/netlist/bias_core.spice, design/netlist/temp_core.spice): a single
| * PNP (`XQ1`) diode-connected c=VSS b=VSS e=<node>, and an 8-way PARALLEL
| * array of identical PNPs (`XQ8A`..`XQ8H`, same connection convention, all
| * eight emitters tied to one shared node) built as eight separate X
| * instances -- not one instance with `mult=8` -- exactly as
| * design/bias_core.md documents ("mult only scales the mismatch terms, not
| * Is, the identical quirk gf180's pnp_10p00x10p00 has"). This IS the real
| * 8:1-ratio PTAT ΔVBE core the design's own topology depends on, so this
| * deck reproduces it directly rather than inventing a device-size ratio this
| * design does not have:
| *
| *   (a) "identical" pair: two single-unit W3p40L3p40 devices at equal
| *       emitter current -- the pair-offset any single-unit leg in this
| *       design sees (e.g. XQ1 vs one leg of the XQ8x array, or XQR).
| *   (b) "array1v8" pair: one single-unit device vs 8 PARALLEL units sharing
| *       one node, fed the SAME total branch current as the single unit (so
| *       each of the 8 legs carries 1/8th the single device's current
| *       density) -- the actual XQ1-vs-XQ8A..H topology, where a shared
| *       mirrored branch current is split 8 ways. This 8x current-density
| *       ratio is what generates the real VT*ln(8) PTAT ΔVBE term the design
| *       depends on. The 8-parallel array's *combined* random Is deviation is
| *       the average of 8 independent per-instance draws, so its relative
| *       mismatch sigma is expected to land near 1/sqrt(8) of a single
| *       device's -- a real, falsifiable prediction of this exact topology
| *       (see run_pnp_mismatch.py's analytic_sigma()).
| *
| * Every DUT is diode-connected the way this design's PNPs actually are:
| * collector and base tied to VSS (=0 here), emitter driven by an ideal
| * current source, so VEB = v(emitter node). Subcircuit pin order is (c b e),
| * hence `X<name> 0 0 <emitter-node>`.
| *
| * Bias currents: 1 uA and 10 uA total branch current for both the identical
| * pair (per device) and the array1v8 pair (split 8 ways in the array leg) --
| * the same two rungs sky130-bandgap's own mismatch record used (its own
| * cross-reference: rungs of a 100 nA..100 uA half-decade characterization
| * ladder), kept here for cross-repo comparability. This repo's own
| * per-branch bias currents have not been characterized against sky130 models
| * yet (spec/porting-plan.md Sec4 item 2, not yet filed) -- these are
| * generic, round convenience points, not a claim about this design's actual
| * bias point.
| *
| * No supply rail exists in this deck: every DUT is referred to its own
| * emitter node and biased by an ideal current source, the same as
| * sky130-bandgap's own sim/pnp-mismatch/ (see that repo's tb_pnp_mismatch.spice
| * for the identical justification, which applies unchanged here).
| *
| * ---------------------------------------------------------------------------
| * Inputs supplied by the run script (this deck is not standalone)
| * ---------------------------------------------------------------------------
| *   corner.spice  -- generated: `.lib <sky130.lib.spice> <section>` + `.temp`
| *   $mc_seed      -- ngspice variable, set from the generated .spiceinit
| *   $mc_runs      -- ngspice variable, set from the generated .spiceinit
| * The defaults below apply only if the deck is driven by hand.
| 
| .include corner.spice
| 
| * ---- identical pair: W3p40L3p40 x2, 1 uA ----
| Ia1a 0 ea1a 1u
| XA1a 0 0 ea1a sky130_fd_pr__pnp_05v5_W3p40L3p40
| Ia1b 0 ea1b 1u
| XA1b 0 0 ea1b sky130_fd_pr__pnp_05v5_W3p40L3p40
| 
| * ---- identical pair: W3p40L3p40 x2, 10 uA ----
| Ia10a 0 ea10a 10u
| XA10a 0 0 ea10a sky130_fd_pr__pnp_05v5_W3p40L3p40
| Ia10b 0 ea10b 10u
| XA10b 0 0 ea10b sky130_fd_pr__pnp_05v5_W3p40L3p40
| 
| * ---- array1v8 pair: single vs 8-parallel W3p40L3p40, SAME total branch
| * current shared 8 ways (matching bias_core's/temp_core's real topology:
| * XQ1 carries the full branch current alone, XQ8A..H share the same total
| * current 8 ways -- an 8x lower per-device current density in the array,
| * which is what generates the real VT*ln(8) PTAT term. Scaling the array's
| * current source UP by 8x instead (equalizing per-device current density)
| * would cancel that ratio to ~0 -- exactly the kind of mistake
| * run_pnp_mismatch.py's own signal_vs_sigma check exists to catch, not
| * silently accept. ----
| Ir1a 0 er1a 1u
| XR1a 0 0 er1a sky130_fd_pr__pnp_05v5_W3p40L3p40
| Ir1b 0 er1b 1u
| XR1b0 0 0 er1b sky130_fd_pr__pnp_05v5_W3p40L3p40
| XR1b1 0 0 er1b sky130_fd_pr__pnp_05v5_W3p40L3p40
| XR1b2 0 0 er1b sky130_fd_pr__pnp_05v5_W3p40L3p40
| XR1b3 0 0 er1b sky130_fd_pr__pnp_05v5_W3p40L3p40
| XR1b4 0 0 er1b sky130_fd_pr__pnp_05v5_W3p40L3p40
| XR1b5 0 0 er1b sky130_fd_pr__pnp_05v5_W3p40L3p40
| XR1b6 0 0 er1b sky130_fd_pr__pnp_05v5_W3p40L3p40
| XR1b7 0 0 er1b sky130_fd_pr__pnp_05v5_W3p40L3p40
| 
| * ---- array1v8 pair: single vs 8-parallel W3p40L3p40, SAME total branch
| * current shared 8 ways (see the note above) ----
| Ir10a 0 er10a 10u
| XR10a 0 0 er10a sky130_fd_pr__pnp_05v5_W3p40L3p40
| Ir10b 0 er10b 10u
| XR10b0 0 0 er10b sky130_fd_pr__pnp_05v5_W3p40L3p40
| XR10b1 0 0 er10b sky130_fd_pr__pnp_05v5_W3p40L3p40
| XR10b2 0 0 er10b sky130_fd_pr__pnp_05v5_W3p40L3p40
| XR10b3 0 0 er10b sky130_fd_pr__pnp_05v5_W3p40L3p40
| XR10b4 0 0 er10b sky130_fd_pr__pnp_05v5_W3p40L3p40
| XR10b5 0 0 er10b sky130_fd_pr__pnp_05v5_W3p40L3p40
| XR10b6 0 0 er10b sky130_fd_pr__pnp_05v5_W3p40L3p40
| XR10b7 0 0 er10b sky130_fd_pr__pnp_05v5_W3p40L3p40
| 
| .control
| if $?mc_seed
|   setseed $mc_seed
| else
|   setseed 20260825
| end
| if $?mc_runs
|   let nruns = $mc_runs
| else
|   let nruns = 300
| end
| set width  = 512
| set height = 100000
| let run = 0
| dowhile run < nruns
|   reset
|   op
|   let da1   = v(ea1a)  - v(ea1b)
|   let da10  = v(ea10a) - v(ea10b)
|   let dr1   = v(er1a)  - v(er1b)
|   let dr10  = v(er10a) - v(er10b)
|   let vr1a  = v(er1a)
|   let vr1b  = v(er1b)
|   let vr10a = v(er10a)
|   let vr10b = v(er10b)
|   print da1 da10 dr1 dr10 vr1a vr1b vr10a vr10b
|   let run = run + 1
| end
| quit
| .endc
| 
| .end

# ==== ngspice stdout+stderr ====

Note: Compatibility modes selected: hs a


Circuit: * tb_pnp_mismatch.spice -- sky130 substrate-pnp local-mismatch monte carlo

option SCALE: Scale is set to 1e-06 for instance and model parameters
option SCALE: Scale is set to 1e-06 for instance and model parameters
option SCALE: Scale is set to 1e-06 for instance and model parameters
option SCALE: Scale is set to 1e-06 for instance and model parameters
Reset re-loads circuit * tb_pnp_mismatch.spice -- sky130 substrate-pnp local-mismatch monte carlo

Circuit: * tb_pnp_mismatch.spice -- sky130 substrate-pnp local-mismatch monte carlo

option SCALE: Scale is set to 1e-06 for instance and model parameters
option SCALE: Scale is set to 1e-06 for instance and model parameters
option SCALE: Scale is set to 1e-06 for instance and model parameters
option SCALE: Scale is set to 1e-06 for instance and model parameters
Doing analysis at TEMP = 27.000000 and TNOM = 27.000000

Using KLU as Direct Linear Solver
 Reference value :  0.00000e+00
No. of Data Rows : 1
da1 = -2.21050e-05
da10 = 6.226491e-05
dr1 = 5.446621e-02
dr10 = 5.488560e-02
vr1a = 6.796225e-01
vr1b = 6.251563e-01
vr10a = 7.403105e-01
vr10b = 6.854249e-01
Reset re-loads circuit * tb_pnp_mismatch.spice -- sky130 substrate-pnp local-mismatch monte carlo

Circuit: * tb_pnp_mismatch.spice -- sky130 substrate-pnp local-mismatch monte carlo

option SCALE: Scale is set to 1e-06 for instance and model parameters
option SCALE: Scale is set to 1e-06 for instance and model parameters
option SCALE: Scale is set to 1e-06 for instance and model parameters
option SCALE: Scale is set to 1e-06 for instance and model parameters
Doing analysis at TEMP = 27.000000 and TNOM = 27.000000

Using KLU as Direct Linear Solver

No. of Data Rows : 1
da1 = -7.26815e-05
da10 = -2.35976e-05
dr1 = 5.442842e-02
dr10 = 5.485898e-02
vr1a = 6.795899e-01
vr1b = 6.251615e-01
vr10a = 7.402788e-01
vr10b = 6.854198e-01
Reset re-loads circuit * tb_pnp_mismatch.spice -- sky130 substrate-pnp local-mismatch monte carlo

Circuit: * tb_pnp_mismatch.spice -- sky130 substrate-pnp local-mismatch monte carlo

option SCALE: Scale is set to 1e-06 for instance and model parameters
option SCALE: Scale is set to 1e-06 for instance and model parameters
option SCALE: Scale is set to 1e-06 for instance and model parameters
option SCALE: Scale is set to 1e-06 for instance and model parameters
Doing analysis at TEMP = 27.000000 and TNOM = 27.000000

Using KLU as Direct Linear Solver

No. of Data Rows : 1
da1 = 6.972015e-05
da10 = 4.505215e-05
dr1 = 5.441700e-02
dr10 = 5.481234e-02
vr1a = 6.795900e-01
vr1b = 6.251730e-01
vr10a = 7.402087e-01
vr10b = 6.853964e-01
Reset re-loads circuit * tb_pnp_mismatch.spice -- sky130 substrate-pnp local-mismatch monte carlo

Circuit: * tb_pnp_mismatch.spice -- sky130 substrate-pnp local-mismatch monte carlo

option SCALE: Scale is set to 1e-06 for instance and model parameters
option SCALE: Scale is set to 1e-06 for instance and model parameters
option SCALE: Scale is set to 1e-06 for instance and model parameters
option SCALE: Scale is set to 1e-06 for instance and model parameters
Doing analysis at TEMP = 27.000000 and TNOM = 27.000000

Using KLU as Direct Linear Solver

No. of Data Rows : 1
da1 = 1.536567e-04
da10 = 4.978423e-05
dr1 = 5.442820e-02
dr10 = 5.493895e-02
vr1a = 6.795559e-01
vr1b = 6.251277e-01
vr10a = 7.403709e-01
vr10b = 6.854319e-01
Reset re-loads circuit * tb_pnp_mismatch.spice -- sky130 substrate-pnp local-mismatch monte carlo

Circuit: * tb_pnp_mismatch.spice -- sky130 substrate-pnp local-mismatch monte carlo

option SCALE: Scale is set to 1e-06 for instance and model parameters
option SCALE: Scale is set to 1e-06 for instance and model parameters
option SCALE: Scale is set to 1e-06 for instance and model parameters
option SCALE: Scale is set to 1e-06 for instance and model parameters
Doing analysis at TEMP = 27.000000 and TNOM = 27.000000

Using KLU as Direct Linear Solver

No. of Data Rows : 1
da1 = -1.14013e-04
da10 = 1.445214e-04
dr1 = 5.444147e-02
dr10 = 5.483434e-02
vr1a = 6.796111e-01
vr1b = 6.251696e-01
vr10a = 7.402769e-01
vr10b = 6.854426e-01
Reset re-loads circuit * tb_pnp_mismatch.spice -- sky130 substrate-pnp local-mismatch monte carlo

Circuit: * tb_pnp_mismatch.spice -- sky130 substrate-pnp local-mismatch monte carlo

option SCALE: Scale is set to 1e-06 for instance and model parameters
option SCALE: Scale is set to 1e-06 for instance and model parameters
option SCALE: Scale is set to 1e-06 for instance and model parameters
option SCALE: Scale is set to 1e-06 for instance and model parameters
Doing analysis at TEMP = 27.000000 and TNOM = 27.000000

Using KLU as Direct Linear Solver

No. of Data Rows : 1
da1 = -6.95066e-06
da10 = 1.788831e-05
dr1 = 5.441372e-02
dr10 = 5.496185e-02
vr1a = 6.795532e-01
vr1b = 6.251395e-01
vr10a = 7.403427e-01
vr10b = 6.853809e-01
Reset re-loads circuit * tb_pnp_mismatch.spice -- sky130 substrate-pnp local-mismatch monte carlo

Circuit: * tb_pnp_mismatch.spice -- sky130 substrate-pnp local-mismatch monte carlo

option SCALE: Scale is set to 1e-06 for instance and model parameters
option SCALE: Scale is set to 1e-06 for instance and model parameters
option SCALE: Scale is set to 1e-06 for instance and model parameters
option SCALE: Scale is set to 1e-06 for instance and model parameters
Doing analysis at TEMP = 27.000000 and TNOM = 27.000000

Using KLU as Direct Linear Solver

No. of Data Rows : 1
da1 = 4.291931e-05
da10 = 3.322153e-05
dr1 = 5.444728e-02
dr10 = 5.486479e-02
vr1a = 6.795971e-01
vr1b = 6.251499e-01
vr10a = 7.403287e-01
vr10b = 6.854639e-01
Reset re-loads circuit * tb_pnp_mismatch.spice -- sky130 substrate-pnp local-mismatch monte carlo

Circuit: * tb_pnp_mismatch.spice -- sky130 substrate-pnp local-mismatch monte carlo

option SCALE: Scale is set to 1e-06 for instance and model parameters
option SCALE: Scale is set to 1e-06 for instance and model parameters
option SCALE: Scale is set to 1e-06 for instance and model parameters
option SCALE: Scale is set to 1e-06 for instance and model parameters
Doing analysis at TEMP = 27.000000 and TNOM = 27.000000

Using KLU as Direct Linear Solver

No. of Data Rows : 1
da1 = -7.31160e-05
da10 = -8.60562e-05
dr1 = 5.435237e-02
dr10 = 5.485178e-02
vr1a = 6.795023e-01
vr1b = 6.251499e-01
vr10a = 7.402835e-01
vr10b = 6.854318e-01
Reset re-loads circuit * tb_pnp_mismatch.spice -- sky130 substrate-pnp local-mismatch monte carlo

Circuit: * tb_pnp_mismatch.spice -- sky130 substrate-pnp local-mismatch monte carlo

option SCALE: Scale is set to 1e-06 for instance and model parameters
option SCALE: Scale is set to 1e-06 for instance and model parameters
option SCALE: Scale is set to 1e-06 for instance and model parameters
option SCALE: Scale is set to 1e-06 for instance and model parameters
Doing analysis at TEMP = 27.000000 and TNOM = 27.000000

Using KLU as Direct Linear Solver

No. of Data Rows : 1
da1 = -5.82921e-05
da10 = 1.504284e-04
dr1 = 5.447192e-02
dr10 = 5.480539e-02
vr1a = 6.795939e-01
vr1b = 6.251220e-01
vr10a = 7.402064e-01
vr10b = 6.854010e-01
Reset re-loads circuit * tb_pnp_mismatch.spice -- sky130 substrate-pnp local-mismatch monte carlo

Circuit: * tb_pnp_mismatch.spice -- sky130 substrate-pnp local-mismatch monte carlo

option SCALE: Scale is set to 1e-06 for instance and model parameters
option SCALE: Scale is set to 1e-06 for instance and model parameters
option SCALE: Scale is set to 1e-06 for instance and model parameters
option SCALE: Scale is set to 1e-06 for instance and model parameters
Doing analysis at TEMP = 27.000000 and TNOM = 27.000000

Using KLU as Direct Linear Solver

No. of Data Rows : 1
da1 = 9.395634e-05
da10 = 7.112902e-05
dr1 = 5.436961e-02
dr10 = 5.476172e-02
vr1a = 6.794952e-01
vr1b = 6.251256e-01
vr10a = 7.401885e-01
vr10b = 6.854268e-01
Reset re-loads circuit * tb_pnp_mismatch.spice -- sky130 substrate-pnp local-mismatch monte carlo

Circuit: * tb_pnp_mismatch.spice -- sky130 substrate-pnp local-mismatch monte carlo

option SCALE: Scale is set to 1e-06 for instance and model parameters
option SCALE: Scale is set to 1e-06 for instance and model parameters
option SCALE: Scale is set to 1e-06 for instance and model parameters
option SCALE: Scale is set to 1e-06 for instance and model parameters
Doing analysis at TEMP = 27.000000 and TNOM = 27.000000

Using KLU as Direct Linear Solver

No. of Data Rows : 1
da1 = -4.93585e-05
da10 = -1.07692e-04
dr1 = 5.437090e-02
dr10 = 5.475403e-02
vr1a = 6.795421e-01
vr1b = 6.251712e-01
vr10a = 7.401580e-01
vr10b = 6.854040e-01
Reset re-loads circuit * tb_pnp_mismatch.spice -- sky130 substrate-pnp local-mismatch monte carlo

Circuit: * tb_pnp_mismatch.spice -- sky130 substrate-pnp local-mismatch monte carlo

option SCALE: Scale is set to 1e-06 for instance and model parameters
option SCALE: Scale is set to 1e-06 for instance and model parameters
option SCALE: Scale is set to 1e-06 for instance and model parameters
option SCALE: Scale is set to 1e-06 for instance and model parameters
Doing analysis at TEMP = 27.000000 and TNOM = 27.000000

Using KLU as Direct Linear Solver

No. of Data Rows : 1
da1 = 8.246774e-05
da10 = -2.15951e-04
dr1 = 5.439262e-02
dr10 = 5.476426e-02
vr1a = 6.795450e-01
vr1b = 6.251523e-01
vr10a = 7.402178e-01
vr10b = 6.854536e-01
Reset re-loads circuit * tb_pnp_mismatch.spice -- sky130 substrate-pnp local-mismatch monte carlo

Circuit: * tb_pnp_mismatch.spice -- sky130 substrate-pnp local-mismatch monte carlo

option SCALE: Scale is set to 1e-06 for instance and model parameters
option SCALE: Scale is set to 1e-06 for instance and model parameters
option SCALE: Scale is set to 1e-06 for instance and model parameters
option SCALE: Scale is set to 1e-06 for instance and model parameters
Doing analysis at TEMP = 27.000000 and TNOM = 27.000000

Using KLU as Direct Linear Solver

No. of Data Rows : 1
da1 = 2.649008e-04
da10 = 1.613458e-04
dr1 = 5.438819e-02
dr10 = 5.466460e-02
vr1a = 6.795347e-01
vr1b = 6.251465e-01
vr10a = 7.400641e-01
vr10b = 6.853995e-01
Reset re-loads circuit * tb_pnp_mismatch.spice -- sky130 substrate-pnp local-mismatch monte carlo

Circuit: * tb_pnp_mismatch.spice -- sky130 substrate-pnp local-mismatch monte carlo

option SCALE: Scale is set to 1e-06 for instance and model parameters
option SCALE: Scale is set to 1e-06 for instance and model parameters
option SCALE: Scale is set to 1e-06 for instance and model parameters
option SCALE: Scale is set to 1e-06 for instance and model parameters
Doing analysis at TEMP = 27.000000 and TNOM = 27.000000

Using KLU as Direct Linear Solver

No. of Data Rows : 1
da1 = 1.963582e-05
da10 = -1.05970e-04
dr1 = 5.448808e-02
dr10 = 5.475357e-02
vr1a = 6.796516e-01
vr1b = 6.251636e-01
vr10a = 7.401780e-01
vr10b = 6.854245e-01
Reset re-loads circuit * tb_pnp_mismatch.spice -- sky130 substrate-pnp local-mismatch monte carlo

Circuit: * tb_pnp_mismatch.spice -- sky130 substrate-pnp local-mismatch monte carlo

option SCALE: Scale is set to 1e-06 for instance and model parameters
option SCALE: Scale is set to 1e-06 for instance and model parameters
option SCALE: Scale is set to 1e-06 for instance and model parameters
option SCALE: Scale is set to 1e-06 for instance and model parameters
Doing analysis at TEMP = 27.000000 and TNOM = 27.000000

Using KLU as Direct Linear Solver

No. of Data Rows : 1
da1 = 1.644321e-04
da10 = -1.82759e-05
dr1 = 5.445937e-02
dr10 = 5.492045e-02
vr1a = 6.795574e-01
vr1b = 6.250980e-01
vr10a = 7.403437e-01
vr10b = 6.854233e-01
Reset re-loads circuit * tb_pnp_mismatch.spice -- sky130 substrate-pnp local-mismatch monte carlo

Circuit: * tb_pnp_mismatch.spice -- sky130 substrate-pnp local-mismatch monte carlo

option SCALE: Scale is set to 1e-06 for instance and model parameters
option SCALE: Scale is set to 1e-06 for instance and model parameters
option SCALE: Scale is set to 1e-06 for instance and model parameters
option SCALE: Scale is set to 1e-06 for instance and model parameters
Doing analysis at TEMP = 27.000000 and TNOM = 27.000000

Using KLU as Direct Linear Solver

No. of Data Rows : 1
da1 = -8.94497e-05
da10 = 1.264347e-04
dr1 = 5.436722e-02
dr10 = 5.490141e-02
vr1a = 6.794933e-01
vr1b = 6.251261e-01
vr10a = 7.403128e-01
vr10b = 6.854114e-01
Reset re-loads circuit * tb_pnp_mismatch.spice -- sky130 substrate-pnp local-mismatch monte carlo

Circuit: * tb_pnp_mismatch.spice -- sky130 substrate-pnp local-mismatch monte carlo

option SCALE: Scale is set to 1e-06 for instance and model parameters
option SCALE: Scale is set to 1e-06 for instance and model parameters
option SCALE: Scale is set to 1e-06 for instance and model parameters
option SCALE: Scale is set to 1e-06 for instance and model parameters
Doing analysis at TEMP = 27.000000 and TNOM = 27.000000

Using KLU as Direct Linear Solver

No. of Data Rows : 1
da1 = 1.167227e-05
da10 = 9.275583e-05
dr1 = 5.439322e-02
dr10 = 5.484281e-02
vr1a = 6.795390e-01
vr1b = 6.251458e-01
vr10a = 7.402545e-01
vr10b = 6.854117e-01
Reset re-loads circuit * tb_pnp_mismatch.spice -- sky130 substrate-pnp local-mismatch monte carlo

Circuit: * tb_pnp_mismatch.spice -- sky130 substrate-pnp local-mismatch monte carlo

option SCALE: Scale is set to 1e-06 for instance and model parameters
option SCALE: Scale is set to 1e-06 for instance and model parameters
option SCALE: Scale is set to 1e-06 for instance and model parameters
option SCALE: Scale is set to 1e-06 for instance and model parameters
Doing analysis at TEMP = 27.000000 and TNOM = 27.000000

Using KLU as Direct Linear Solver

No. of Data Rows : 1
da1 = -1.22525e-04
da10 = -4.81668e-05
dr1 = 5.434681e-02
dr10 = 5.481397e-02
vr1a = 6.795310e-01
vr1b = 6.251841e-01
vr10a = 7.402036e-01
vr10b = 6.853896e-01
Reset re-loads circuit * tb_pnp_mismatch.spice -- sky130 substrate-pnp local-mismatch monte carlo

Circuit: * tb_pnp_mismatch.spice -- sky130 substrate-pnp local-mismatch monte carlo

option SCALE: Scale is set to 1e-06 for instance and model parameters
option SCALE: Scale is set to 1e-06 for instance and model parameters
option SCALE: Scale is set to 1e-06 for instance and model parameters
option SCALE: Scale is set to 1e-06 for instance and model parameters
Doing analysis at TEMP = 27.000000 and TNOM = 27.000000

Using KLU as Direct Linear Solver

No. of Data Rows : 1
da1 = 8.279698e-06
da10 = 2.263407e-06
dr1 = 5.449846e-02
dr10 = 5.483457e-02
vr1a = 6.796563e-01
vr1b = 6.251578e-01
vr10a = 7.402208e-01
vr10b = 6.853862e-01
Reset re-loads circuit * tb_pnp_mismatch.spice -- sky130 substrate-pnp local-mismatch monte carlo

Circuit: * tb_pnp_mismatch.spice -- sky130 substrate-pnp local-mismatch monte carlo

option SCALE: Scale is set to 1e-06 for instance and model parameters
option SCALE: Scale is set to 1e-06 for instance and model parameters
option SCALE: Scale is set to 1e-06 for instance and model parameters
option SCALE: Scale is set to 1e-06 for instance and model parameters
Doing analysis at TEMP = 27.000000 and TNOM = 27.000000

Using KLU as Direct Linear Solver

No. of Data Rows : 1
da1 = -4.83229e-05
da10 = -2.03798e-04
dr1 = 5.434106e-02
dr10 = 5.495811e-02
vr1a = 6.795128e-01
vr1b = 6.251718e-01
vr10a = 7.403650e-01
vr10b = 6.854069e-01
Reset re-loads circuit * tb_pnp_mismatch.spice -- sky130 substrate-pnp local-mismatch monte carlo

Circuit: * tb_pnp_mismatch.spice -- sky130 substrate-pnp local-mismatch monte carlo

option SCALE: Scale is set to 1e-06 for instance and model parameters
option SCALE: Scale is set to 1e-06 for instance and model parameters
option SCALE: Scale is set to 1e-06 for instance and model parameters
option SCALE: Scale is set to 1e-06 for instance and model parameters
Doing analysis at TEMP = 27.000000 and TNOM = 27.000000

Using KLU as Direct Linear Solver

No. of Data Rows : 1
da1 = -1.26033e-05
da10 = -2.25505e-07
dr1 = 5.441004e-02
dr10 = 5.497517e-02
vr1a = 6.795741e-01
vr1b = 6.251641e-01
vr10a = 7.403480e-01
vr10b = 6.853728e-01
Reset re-loads circuit * tb_pnp_mismatch.spice -- sky130 substrate-pnp local-mismatch monte carlo

Circuit: * tb_pnp_mismatch.spice -- sky130 substrate-pnp local-mismatch monte carlo

option SCALE: Scale is set to 1e-06 for instance and model parameters
option SCALE: Scale is set to 1e-06 for instance and model parameters
option SCALE: Scale is set to 1e-06 for instance and model parameters
option SCALE: Scale is set to 1e-06 for instance and model parameters
Doing analysis at TEMP = 27.000000 and TNOM = 27.000000

Using KLU as Direct Linear Solver

No. of Data Rows : 1
da1 = 6.268797e-05
da10 = 3.159909e-05
dr1 = 5.442722e-02
dr10 = 5.480100e-02
vr1a = 6.795847e-01
vr1b = 6.251575e-01
vr10a = 7.402570e-01
vr10b = 6.854560e-01
Reset re-loads circuit * tb_pnp_mismatch.spice -- sky130 substrate-pnp local-mismatch monte carlo

Circuit: * tb_pnp_mismatch.spice -- sky130 substrate-pnp local-mismatch monte carlo

option SCALE: Scale is set to 1e-06 for instance and model parameters
option SCALE: Scale is set to 1e-06 for instance and model parameters
option SCALE: Scale is set to 1e-06 for instance and model parameters
option SCALE: Scale is set to 1e-06 for instance and model parameters
Doing analysis at TEMP = 27.000000 and TNOM = 27.000000

Using KLU as Direct Linear Solver

No. of Data Rows : 1
da1 = 2.319006e-04
da10 = -9.42605e-05
dr1 = 5.440471e-02
dr10 = 5.485146e-02
vr1a = 6.795273e-01
vr1b = 6.251226e-01
vr10a = 7.402900e-01
vr10b = 6.854385e-01
Reset re-loads circuit * tb_pnp_mismatch.spice -- sky130 substrate-pnp local-mismatch monte carlo

Circuit: * tb_pnp_mismatch.spice -- sky130 substrate-pnp local-mismatch monte carlo

option SCALE: Scale is set to 1e-06 for instance and model parameters
option SCALE: Scale is set to 1e-06 for instance and model parameters
option SCALE: Scale is set to 1e-06 for instance and model parameters
option SCALE: Scale is set to 1e-06 for instance and model parameters
Doing analysis at TEMP = 27.000000 and TNOM = 27.000000

Using KLU as Direct Linear Solver

No. of Data Rows : 1
da1 = -8.46401e-05
da10 = 1.031391e-04
dr1 = 5.429042e-02
dr10 = 5.490342e-02
vr1a = 6.794756e-01
vr1b = 6.251852e-01
vr10a = 7.402924e-01
vr10b = 6.853890e-01
Reset re-loads circuit * tb_pnp_mismatch.spice -- sky130 substrate-pnp local-mismatch monte carlo

Circuit: * tb_pnp_mismatch.spice -- sky130 substrate-pnp local-mismatch monte carlo

option SCALE: Scale is set to 1e-06 for instance and model parameters
option SCALE: Scale is set to 1e-06 for instance and model parameters
option SCALE: Scale is set to 1e-06 for instance and model parameters
option SCALE: Scale is set to 1e-06 for instance and model parameters
Doing analysis at TEMP = 27.000000 and TNOM = 27.000000

Using KLU as Direct Linear Solver

No. of Data Rows : 1
da1 = 6.926718e-06
da10 = -1.08559e-04
dr1 = 5.452797e-02
dr10 = 5.488362e-02
vr1a = 6.796593e-01
vr1b = 6.251314e-01
vr10a = 7.403065e-01
vr10b = 6.854229e-01
Reset re-loads circuit * tb_pnp_mismatch.spice -- sky130 substrate-pnp local-mismatch monte carlo

Circuit: * tb_pnp_mismatch.spice -- sky130 substrate-pnp local-mismatch monte carlo

option SCALE: Scale is set to 1e-06 for instance and model parameters
option SCALE: Scale is set to 1e-06 for instance and model parameters
option SCALE: Scale is set to 1e-06 for instance and model parameters
option SCALE: Scale is set to 1e-06 for instance and model parameters
Doing analysis at TEMP = 27.000000 and TNOM = 27.000000

Using KLU as Direct Linear Solver

No. of Data Rows : 1
da1 = 7.954023e-05
da10 = -1.28867e-04
dr1 = 5.450844e-02
dr10 = 5.489755e-02
vr1a = 6.796378e-01
vr1b = 6.251294e-01
vr10a = 7.402994e-01
vr10b = 6.854019e-01
Reset re-loads circuit * tb_pnp_mismatch.spice -- sky130 substrate-pnp local-mismatch monte carlo

Circuit: * tb_pnp_mismatch.spice -- sky130 substrate-pnp local-mismatch monte carlo

option SCALE: Scale is set to 1e-06 for instance and model parameters
option SCALE: Scale is set to 1e-06 for instance and model parameters
option SCALE: Scale is set to 1e-06 for instance and model parameters
option SCALE: Scale is set to 1e-06 for instance and model parameters
Doing analysis at TEMP = 27.000000 and TNOM = 27.000000

Using KLU as Direct Linear Solver

No. of Data Rows : 1
da1 = 4.370875e-05
da10 = 3.486279e-05
dr1 = 5.442792e-02
dr10 = 5.494642e-02
vr1a = 6.795709e-01
vr1b = 6.251430e-01
vr10a = 7.403706e-01
vr10b = 6.854242e-01
Reset re-loads circuit * tb_pnp_mismatch.spice -- sky130 substrate-pnp local-mismatch monte carlo

Circuit: * tb_pnp_mismatch.spice -- sky130 substrate-pnp local-mismatch monte carlo

option SCALE: Scale is set to 1e-06 for instance and model parameters
option SCALE: Scale is set to 1e-06 for instance and model parameters
option SCALE: Scale is set to 1e-06 for instance and model parameters
option SCALE: Scale is set to 1e-06 for instance and model parameters
Doing analysis at TEMP = 27.000000 and TNOM = 27.000000

Using KLU as Direct Linear Solver

No. of Data Rows : 1
da1 = 4.985098e-05
da10 = -1.82400e-07
dr1 = 5.439390e-02
dr10 = 5.493111e-02
vr1a = 6.795633e-01
vr1b = 6.251694e-01
vr10a = 7.403506e-01
vr10b = 6.854195e-01
Reset re-loads circuit * tb_pnp_mismatch.spice -- sky130 substrate-pnp local-mismatch monte carlo

Circuit: * tb_pnp_mismatch.spice -- sky130 substrate-pnp local-mismatch monte carlo

option SCALE: Scale is set to 1e-06 for instance and model parameters
option SCALE: Scale is set to 1e-06 for instance and model parameters
option SCALE: Scale is set to 1e-06 for instance and model parameters
option SCALE: Scale is set to 1e-06 for instance and model parameters
Doing analysis at TEMP = 27.000000 and TNOM = 27.000000

Using KLU as Direct Linear Solver

No. of Data Rows : 1
da1 = -1.49231e-04
da10 = -1.77147e-04
dr1 = 5.433404e-02
dr10 = 5.476005e-02
vr1a = 6.794971e-01
vr1b = 6.251631e-01
vr10a = 7.401993e-01
vr10b = 6.854393e-01
Reset re-loads circuit * tb_pnp_mismatch.spice -- sky130 substrate-pnp local-mismatch monte carlo

Circuit: * tb_pnp_mismatch.spice -- sky130 substrate-pnp local-mismatch monte carlo

option SCALE: Scale is set to 1e-06 for instance and model parameters
option SCALE: Scale is set to 1e-06 for instance and model parameters
option SCALE: Scale is set to 1e-06 for instance and model parameters
option SCALE: Scale is set to 1e-06 for instance and model parameters
Doing analysis at TEMP = 27.000000 and TNOM = 27.000000

Using KLU as Direct Linear Solver

No. of Data Rows : 1
da1 = -8.45099e-05
da10 = 2.084974e-06
dr1 = 5.452276e-02
dr10 = 5.493449e-02
vr1a = 6.796689e-01
vr1b = 6.251462e-01
vr10a = 7.403859e-01
vr10b = 6.854514e-01
Reset re-loads circuit * tb_pnp_mismatch.spice -- sky130 substrate-pnp local-mismatch monte carlo

Circuit: * tb_pnp_mismatch.spice -- sky130 substrate-pnp local-mismatch monte carlo

option SCALE: Scale is set to 1e-06 for instance and model parameters
option SCALE: Scale is set to 1e-06 for instance and model parameters
option SCALE: Scale is set to 1e-06 for instance and model parameters
option SCALE: Scale is set to 1e-06 for instance and model parameters
Doing analysis at TEMP = 27.000000 and TNOM = 27.000000

Using KLU as Direct Linear Solver

No. of Data Rows : 1
da1 = -1.01293e-04
da10 = -1.42470e-04
dr1 = 5.446198e-02
dr10 = 5.487725e-02
vr1a = 6.796079e-01
vr1b = 6.251460e-01
vr10a = 7.402784e-01
vr10b = 6.854012e-01
Reset re-loads circuit * tb_pnp_mismatch.spice -- sky130 substrate-pnp local-mismatch monte carlo

Circuit: * tb_pnp_mismatch.spice -- sky130 substrate-pnp local-mismatch monte carlo

option SCALE: Scale is set to 1e-06 for instance and model parameters
option SCALE: Scale is set to 1e-06 for instance and model parameters
option SCALE: Scale is set to 1e-06 for instance and model parameters
option SCALE: Scale is set to 1e-06 for instance and model parameters
Doing analysis at TEMP = 27.000000 and TNOM = 27.000000

Using KLU as Direct Linear Solver

No. of Data Rows : 1
da1 = 6.411181e-05
da10 = -1.00757e-04
dr1 = 5.435522e-02
dr10 = 5.495084e-02
vr1a = 6.795186e-01
vr1b = 6.251634e-01
vr10a = 7.403343e-01
vr10b = 6.853835e-01
Reset re-loads circuit * tb_pnp_mismatch.spice -- sky130 substrate-pnp local-mismatch monte carlo

Circuit: * tb_pnp_mismatch.spice -- sky130 substrate-pnp local-mismatch monte carlo

option SCALE: Scale is set to 1e-06 for instance and model parameters
option SCALE: Scale is set to 1e-06 for instance and model parameters
option SCALE: Scale is set to 1e-06 for instance and model parameters
option SCALE: Scale is set to 1e-06 for instance and model parameters
Doing analysis at TEMP = 27.000000 and TNOM = 27.000000

Using KLU as Direct Linear Solver

No. of Data Rows : 1
da1 = -3.57100e-05
da10 = 1.548557e-04
dr1 = 5.436332e-02
dr10 = 5.477532e-02
vr1a = 6.795056e-01
vr1b = 6.251422e-01
vr10a = 7.402019e-01
vr10b = 6.854266e-01
Reset re-loads circuit * tb_pnp_mismatch.spice -- sky130 substrate-pnp local-mismatch monte carlo

Circuit: * tb_pnp_mismatch.spice -- sky130 substrate-pnp local-mismatch monte carlo

option SCALE: Scale is set to 1e-06 for instance and model parameters
option SCALE: Scale is set to 1e-06 for instance and model parameters
option SCALE: Scale is set to 1e-06 for instance and model parameters
option SCALE: Scale is set to 1e-06 for instance and model parameters
Doing analysis at TEMP = 27.000000 and TNOM = 27.000000

Using KLU as Direct Linear Solver

No. of Data Rows : 1
da1 = -5.47921e-05
da10 = -5.48120e-05
dr1 = 5.441052e-02
dr10 = 5.487369e-02
vr1a = 6.795696e-01
vr1b = 6.251590e-01
vr10a = 7.402853e-01
vr10b = 6.854117e-01
Reset re-loads circuit * tb_pnp_mismatch.spice -- sky130 substrate-pnp local-mismatch monte carlo

Circuit: * tb_pnp_mismatch.spice -- sky130 substrate-pnp local-mismatch monte carlo

option SCALE: Scale is set to 1e-06 for instance and model parameters
option SCALE: Scale is set to 1e-06 for instance and model parameters
option SCALE: Scale is set to 1e-06 for instance and model parameters
option SCALE: Scale is set to 1e-06 for instance and model parameters
Doing analysis at TEMP = 27.000000 and TNOM = 27.000000

Using KLU as Direct Linear Solver

No. of Data Rows : 1
da1 = -1.15326e-04
da10 = 2.571558e-04
dr1 = 5.430911e-02
dr10 = 5.476992e-02
vr1a = 6.794868e-01
vr1b = 6.251777e-01
vr10a = 7.401880e-01
vr10b = 6.854181e-01
Reset re-loads circuit * tb_pnp_mismatch.spice -- sky130 substrate-pnp local-mismatch monte carlo

Circuit: * tb_pnp_mismatch.spice -- sky130 substrate-pnp local-mismatch monte carlo

option SCALE: Scale is set to 1e-06 for instance and model parameters
option SCALE: Scale is set to 1e-06 for instance and model parameters
option SCALE: Scale is set to 1e-06 for instance and model parameters
option SCALE: Scale is set to 1e-06 for instance and model parameters
Doing analysis at TEMP = 27.000000 and TNOM = 27.000000

Using KLU as Direct Linear Solver

No. of Data Rows : 1
da1 = -1.18296e-04
da10 = 3.368423e-05
dr1 = 5.426950e-02
dr10 = 5.495021e-02
vr1a = 6.794167e-01
vr1b = 6.251472e-01
vr10a = 7.403312e-01
vr10b = 6.853810e-01
Reset re-loads circuit * tb_pnp_mismatch.spice -- sky130 substrate-pnp local-mismatch monte carlo

Circuit: * tb_pnp_mismatch.spice -- sky130 substrate-pnp local-mismatch monte carlo

option SCALE: Scale is set to 1e-06 for instance and model parameters
option SCALE: Scale is set to 1e-06 for instance and model parameters
option SCALE: Scale is set to 1e-06 for instance and model parameters
option SCALE: Scale is set to 1e-06 for instance and model parameters
Doing analysis at TEMP = 27.000000 and TNOM = 27.000000

Using KLU as Direct Linear Solver

No. of Data Rows : 1
da1 = 7.330195e-05
da10 = 1.454921e-05
dr1 = 5.453065e-02
dr10 = 5.470294e-02
vr1a = 6.796963e-01
vr1b = 6.251657e-01
vr10a = 7.401587e-01
vr10b = 6.854557e-01
Reset re-loads circuit * tb_pnp_mismatch.spice -- sky130 substrate-pnp local-mismatch monte carlo

Circuit: * tb_pnp_mismatch.spice -- sky130 substrate-pnp local-mismatch monte carlo

option SCALE: Scale is set to 1e-06 for instance and model parameters
option SCALE: Scale is set to 1e-06 for instance and model parameters
option SCALE: Scale is set to 1e-06 for instance and model parameters
option SCALE: Scale is set to 1e-06 for instance and model parameters
Doing analysis at TEMP = 27.000000 and TNOM = 27.000000

Using KLU as Direct Linear Solver

No. of Data Rows : 1
da1 = 1.212702e-05
da10 = 2.468923e-05
dr1 = 5.450701e-02
dr10 = 5.499728e-02
vr1a = 6.796462e-01
vr1b = 6.251392e-01
vr10a = 7.403904e-01
vr10b = 6.853931e-01
Reset re-loads circuit * tb_pnp_mismatch.spice -- sky130 substrate-pnp local-mismatch monte carlo

Circuit: * tb_pnp_mismatch.spice -- sky130 substrate-pnp local-mismatch monte carlo

option SCALE: Scale is set to 1e-06 for instance and model parameters
option SCALE: Scale is set to 1e-06 for instance and model parameters
option SCALE: Scale is set to 1e-06 for instance and model parameters
option SCALE: Scale is set to 1e-06 for instance and model parameters
Doing analysis at TEMP = 27.000000 and TNOM = 27.000000

Using KLU as Direct Linear Solver

No. of Data Rows : 1
da1 = -2.83405e-05
da10 = -6.68483e-05
dr1 = 5.439454e-02
dr10 = 5.498346e-02
vr1a = 6.795268e-01
vr1b = 6.251322e-01
vr10a = 7.403727e-01
vr10b = 6.853893e-01
Reset re-loads circuit * tb_pnp_mismatch.spice -- sky130 substrate-pnp local-mismatch monte carlo

Circuit: * tb_pnp_mismatch.spice -- sky130 substrate-pnp local-mismatch monte carlo

option SCALE: Scale is set to 1e-06 for instance and model parameters
option SCALE: Scale is set to 1e-06 for instance and model parameters
option SCALE: Scale is set to 1e-06 for instance and model parameters
option SCALE: Scale is set to 1e-06 for instance and model parameters
Doing analysis at TEMP = 27.000000 and TNOM = 27.000000

Using KLU as Direct Linear Solver

No. of Data Rows : 1
da1 = 9.699311e-05
da10 = -8.75033e-06
dr1 = 5.443400e-02
dr10 = 5.495107e-02
vr1a = 6.795731e-01
vr1b = 6.251391e-01
vr10a = 7.403916e-01
vr10b = 6.854405e-01
Reset re-loads circuit * tb_pnp_mismatch.spice -- sky130 substrate-pnp local-mismatch monte carlo

Circuit: * tb_pnp_mismatch.spice -- sky130 substrate-pnp local-mismatch monte carlo

option SCALE: Scale is set to 1e-06 for instance and model parameters
option SCALE: Scale is set to 1e-06 for instance and model parameters
option SCALE: Scale is set to 1e-06 for instance and model parameters
option SCALE: Scale is set to 1e-06 for instance and model parameters
Doing analysis at TEMP = 27.000000 and TNOM = 27.000000

Using KLU as Direct Linear Solver

No. of Data Rows : 1
da1 = 1.311145e-05
da10 = -2.15194e-05
dr1 = 5.455490e-02
dr10 = 5.480686e-02
vr1a = 6.797399e-01
vr1b = 6.251850e-01
vr10a = 7.401967e-01
vr10b = 6.853899e-01
Reset re-loads circuit * tb_pnp_mismatch.spice -- sky130 substrate-pnp local-mismatch monte carlo

Circuit: * tb_pnp_mismatch.spice -- sky130 substrate-pnp local-mismatch monte carlo

option SCALE: Scale is set to 1e-06 for instance and model parameters
option SCALE: Scale is set to 1e-06 for instance and model parameters
option SCALE: Scale is set to 1e-06 for instance and model parameters
option SCALE: Scale is set to 1e-06 for instance and model parameters
Doing analysis at TEMP = 27.000000 and TNOM = 27.000000

Using KLU as Direct Linear Solver

No. of Data Rows : 1
da1 = -2.01809e-05
da10 = 1.178768e-04
dr1 = 5.444088e-02
dr10 = 5.485968e-02
vr1a = 6.795331e-01
vr1b = 6.250922e-01
vr10a = 7.402640e-01
vr10b = 6.854044e-01
Reset re-loads circuit * tb_pnp_mismatch.spice -- sky130 substrate-pnp local-mismatch monte carlo

Circuit: * tb_pnp_mismatch.spice -- sky130 substrate-pnp local-mismatch monte carlo

option SCALE: Scale is set to 1e-06 for instance and model parameters
option SCALE: Scale is set to 1e-06 for instance and model parameters
option SCALE: Scale is set to 1e-06 for instance and model parameters
option SCALE: Scale is set to 1e-06 for instance and model parameters
Doing analysis at TEMP = 27.000000 and TNOM = 27.000000

Using KLU as Direct Linear Solver

No. of Data Rows : 1
da1 = -1.86409e-06
da10 = 2.662487e-05
dr1 = 5.450191e-02
dr10 = 5.491332e-02
vr1a = 6.797017e-01
vr1b = 6.251998e-01
vr10a = 7.403308e-01
vr10b = 6.854175e-01
Reset re-loads circuit * tb_pnp_mismatch.spice -- sky130 substrate-pnp local-mismatch monte carlo

Circuit: * tb_pnp_mismatch.spice -- sky130 substrate-pnp local-mismatch monte carlo

option SCALE: Scale is set to 1e-06 for instance and model parameters
option SCALE: Scale is set to 1e-06 for instance and model parameters
option SCALE: Scale is set to 1e-06 for instance and model parameters
option SCALE: Scale is set to 1e-06 for instance and model parameters
Doing analysis at TEMP = 27.000000 and TNOM = 27.000000

Using KLU as Direct Linear Solver

No. of Data Rows : 1
da1 = -1.03742e-04
da10 = 7.552908e-05
dr1 = 5.439819e-02
dr10 = 5.494601e-02
vr1a = 6.795679e-01
vr1b = 6.251698e-01
vr10a = 7.403456e-01
vr10b = 6.853996e-01
Reset re-loads circuit * tb_pnp_mismatch.spice -- sky130 substrate-pnp local-mismatch monte carlo

Circuit: * tb_pnp_mismatch.spice -- sky130 substrate-pnp local-mismatch monte carlo

option SCALE: Scale is set to 1e-06 for instance and model parameters
option SCALE: Scale is set to 1e-06 for instance and model parameters
option SCALE: Scale is set to 1e-06 for instance and model parameters
option SCALE: Scale is set to 1e-06 for instance and model parameters
Doing analysis at TEMP = 27.000000 and TNOM = 27.000000

Using KLU as Direct Linear Solver

No. of Data Rows : 1
da1 = -1.92357e-05
da10 = -9.66556e-05
dr1 = 5.446288e-02
dr10 = 5.492606e-02
vr1a = 6.795893e-01
vr1b = 6.251264e-01
vr10a = 7.403256e-01
vr10b = 6.853995e-01
Reset re-loads circuit * tb_pnp_mismatch.spice -- sky130 substrate-pnp local-mismatch monte carlo

Circuit: * tb_pnp_mismatch.spice -- sky130 substrate-pnp local-mismatch monte carlo

option SCALE: Scale is set to 1e-06 for instance and model parameters
option SCALE: Scale is set to 1e-06 for instance and model parameters
option SCALE: Scale is set to 1e-06 for instance and model parameters
option SCALE: Scale is set to 1e-06 for instance and model parameters
Doing analysis at TEMP = 27.000000 and TNOM = 27.000000

Using KLU as Direct Linear Solver
 Reference value :  0.00000e+00
No. of Data Rows : 1
da1 = -1.39696e-05
da10 = 1.258380e-04
dr1 = 5.433286e-02
dr10 = 5.489458e-02
vr1a = 6.794891e-01
vr1b = 6.251563e-01
vr10a = 7.403048e-01
vr10b = 6.854103e-01
Reset re-loads circuit * tb_pnp_mismatch.spice -- sky130 substrate-pnp local-mismatch monte carlo

Circuit: * tb_pnp_mismatch.spice -- sky130 substrate-pnp local-mismatch monte carlo

option SCALE: Scale is set to 1e-06 for instance and model parameters
option SCALE: Scale is set to 1e-06 for instance and model parameters
option SCALE: Scale is set to 1e-06 for instance and model parameters
option SCALE: Scale is set to 1e-06 for instance and model parameters
Doing analysis at TEMP = 27.000000 and TNOM = 27.000000

Using KLU as Direct Linear Solver

No. of Data Rows : 1
da1 = -1.28415e-05
da10 = 3.794281e-05
dr1 = 5.441081e-02
dr10 = 5.492699e-02
vr1a = 6.795383e-01
vr1b = 6.251275e-01
vr10a = 7.403052e-01
vr10b = 6.853782e-01
Reset re-loads circuit * tb_pnp_mismatch.spice -- sky130 substrate-pnp local-mismatch monte carlo

Circuit: * tb_pnp_mismatch.spice -- sky130 substrate-pnp local-mismatch monte carlo

option SCALE: Scale is set to 1e-06 for instance and model parameters
option SCALE: Scale is set to 1e-06 for instance and model parameters
option SCALE: Scale is set to 1e-06 for instance and model parameters
option SCALE: Scale is set to 1e-06 for instance and model parameters
Doing analysis at TEMP = 27.000000 and TNOM = 27.000000

Using KLU as Direct Linear Solver

No. of Data Rows : 1
da1 = 1.705035e-04
da10 = -2.45831e-05
dr1 = 5.443178e-02
dr10 = 5.493010e-02
vr1a = 6.795654e-01
vr1b = 6.251337e-01
vr10a = 7.403216e-01
vr10b = 6.853915e-01
Reset re-loads circuit * tb_pnp_mismatch.spice -- sky130 substrate-pnp local-mismatch monte carlo

Circuit: * tb_pnp_mismatch.spice -- sky130 substrate-pnp local-mismatch monte carlo

option SCALE: Scale is set to 1e-06 for instance and model parameters
option SCALE: Scale is set to 1e-06 for instance and model parameters
option SCALE: Scale is set to 1e-06 for instance and model parameters
option SCALE: Scale is set to 1e-06 for instance and model parameters
Doing analysis at TEMP = 27.000000 and TNOM = 27.000000

Using KLU as Direct Linear Solver

No. of Data Rows : 1
da1 = 1.068365e-04
da10 = 4.592219e-05
dr1 = 5.451149e-02
dr10 = 5.479683e-02
vr1a = 6.796288e-01
vr1b = 6.251173e-01
vr10a = 7.402295e-01
vr10b = 6.854327e-01
Reset re-loads circuit * tb_pnp_mismatch.spice -- sky130 substrate-pnp local-mismatch monte carlo

Circuit: * tb_pnp_mismatch.spice -- sky130 substrate-pnp local-mismatch monte carlo

option SCALE: Scale is set to 1e-06 for instance and model parameters
option SCALE: Scale is set to 1e-06 for instance and model parameters
option SCALE: Scale is set to 1e-06 for instance and model parameters
option SCALE: Scale is set to 1e-06 for instance and model parameters
Doing analysis at TEMP = 27.000000 and TNOM = 27.000000

Using KLU as Direct Linear Solver

No. of Data Rows : 1
da1 = -3.21448e-05
da10 = 5.349627e-05
dr1 = 5.437622e-02
dr10 = 5.479550e-02
vr1a = 6.795279e-01
vr1b = 6.251517e-01
vr10a = 7.402228e-01
vr10b = 6.854273e-01
Reset re-loads circuit * tb_pnp_mismatch.spice -- sky130 substrate-pnp local-mismatch monte carlo

Circuit: * tb_pnp_mismatch.spice -- sky130 substrate-pnp local-mismatch monte carlo

option SCALE: Scale is set to 1e-06 for instance and model parameters
option SCALE: Scale is set to 1e-06 for instance and model parameters
option SCALE: Scale is set to 1e-06 for instance and model parameters
option SCALE: Scale is set to 1e-06 for instance and model parameters
Doing analysis at TEMP = 27.000000 and TNOM = 27.000000

Using KLU as Direct Linear Solver

No. of Data Rows : 1
da1 = 1.153725e-04
da10 = 8.505961e-05
dr1 = 5.451460e-02
dr10 = 5.476099e-02
vr1a = 6.796958e-01
vr1b = 6.251812e-01
vr10a = 7.401786e-01
vr10b = 6.854176e-01
Reset re-loads circuit * tb_pnp_mismatch.spice -- sky130 substrate-pnp local-mismatch monte carlo

Circuit: * tb_pnp_mismatch.spice -- sky130 substrate-pnp local-mismatch monte carlo

option SCALE: Scale is set to 1e-06 for instance and model parameters
option SCALE: Scale is set to 1e-06 for instance and model parameters
option SCALE: Scale is set to 1e-06 for instance and model parameters
option SCALE: Scale is set to 1e-06 for instance and model parameters
Doing analysis at TEMP = 27.000000 and TNOM = 27.000000

Using KLU as Direct Linear Solver

No. of Data Rows : 1
da1 = 9.628817e-05
da10 = 1.159886e-04
dr1 = 5.449787e-02
dr10 = 5.492357e-02
vr1a = 6.796088e-01
vr1b = 6.251109e-01
vr10a = 7.402827e-01
vr10b = 6.853591e-01
Reset re-loads circuit * tb_pnp_mismatch.spice -- sky130 substrate-pnp local-mismatch monte carlo

Circuit: * tb_pnp_mismatch.spice -- sky130 substrate-pnp local-mismatch monte carlo

option SCALE: Scale is set to 1e-06 for instance and model parameters
option SCALE: Scale is set to 1e-06 for instance and model parameters
option SCALE: Scale is set to 1e-06 for instance and model parameters
option SCALE: Scale is set to 1e-06 for instance and model parameters
Doing analysis at TEMP = 27.000000 and TNOM = 27.000000

Using KLU as Direct Linear Solver

No. of Data Rows : 1
da1 = -5.43377e-05
da10 = 1.525717e-04
dr1 = 5.443202e-02
dr10 = 5.481100e-02
vr1a = 6.795773e-01
vr1b = 6.251452e-01
vr10a = 7.402365e-01
vr10b = 6.854255e-01
Reset re-loads circuit * tb_pnp_mismatch.spice -- sky130 substrate-pnp local-mismatch monte carlo

Circuit: * tb_pnp_mismatch.spice -- sky130 substrate-pnp local-mismatch monte carlo

option SCALE: Scale is set to 1e-06 for instance and model parameters
option SCALE: Scale is set to 1e-06 for instance and model parameters
option SCALE: Scale is set to 1e-06 for instance and model parameters
option SCALE: Scale is set to 1e-06 for instance and model parameters
Doing analysis at TEMP = 27.000000 and TNOM = 27.000000

Using KLU as Direct Linear Solver

No. of Data Rows : 1
da1 = -2.10389e-04
da10 = -7.94372e-05
dr1 = 5.443692e-02
dr10 = 5.493197e-02
vr1a = 6.796097e-01
vr1b = 6.251728e-01
vr10a = 7.403847e-01
vr10b = 6.854528e-01
Reset re-loads circuit * tb_pnp_mismatch.spice -- sky130 substrate-pnp local-mismatch monte carlo

Circuit: * tb_pnp_mismatch.spice -- sky130 substrate-pnp local-mismatch monte carlo

option SCALE: Scale is set to 1e-06 for instance and model parameters
option SCALE: Scale is set to 1e-06 for instance and model parameters
option SCALE: Scale is set to 1e-06 for instance and model parameters
option SCALE: Scale is set to 1e-06 for instance and model parameters
Doing analysis at TEMP = 27.000000 and TNOM = 27.000000

Using KLU as Direct Linear Solver

No. of Data Rows : 1
da1 = -2.44268e-05
da10 = 1.418935e-04
dr1 = 5.438914e-02
dr10 = 5.488426e-02
vr1a = 6.795258e-01
vr1b = 6.251367e-01
vr10a = 7.402741e-01
vr10b = 6.853898e-01
Reset re-loads circuit * tb_pnp_mismatch.spice -- sky130 substrate-pnp local-mismatch monte carlo

Circuit: * tb_pnp_mismatch.spice -- sky130 substrate-pnp local-mismatch monte carlo

option SCALE: Scale is set to 1e-06 for instance and model parameters
option SCALE: Scale is set to 1e-06 for instance and model parameters
option SCALE: Scale is set to 1e-06 for instance and model parameters
option SCALE: Scale is set to 1e-06 for instance and model parameters
Doing analysis at TEMP = 27.000000 and TNOM = 27.000000

Using KLU as Direct Linear Solver

No. of Data Rows : 1
da1 = -9.76112e-05
da10 = 2.288346e-05
dr1 = 5.436804e-02
dr10 = 5.477984e-02
vr1a = 6.794954e-01
vr1b = 6.251274e-01
vr10a = 7.401932e-01
vr10b = 6.854133e-01
Reset re-loads circuit * tb_pnp_mismatch.spice -- sky130 substrate-pnp local-mismatch monte carlo

Circuit: * tb_pnp_mismatch.spice -- sky130 substrate-pnp local-mismatch monte carlo

option SCALE: Scale is set to 1e-06 for instance and model parameters
option SCALE: Scale is set to 1e-06 for instance and model parameters
option SCALE: Scale is set to 1e-06 for instance and model parameters
option SCALE: Scale is set to 1e-06 for instance and model parameters
Doing analysis at TEMP = 27.000000 and TNOM = 27.000000

Using KLU as Direct Linear Solver

No. of Data Rows : 1
da1 = 9.544097e-05
da10 = -6.51012e-05
dr1 = 5.430475e-02
dr10 = 5.488211e-02
vr1a = 6.794492e-01
vr1b = 6.251444e-01
vr10a = 7.403063e-01
vr10b = 6.854242e-01
Reset re-loads circuit * tb_pnp_mismatch.spice -- sky130 substrate-pnp local-mismatch monte carlo

Circuit: * tb_pnp_mismatch.spice -- sky130 substrate-pnp local-mismatch monte carlo

option SCALE: Scale is set to 1e-06 for instance and model parameters
option SCALE: Scale is set to 1e-06 for instance and model parameters
option SCALE: Scale is set to 1e-06 for instance and model parameters
option SCALE: Scale is set to 1e-06 for instance and model parameters
Doing analysis at TEMP = 27.000000 and TNOM = 27.000000

Using KLU as Direct Linear Solver

No. of Data Rows : 1
da1 = 4.425387e-05
da10 = 5.969629e-05
dr1 = 5.445901e-02
dr10 = 5.490673e-02
vr1a = 6.796315e-01
vr1b = 6.251725e-01
vr10a = 7.403309e-01
vr10b = 6.854241e-01
Reset re-loads circuit * tb_pnp_mismatch.spice -- sky130 substrate-pnp local-mismatch monte carlo

Circuit: * tb_pnp_mismatch.spice -- sky130 substrate-pnp local-mismatch monte carlo

option SCALE: Scale is set to 1e-06 for instance and model parameters
option SCALE: Scale is set to 1e-06 for instance and model parameters
option SCALE: Scale is set to 1e-06 for instance and model parameters
option SCALE: Scale is set to 1e-06 for instance and model parameters
Doing analysis at TEMP = 27.000000 and TNOM = 27.000000

Using KLU as Direct Linear Solver

No. of Data Rows : 1
da1 = -7.96319e-06
da10 = -2.17402e-06
dr1 = 5.431556e-02
dr10 = 5.488202e-02
vr1a = 6.794784e-01
vr1b = 6.251628e-01
vr10a = 7.402920e-01
vr10b = 6.854100e-01
Reset re-loads circuit * tb_pnp_mismatch.spice -- sky130 substrate-pnp local-mismatch monte carlo

Circuit: * tb_pnp_mismatch.spice -- sky130 substrate-pnp local-mismatch monte carlo

option SCALE: Scale is set to 1e-06 for instance and model parameters
option SCALE: Scale is set to 1e-06 for instance and model parameters
option SCALE: Scale is set to 1e-06 for instance and model parameters
option SCALE: Scale is set to 1e-06 for instance and model parameters
Doing analysis at TEMP = 27.000000 and TNOM = 27.000000

Using KLU as Direct Linear Solver

No. of Data Rows : 1
da1 = 2.416881e-05
da10 = 6.902052e-05
dr1 = 5.457040e-02
dr10 = 5.487384e-02
vr1a = 6.797503e-01
vr1b = 6.251799e-01
vr10a = 7.402770e-01
vr10b = 6.854032e-01
Reset re-loads circuit * tb_pnp_mismatch.spice -- sky130 substrate-pnp local-mismatch monte carlo

Circuit: * tb_pnp_mismatch.spice -- sky130 substrate-pnp local-mismatch monte carlo

option SCALE: Scale is set to 1e-06 for instance and model parameters
option SCALE: Scale is set to 1e-06 for instance and model parameters
option SCALE: Scale is set to 1e-06 for instance and model parameters
option SCALE: Scale is set to 1e-06 for instance and model parameters
Doing analysis at TEMP = 27.000000 and TNOM = 27.000000

Using KLU as Direct Linear Solver

No. of Data Rows : 1
da1 = -1.41674e-04
da10 = 2.248580e-05
dr1 = 5.451226e-02
dr10 = 5.488046e-02
vr1a = 6.796687e-01
vr1b = 6.251564e-01
vr10a = 7.403056e-01
vr10b = 6.854251e-01
Reset re-loads circuit * tb_pnp_mismatch.spice -- sky130 substrate-pnp local-mismatch monte carlo

Circuit: * tb_pnp_mismatch.spice -- sky130 substrate-pnp local-mismatch monte carlo

option SCALE: Scale is set to 1e-06 for instance and model parameters
option SCALE: Scale is set to 1e-06 for instance and model parameters
option SCALE: Scale is set to 1e-06 for instance and model parameters
option SCALE: Scale is set to 1e-06 for instance and model parameters
Doing analysis at TEMP = 27.000000 and TNOM = 27.000000

Using KLU as Direct Linear Solver

No. of Data Rows : 1
da1 = -4.95075e-05
da10 = 1.898343e-04
dr1 = 5.447266e-02
dr10 = 5.479672e-02
vr1a = 6.795840e-01
vr1b = 6.251113e-01
vr10a = 7.402208e-01
vr10b = 6.854241e-01
Reset re-loads circuit * tb_pnp_mismatch.spice -- sky130 substrate-pnp local-mismatch monte carlo

Circuit: * tb_pnp_mismatch.spice -- sky130 substrate-pnp local-mismatch monte carlo

option SCALE: Scale is set to 1e-06 for instance and model parameters
option SCALE: Scale is set to 1e-06 for instance and model parameters
option SCALE: Scale is set to 1e-06 for instance and model parameters
option SCALE: Scale is set to 1e-06 for instance and model parameters
Doing analysis at TEMP = 27.000000 and TNOM = 27.000000

Using KLU as Direct Linear Solver

No. of Data Rows : 1
da1 = -9.90201e-06
da10 = 4.781180e-05
dr1 = 5.434025e-02
dr10 = 5.483221e-02
vr1a = 6.794964e-01
vr1b = 6.251561e-01
vr10a = 7.402466e-01
vr10b = 6.854144e-01
Reset re-loads circuit * tb_pnp_mismatch.spice -- sky130 substrate-pnp local-mismatch monte carlo

Circuit: * tb_pnp_mismatch.spice -- sky130 substrate-pnp local-mismatch monte carlo

option SCALE: Scale is set to 1e-06 for instance and model parameters
option SCALE: Scale is set to 1e-06 for instance and model parameters
option SCALE: Scale is set to 1e-06 for instance and model parameters
option SCALE: Scale is set to 1e-06 for instance and model parameters
Doing analysis at TEMP = 27.000000 and TNOM = 27.000000

Using KLU as Direct Linear Solver

No. of Data Rows : 1
da1 = 7.331061e-05
da10 = 5.783067e-05
dr1 = 5.446537e-02
dr10 = 5.483236e-02
vr1a = 6.796081e-01
vr1b = 6.251427e-01
vr10a = 7.402083e-01
vr10b = 6.853759e-01
Reset re-loads circuit * tb_pnp_mismatch.spice -- sky130 substrate-pnp local-mismatch monte carlo

Circuit: * tb_pnp_mismatch.spice -- sky130 substrate-pnp local-mismatch monte carlo

option SCALE: Scale is set to 1e-06 for instance and model parameters
option SCALE: Scale is set to 1e-06 for instance and model parameters
option SCALE: Scale is set to 1e-06 for instance and model parameters
option SCALE: Scale is set to 1e-06 for instance and model parameters
Doing analysis at TEMP = 27.000000 and TNOM = 27.000000

Using KLU as Direct Linear Solver

No. of Data Rows : 1
da1 = -2.00770e-04
da10 = -3.10769e-05
dr1 = 5.439698e-02
dr10 = 5.473863e-02
vr1a = 6.795388e-01
vr1b = 6.251418e-01
vr10a = 7.401363e-01
vr10b = 6.853977e-01
Reset re-loads circuit * tb_pnp_mismatch.spice -- sky130 substrate-pnp local-mismatch monte carlo

Circuit: * tb_pnp_mismatch.spice -- sky130 substrate-pnp local-mismatch monte carlo

option SCALE: Scale is set to 1e-06 for instance and model parameters
option SCALE: Scale is set to 1e-06 for instance and model parameters
option SCALE: Scale is set to 1e-06 for instance and model parameters
option SCALE: Scale is set to 1e-06 for instance and model parameters
Doing analysis at TEMP = 27.000000 and TNOM = 27.000000

Using KLU as Direct Linear Solver

No. of Data Rows : 1
da1 = 3.345711e-05
da10 = -1.04729e-04
dr1 = 5.451291e-02
dr10 = 5.495623e-02
vr1a = 6.796208e-01
vr1b = 6.251078e-01
vr10a = 7.403828e-01
vr10b = 6.854265e-01
Reset re-loads circuit * tb_pnp_mismatch.spice -- sky130 substrate-pnp local-mismatch monte carlo

Circuit: * tb_pnp_mismatch.spice -- sky130 substrate-pnp local-mismatch monte carlo

option SCALE: Scale is set to 1e-06 for instance and model parameters
option SCALE: Scale is set to 1e-06 for instance and model parameters
option SCALE: Scale is set to 1e-06 for instance and model parameters
option SCALE: Scale is set to 1e-06 for instance and model parameters
Doing analysis at TEMP = 27.000000 and TNOM = 27.000000

Using KLU as Direct Linear Solver

No. of Data Rows : 1
da1 = 8.577652e-05
da10 = -2.50784e-05
dr1 = 5.428396e-02
dr10 = 5.496235e-02
vr1a = 6.795359e-01
vr1b = 6.252520e-01
vr10a = 7.403932e-01
vr10b = 6.854308e-01
Reset re-loads circuit * tb_pnp_mismatch.spice -- sky130 substrate-pnp local-mismatch monte carlo

Circuit: * tb_pnp_mismatch.spice -- sky130 substrate-pnp local-mismatch monte carlo

option SCALE: Scale is set to 1e-06 for instance and model parameters
option SCALE: Scale is set to 1e-06 for instance and model parameters
option SCALE: Scale is set to 1e-06 for instance and model parameters
option SCALE: Scale is set to 1e-06 for instance and model parameters
Doing analysis at TEMP = 27.000000 and TNOM = 27.000000

Using KLU as Direct Linear Solver

No. of Data Rows : 1
da1 = -1.54591e-05
da10 = 7.548608e-05
dr1 = 5.443477e-02
dr10 = 5.500580e-02
vr1a = 6.796031e-01
vr1b = 6.251683e-01
vr10a = 7.404023e-01
vr10b = 6.853965e-01
Reset re-loads circuit * tb_pnp_mismatch.spice -- sky130 substrate-pnp local-mismatch monte carlo

Circuit: * tb_pnp_mismatch.spice -- sky130 substrate-pnp local-mismatch monte carlo

option SCALE: Scale is set to 1e-06 for instance and model parameters
option SCALE: Scale is set to 1e-06 for instance and model parameters
option SCALE: Scale is set to 1e-06 for instance and model parameters
option SCALE: Scale is set to 1e-06 for instance and model parameters
Doing analysis at TEMP = 27.000000 and TNOM = 27.000000

Using KLU as Direct Linear Solver

No. of Data Rows : 1
da1 = -1.76369e-04
da10 = 1.433928e-05
dr1 = 5.442434e-02
dr10 = 5.487664e-02
vr1a = 6.795915e-01
vr1b = 6.251671e-01
vr10a = 7.403030e-01
vr10b = 6.854263e-01
Reset re-loads circuit * tb_pnp_mismatch.spice -- sky130 substrate-pnp local-mismatch monte carlo

Circuit: * tb_pnp_mismatch.spice -- sky130 substrate-pnp local-mismatch monte carlo

option SCALE: Scale is set to 1e-06 for instance and model parameters
option SCALE: Scale is set to 1e-06 for instance and model parameters
option SCALE: Scale is set to 1e-06 for instance and model parameters
option SCALE: Scale is set to 1e-06 for instance and model parameters
Doing analysis at TEMP = 27.000000 and TNOM = 27.000000

Using KLU as Direct Linear Solver

No. of Data Rows : 1
da1 = 3.775243e-05
da10 = 3.854032e-05
dr1 = 5.431189e-02
dr10 = 5.478343e-02
vr1a = 6.795080e-01
vr1b = 6.251961e-01
vr10a = 7.402307e-01
vr10b = 6.854473e-01
Reset re-loads circuit * tb_pnp_mismatch.spice -- sky130 substrate-pnp local-mismatch monte carlo

Circuit: * tb_pnp_mismatch.spice -- sky130 substrate-pnp local-mismatch monte carlo

option SCALE: Scale is set to 1e-06 for instance and model parameters
option SCALE: Scale is set to 1e-06 for instance and model parameters
option SCALE: Scale is set to 1e-06 for instance and model parameters
option SCALE: Scale is set to 1e-06 for instance and model parameters
Doing analysis at TEMP = 27.000000 and TNOM = 27.000000

Using KLU as Direct Linear Solver

No. of Data Rows : 1
da1 = -6.55094e-05
da10 = -5.81490e-06
dr1 = 5.441629e-02
dr10 = 5.482098e-02
vr1a = 6.795362e-01
vr1b = 6.251199e-01
vr10a = 7.402185e-01
vr10b = 6.853975e-01
Reset re-loads circuit * tb_pnp_mismatch.spice -- sky130 substrate-pnp local-mismatch monte carlo

Circuit: * tb_pnp_mismatch.spice -- sky130 substrate-pnp local-mismatch monte carlo

option SCALE: Scale is set to 1e-06 for instance and model parameters
option SCALE: Scale is set to 1e-06 for instance and model parameters
option SCALE: Scale is set to 1e-06 for instance and model parameters
option SCALE: Scale is set to 1e-06 for instance and model parameters
Doing analysis at TEMP = 27.000000 and TNOM = 27.000000

Using KLU as Direct Linear Solver

No. of Data Rows : 1
da1 = -1.38458e-04
da10 = 6.356070e-05
dr1 = 5.446704e-02
dr10 = 5.488130e-02
vr1a = 6.795921e-01
vr1b = 6.251250e-01
vr10a = 7.402629e-01
vr10b = 6.853816e-01
Reset re-loads circuit * tb_pnp_mismatch.spice -- sky130 substrate-pnp local-mismatch monte carlo

Circuit: * tb_pnp_mismatch.spice -- sky130 substrate-pnp local-mismatch monte carlo

option SCALE: Scale is set to 1e-06 for instance and model parameters
option SCALE: Scale is set to 1e-06 for instance and model parameters
option SCALE: Scale is set to 1e-06 for instance and model parameters
option SCALE: Scale is set to 1e-06 for instance and model parameters
Doing analysis at TEMP = 27.000000 and TNOM = 27.000000

Using KLU as Direct Linear Solver

No. of Data Rows : 1
da1 = 3.977089e-05
da10 = 2.787484e-05
dr1 = 5.448384e-02
dr10 = 5.487017e-02
vr1a = 6.796302e-01
vr1b = 6.251464e-01
vr10a = 7.402874e-01
vr10b = 6.854172e-01
Reset re-loads circuit * tb_pnp_mismatch.spice -- sky130 substrate-pnp local-mismatch monte carlo

Circuit: * tb_pnp_mismatch.spice -- sky130 substrate-pnp local-mismatch monte carlo

option SCALE: Scale is set to 1e-06 for instance and model parameters
option SCALE: Scale is set to 1e-06 for instance and model parameters
option SCALE: Scale is set to 1e-06 for instance and model parameters
option SCALE: Scale is set to 1e-06 for instance and model parameters
Doing analysis at TEMP = 27.000000 and TNOM = 27.000000

Using KLU as Direct Linear Solver

No. of Data Rows : 1
da1 = -9.06774e-06
da10 = -3.48129e-05
dr1 = 5.452245e-02
dr10 = 5.507711e-02
vr1a = 6.796419e-01
vr1b = 6.251194e-01
vr10a = 7.404584e-01
vr10b = 6.853813e-01
Reset re-loads circuit * tb_pnp_mismatch.spice -- sky130 substrate-pnp local-mismatch monte carlo

Circuit: * tb_pnp_mismatch.spice -- sky130 substrate-pnp local-mismatch monte carlo

option SCALE: Scale is set to 1e-06 for instance and model parameters
option SCALE: Scale is set to 1e-06 for instance and model parameters
option SCALE: Scale is set to 1e-06 for instance and model parameters
option SCALE: Scale is set to 1e-06 for instance and model parameters
Doing analysis at TEMP = 27.000000 and TNOM = 27.000000

Using KLU as Direct Linear Solver

No. of Data Rows : 1
da1 = 3.311292e-05
da10 = -1.70398e-04
dr1 = 5.438511e-02
dr10 = 5.486664e-02
vr1a = 6.795288e-01
vr1b = 6.251437e-01
vr10a = 7.402813e-01
vr10b = 6.854147e-01
Reset re-loads circuit * tb_pnp_mismatch.spice -- sky130 substrate-pnp local-mismatch monte carlo

Circuit: * tb_pnp_mismatch.spice -- sky130 substrate-pnp local-mismatch monte carlo

option SCALE: Scale is set to 1e-06 for instance and model parameters
option SCALE: Scale is set to 1e-06 for instance and model parameters
option SCALE: Scale is set to 1e-06 for instance and model parameters
option SCALE: Scale is set to 1e-06 for instance and model parameters
Doing analysis at TEMP = 27.000000 and TNOM = 27.000000

Using KLU as Direct Linear Solver

No. of Data Rows : 1
da1 = 2.390643e-05
da10 = -2.15567e-05
dr1 = 5.421059e-02
dr10 = 5.487349e-02
vr1a = 6.793567e-01
vr1b = 6.251461e-01
vr10a = 7.402950e-01
vr10b = 6.854215e-01
Reset re-loads circuit * tb_pnp_mismatch.spice -- sky130 substrate-pnp local-mismatch monte carlo

Circuit: * tb_pnp_mismatch.spice -- sky130 substrate-pnp local-mismatch monte carlo

option SCALE: Scale is set to 1e-06 for instance and model parameters
option SCALE: Scale is set to 1e-06 for instance and model parameters
option SCALE: Scale is set to 1e-06 for instance and model parameters
option SCALE: Scale is set to 1e-06 for instance and model parameters
Doing analysis at TEMP = 27.000000 and TNOM = 27.000000

Using KLU as Direct Linear Solver

No. of Data Rows : 1
da1 = 2.271287e-06
da10 = 1.184471e-06
dr1 = 5.448376e-02
dr10 = 5.492904e-02
vr1a = 6.795910e-01
vr1b = 6.251073e-01
vr10a = 7.403245e-01
vr10b = 6.853955e-01
Reset re-loads circuit * tb_pnp_mismatch.spice -- sky130 substrate-pnp local-mismatch monte carlo

Circuit: * tb_pnp_mismatch.spice -- sky130 substrate-pnp local-mismatch monte carlo

option SCALE: Scale is set to 1e-06 for instance and model parameters
option SCALE: Scale is set to 1e-06 for instance and model parameters
option SCALE: Scale is set to 1e-06 for instance and model parameters
option SCALE: Scale is set to 1e-06 for instance and model parameters
Doing analysis at TEMP = 27.000000 and TNOM = 27.000000

Using KLU as Direct Linear Solver

No. of Data Rows : 1
da1 = 1.131133e-04
da10 = 1.615754e-04
dr1 = 5.439314e-02
dr10 = 5.482280e-02
vr1a = 6.795048e-01
vr1b = 6.251117e-01
vr10a = 7.402179e-01
vr10b = 6.853951e-01
Reset re-loads circuit * tb_pnp_mismatch.spice -- sky130 substrate-pnp local-mismatch monte carlo

Circuit: * tb_pnp_mismatch.spice -- sky130 substrate-pnp local-mismatch monte carlo

option SCALE: Scale is set to 1e-06 for instance and model parameters
option SCALE: Scale is set to 1e-06 for instance and model parameters
option SCALE: Scale is set to 1e-06 for instance and model parameters
option SCALE: Scale is set to 1e-06 for instance and model parameters
Doing analysis at TEMP = 27.000000 and TNOM = 27.000000

Using KLU as Direct Linear Solver

No. of Data Rows : 1
da1 = -1.56211e-05
da10 = -1.02875e-04
dr1 = 5.430858e-02
dr10 = 5.489138e-02
vr1a = 6.794839e-01
vr1b = 6.251754e-01
vr10a = 7.402937e-01
vr10b = 6.854023e-01
Reset re-loads circuit * tb_pnp_mismatch.spice -- sky130 substrate-pnp local-mismatch monte carlo

Circuit: * tb_pnp_mismatch.spice -- sky130 substrate-pnp local-mismatch monte carlo

option SCALE: Scale is set to 1e-06 for instance and model parameters
option SCALE: Scale is set to 1e-06 for instance and model parameters
option SCALE: Scale is set to 1e-06 for instance and model parameters
option SCALE: Scale is set to 1e-06 for instance and model parameters
Doing analysis at TEMP = 27.000000 and TNOM = 27.000000

Using KLU as Direct Linear Solver

No. of Data Rows : 1
da1 = -3.82529e-05
da10 = 1.351955e-04
dr1 = 5.446764e-02
dr10 = 5.483896e-02
vr1a = 6.795992e-01
vr1b = 6.251315e-01
vr10a = 7.402019e-01
vr10b = 6.853629e-01
Reset re-loads circuit * tb_pnp_mismatch.spice -- sky130 substrate-pnp local-mismatch monte carlo

Circuit: * tb_pnp_mismatch.spice -- sky130 substrate-pnp local-mismatch monte carlo

option SCALE: Scale is set to 1e-06 for instance and model parameters
option SCALE: Scale is set to 1e-06 for instance and model parameters
option SCALE: Scale is set to 1e-06 for instance and model parameters
option SCALE: Scale is set to 1e-06 for instance and model parameters
Doing analysis at TEMP = 27.000000 and TNOM = 27.000000

Using KLU as Direct Linear Solver

No. of Data Rows : 1
da1 = 9.434693e-05
da10 = 9.889030e-07
dr1 = 5.444797e-02
dr10 = 5.491317e-02
vr1a = 6.796203e-01
vr1b = 6.251723e-01
vr10a = 7.403306e-01
vr10b = 6.854174e-01
Reset re-loads circuit * tb_pnp_mismatch.spice -- sky130 substrate-pnp local-mismatch monte carlo

Circuit: * tb_pnp_mismatch.spice -- sky130 substrate-pnp local-mismatch monte carlo

option SCALE: Scale is set to 1e-06 for instance and model parameters
option SCALE: Scale is set to 1e-06 for instance and model parameters
option SCALE: Scale is set to 1e-06 for instance and model parameters
option SCALE: Scale is set to 1e-06 for instance and model parameters
Doing analysis at TEMP = 27.000000 and TNOM = 27.000000

Using KLU as Direct Linear Solver

No. of Data Rows : 1
da1 = -8.17638e-06
da10 = 3.981159e-05
dr1 = 5.446361e-02
dr10 = 5.499048e-02
vr1a = 6.796378e-01
vr1b = 6.251742e-01
vr10a = 7.403827e-01
vr10b = 6.853922e-01
Reset re-loads circuit * tb_pnp_mismatch.spice -- sky130 substrate-pnp local-mismatch monte carlo

Circuit: * tb_pnp_mismatch.spice -- sky130 substrate-pnp local-mismatch monte carlo

option SCALE: Scale is set to 1e-06 for instance and model parameters
option SCALE: Scale is set to 1e-06 for instance and model parameters
option SCALE: Scale is set to 1e-06 for instance and model parameters
option SCALE: Scale is set to 1e-06 for instance and model parameters
Doing analysis at TEMP = 27.000000 and TNOM = 27.000000

Using KLU as Direct Linear Solver

No. of Data Rows : 1
da1 = 2.220343e-05
da10 = 2.658766e-05
dr1 = 5.434134e-02
dr10 = 5.479287e-02
vr1a = 6.795259e-01
vr1b = 6.251845e-01
vr10a = 7.401800e-01
vr10b = 6.853871e-01
Reset re-loads circuit * tb_pnp_mismatch.spice -- sky130 substrate-pnp local-mismatch monte carlo

Circuit: * tb_pnp_mismatch.spice -- sky130 substrate-pnp local-mismatch monte carlo

option SCALE: Scale is set to 1e-06 for instance and model parameters
option SCALE: Scale is set to 1e-06 for instance and model parameters
option SCALE: Scale is set to 1e-06 for instance and model parameters
option SCALE: Scale is set to 1e-06 for instance and model parameters
Doing analysis at TEMP = 27.000000 and TNOM = 27.000000

Using KLU as Direct Linear Solver

No. of Data Rows : 1
da1 = 4.859805e-05
da10 = 1.629264e-05
dr1 = 5.451575e-02
dr10 = 5.485691e-02
vr1a = 6.796624e-01
vr1b = 6.251466e-01
vr10a = 7.402544e-01
vr10b = 6.853975e-01
Reset re-loads circuit * tb_pnp_mismatch.spice -- sky130 substrate-pnp local-mismatch monte carlo

Circuit: * tb_pnp_mismatch.spice -- sky130 substrate-pnp local-mismatch monte carlo

option SCALE: Scale is set to 1e-06 for instance and model parameters
option SCALE: Scale is set to 1e-06 for instance and model parameters
option SCALE: Scale is set to 1e-06 for instance and model parameters
option SCALE: Scale is set to 1e-06 for instance and model parameters
Doing analysis at TEMP = 27.000000 and TNOM = 27.000000

Using KLU as Direct Linear Solver

No. of Data Rows : 1
da1 = -6.81813e-05
da10 = 4.429629e-05
dr1 = 5.436416e-02
dr10 = 5.492263e-02
vr1a = 6.795140e-01
vr1b = 6.251498e-01
vr10a = 7.403530e-01
vr10b = 6.854304e-01
Reset re-loads circuit * tb_pnp_mismatch.spice -- sky130 substrate-pnp local-mismatch monte carlo

Circuit: * tb_pnp_mismatch.spice -- sky130 substrate-pnp local-mismatch monte carlo

option SCALE: Scale is set to 1e-06 for instance and model parameters
option SCALE: Scale is set to 1e-06 for instance and model parameters
option SCALE: Scale is set to 1e-06 for instance and model parameters
option SCALE: Scale is set to 1e-06 for instance and model parameters
Doing analysis at TEMP = 27.000000 and TNOM = 27.000000

Using KLU as Direct Linear Solver

No. of Data Rows : 1
da1 = -5.15463e-05
da10 = -1.12719e-04
dr1 = 5.461323e-02
dr10 = 5.493220e-02
vr1a = 6.797687e-01
vr1b = 6.251554e-01
vr10a = 7.403276e-01
vr10b = 6.853954e-01
Reset re-loads circuit * tb_pnp_mismatch.spice -- sky130 substrate-pnp local-mismatch monte carlo

Circuit: * tb_pnp_mismatch.spice -- sky130 substrate-pnp local-mismatch monte carlo

option SCALE: Scale is set to 1e-06 for instance and model parameters
option SCALE: Scale is set to 1e-06 for instance and model parameters
option SCALE: Scale is set to 1e-06 for instance and model parameters
option SCALE: Scale is set to 1e-06 for instance and model parameters
Doing analysis at TEMP = 27.000000 and TNOM = 27.000000

Using KLU as Direct Linear Solver

No. of Data Rows : 1
da1 = 5.973574e-05
da10 = -1.78816e-04
dr1 = 5.441709e-02
dr10 = 5.485999e-02
vr1a = 6.795394e-01
vr1b = 6.251223e-01
vr10a = 7.402678e-01
vr10b = 6.854078e-01
Reset re-loads circuit * tb_pnp_mismatch.spice -- sky130 substrate-pnp local-mismatch monte carlo

Circuit: * tb_pnp_mismatch.spice -- sky130 substrate-pnp local-mismatch monte carlo

option SCALE: Scale is set to 1e-06 for instance and model parameters
option SCALE: Scale is set to 1e-06 for instance and model parameters
option SCALE: Scale is set to 1e-06 for instance and model parameters
option SCALE: Scale is set to 1e-06 for instance and model parameters
Doing analysis at TEMP = 27.000000 and TNOM = 27.000000

Using KLU as Direct Linear Solver

No. of Data Rows : 1
da1 = -1.43291e-04
da10 = 1.913467e-05
dr1 = 5.445715e-02
dr10 = 5.484031e-02
vr1a = 6.796005e-01
vr1b = 6.251434e-01
vr10a = 7.402695e-01
vr10b = 6.854292e-01
Reset re-loads circuit * tb_pnp_mismatch.spice -- sky130 substrate-pnp local-mismatch monte carlo

Circuit: * tb_pnp_mismatch.spice -- sky130 substrate-pnp local-mismatch monte carlo

option SCALE: Scale is set to 1e-06 for instance and model parameters
option SCALE: Scale is set to 1e-06 for instance and model parameters
option SCALE: Scale is set to 1e-06 for instance and model parameters
option SCALE: Scale is set to 1e-06 for instance and model parameters
Doing analysis at TEMP = 27.000000 and TNOM = 27.000000

Using KLU as Direct Linear Solver
 Reference value :  0.00000e+00
No. of Data Rows : 1
da1 = 5.874247e-05
da10 = -2.81647e-05
dr1 = 5.433857e-02
dr10 = 5.491457e-02
vr1a = 6.795228e-01
vr1b = 6.251843e-01
vr10a = 7.403270e-01
vr10b = 6.854124e-01
Reset re-loads circuit * tb_pnp_mismatch.spice -- sky130 substrate-pnp local-mismatch monte carlo

Circuit: * tb_pnp_mismatch.spice -- sky130 substrate-pnp local-mismatch monte carlo

option SCALE: Scale is set to 1e-06 for instance and model parameters
option SCALE: Scale is set to 1e-06 for instance and model parameters
option SCALE: Scale is set to 1e-06 for instance and model parameters
option SCALE: Scale is set to 1e-06 for instance and model parameters
Doing analysis at TEMP = 27.000000 and TNOM = 27.000000

Using KLU as Direct Linear Solver

No. of Data Rows : 1
da1 = -3.34979e-05
da10 = -3.67071e-05
dr1 = 5.445547e-02
dr10 = 5.475600e-02
vr1a = 6.796200e-01
vr1b = 6.251645e-01
vr10a = 7.402140e-01
vr10b = 6.854580e-01
Reset re-loads circuit * tb_pnp_mismatch.spice -- sky130 substrate-pnp local-mismatch monte carlo

Circuit: * tb_pnp_mismatch.spice -- sky130 substrate-pnp local-mismatch monte carlo

option SCALE: Scale is set to 1e-06 for instance and model parameters
option SCALE: Scale is set to 1e-06 for instance and model parameters
option SCALE: Scale is set to 1e-06 for instance and model parameters
option SCALE: Scale is set to 1e-06 for instance and model parameters
Doing analysis at TEMP = 27.000000 and TNOM = 27.000000

Using KLU as Direct Linear Solver

No. of Data Rows : 1
da1 = 1.806445e-04
da10 = -2.07380e-04
dr1 = 5.435779e-02
dr10 = 5.495203e-02
vr1a = 6.795311e-01
vr1b = 6.251733e-01
vr10a = 7.403666e-01
vr10b = 6.854146e-01
Reset re-loads circuit * tb_pnp_mismatch.spice -- sky130 substrate-pnp local-mismatch monte carlo

Circuit: * tb_pnp_mismatch.spice -- sky130 substrate-pnp local-mismatch monte carlo

option SCALE: Scale is set to 1e-06 for instance and model parameters
option SCALE: Scale is set to 1e-06 for instance and model parameters
option SCALE: Scale is set to 1e-06 for instance and model parameters
option SCALE: Scale is set to 1e-06 for instance and model parameters
Doing analysis at TEMP = 27.000000 and TNOM = 27.000000

Using KLU as Direct Linear Solver

No. of Data Rows : 1
da1 = -5.23022e-05
da10 = 7.489924e-05
dr1 = 5.443864e-02
dr10 = 5.486570e-02
vr1a = 6.795598e-01
vr1b = 6.251212e-01
vr10a = 7.403063e-01
vr10b = 6.854406e-01
Reset re-loads circuit * tb_pnp_mismatch.spice -- sky130 substrate-pnp local-mismatch monte carlo

Circuit: * tb_pnp_mismatch.spice -- sky130 substrate-pnp local-mismatch monte carlo

option SCALE: Scale is set to 1e-06 for instance and model parameters
option SCALE: Scale is set to 1e-06 for instance and model parameters
option SCALE: Scale is set to 1e-06 for instance and model parameters
option SCALE: Scale is set to 1e-06 for instance and model parameters
Doing analysis at TEMP = 27.000000 and TNOM = 27.000000

Using KLU as Direct Linear Solver

No. of Data Rows : 1
da1 = -1.61540e-06
da10 = 9.237321e-05
dr1 = 5.442785e-02
dr10 = 5.486637e-02
vr1a = 6.795912e-01
vr1b = 6.251633e-01
vr10a = 7.402709e-01
vr10b = 6.854045e-01
Reset re-loads circuit * tb_pnp_mismatch.spice -- sky130 substrate-pnp local-mismatch monte carlo

Circuit: * tb_pnp_mismatch.spice -- sky130 substrate-pnp local-mismatch monte carlo

option SCALE: Scale is set to 1e-06 for instance and model parameters
option SCALE: Scale is set to 1e-06 for instance and model parameters
option SCALE: Scale is set to 1e-06 for instance and model parameters
option SCALE: Scale is set to 1e-06 for instance and model parameters
Doing analysis at TEMP = 27.000000 and TNOM = 27.000000

Using KLU as Direct Linear Solver

No. of Data Rows : 1
da1 = -1.34278e-05
da10 = -4.39798e-05
dr1 = 5.430358e-02
dr10 = 5.488079e-02
vr1a = 6.794883e-01
vr1b = 6.251848e-01
vr10a = 7.403338e-01
vr10b = 6.854530e-01
Reset re-loads circuit * tb_pnp_mismatch.spice -- sky130 substrate-pnp local-mismatch monte carlo

Circuit: * tb_pnp_mismatch.spice -- sky130 substrate-pnp local-mismatch monte carlo

option SCALE: Scale is set to 1e-06 for instance and model parameters
option SCALE: Scale is set to 1e-06 for instance and model parameters
option SCALE: Scale is set to 1e-06 for instance and model parameters
option SCALE: Scale is set to 1e-06 for instance and model parameters
Doing analysis at TEMP = 27.000000 and TNOM = 27.000000

Using KLU as Direct Linear Solver

No. of Data Rows : 1
da1 = -7.12695e-05
da10 = 1.874055e-06
dr1 = 5.441790e-02
dr10 = 5.496082e-02
vr1a = 6.795670e-01
vr1b = 6.251491e-01
vr10a = 7.403915e-01
vr10b = 6.854307e-01
Reset re-loads circuit * tb_pnp_mismatch.spice -- sky130 substrate-pnp local-mismatch monte carlo

Circuit: * tb_pnp_mismatch.spice -- sky130 substrate-pnp local-mismatch monte carlo

option SCALE: Scale is set to 1e-06 for instance and model parameters
option SCALE: Scale is set to 1e-06 for instance and model parameters
option SCALE: Scale is set to 1e-06 for instance and model parameters
option SCALE: Scale is set to 1e-06 for instance and model parameters
Doing analysis at TEMP = 27.000000 and TNOM = 27.000000

Using KLU as Direct Linear Solver

No. of Data Rows : 1
da1 = -1.87446e-05
da10 = -1.08590e-06
dr1 = 5.434804e-02
dr10 = 5.493925e-02
vr1a = 6.795188e-01
vr1b = 6.251708e-01
vr10a = 7.403141e-01
vr10b = 6.853749e-01
Reset re-loads circuit * tb_pnp_mismatch.spice -- sky130 substrate-pnp local-mismatch monte carlo

Circuit: * tb_pnp_mismatch.spice -- sky130 substrate-pnp local-mismatch monte carlo

option SCALE: Scale is set to 1e-06 for instance and model parameters
option SCALE: Scale is set to 1e-06 for instance and model parameters
option SCALE: Scale is set to 1e-06 for instance and model parameters
option SCALE: Scale is set to 1e-06 for instance and model parameters
Doing analysis at TEMP = 27.000000 and TNOM = 27.000000

Using KLU as Direct Linear Solver

No. of Data Rows : 1
da1 = -1.02221e-04
da10 = -5.39880e-05
dr1 = 5.444098e-02
dr10 = 5.491363e-02
vr1a = 6.795725e-01
vr1b = 6.251315e-01
vr10a = 7.403343e-01
vr10b = 6.854206e-01
Reset re-loads circuit * tb_pnp_mismatch.spice -- sky130 substrate-pnp local-mismatch monte carlo

Circuit: * tb_pnp_mismatch.spice -- sky130 substrate-pnp local-mismatch monte carlo

option SCALE: Scale is set to 1e-06 for instance and model parameters
option SCALE: Scale is set to 1e-06 for instance and model parameters
option SCALE: Scale is set to 1e-06 for instance and model parameters
option SCALE: Scale is set to 1e-06 for instance and model parameters
Doing analysis at TEMP = 27.000000 and TNOM = 27.000000

Using KLU as Direct Linear Solver

No. of Data Rows : 1
da1 = 6.481092e-05
da10 = -2.03004e-04
dr1 = 5.439256e-02
dr10 = 5.497826e-02
vr1a = 6.795063e-01
vr1b = 6.251137e-01
vr10a = 7.404079e-01
vr10b = 6.854296e-01
Reset re-loads circuit * tb_pnp_mismatch.spice -- sky130 substrate-pnp local-mismatch monte carlo

Circuit: * tb_pnp_mismatch.spice -- sky130 substrate-pnp local-mismatch monte carlo

option SCALE: Scale is set to 1e-06 for instance and model parameters
option SCALE: Scale is set to 1e-06 for instance and model parameters
option SCALE: Scale is set to 1e-06 for instance and model parameters
option SCALE: Scale is set to 1e-06 for instance and model parameters
Doing analysis at TEMP = 27.000000 and TNOM = 27.000000

Using KLU as Direct Linear Solver

No. of Data Rows : 1
da1 = -1.51338e-04
da10 = 8.535548e-06
dr1 = 5.443448e-02
dr10 = 5.498158e-02
vr1a = 6.795885e-01
vr1b = 6.251541e-01
vr10a = 7.404007e-01
vr10b = 6.854191e-01
Reset re-loads circuit * tb_pnp_mismatch.spice -- sky130 substrate-pnp local-mismatch monte carlo

Circuit: * tb_pnp_mismatch.spice -- sky130 substrate-pnp local-mismatch monte carlo

option SCALE: Scale is set to 1e-06 for instance and model parameters
option SCALE: Scale is set to 1e-06 for instance and model parameters
option SCALE: Scale is set to 1e-06 for instance and model parameters
option SCALE: Scale is set to 1e-06 for instance and model parameters
Doing analysis at TEMP = 27.000000 and TNOM = 27.000000

Using KLU as Direct Linear Solver

No. of Data Rows : 1
da1 = -7.19543e-05
da10 = -7.42527e-05
dr1 = 5.435296e-02
dr10 = 5.494160e-02
vr1a = 6.795243e-01
vr1b = 6.251713e-01
vr10a = 7.403239e-01
vr10b = 6.853823e-01
Reset re-loads circuit * tb_pnp_mismatch.spice -- sky130 substrate-pnp local-mismatch monte carlo

Circuit: * tb_pnp_mismatch.spice -- sky130 substrate-pnp local-mismatch monte carlo

option SCALE: Scale is set to 1e-06 for instance and model parameters
option SCALE: Scale is set to 1e-06 for instance and model parameters
option SCALE: Scale is set to 1e-06 for instance and model parameters
option SCALE: Scale is set to 1e-06 for instance and model parameters
Doing analysis at TEMP = 27.000000 and TNOM = 27.000000

Using KLU as Direct Linear Solver

No. of Data Rows : 1
da1 = 2.201747e-05
da10 = -7.78078e-05
dr1 = 5.448038e-02
dr10 = 5.489289e-02
vr1a = 6.796763e-01
vr1b = 6.251959e-01
vr10a = 7.402686e-01
vr10b = 6.853757e-01
Reset re-loads circuit * tb_pnp_mismatch.spice -- sky130 substrate-pnp local-mismatch monte carlo

Circuit: * tb_pnp_mismatch.spice -- sky130 substrate-pnp local-mismatch monte carlo

option SCALE: Scale is set to 1e-06 for instance and model parameters
option SCALE: Scale is set to 1e-06 for instance and model parameters
option SCALE: Scale is set to 1e-06 for instance and model parameters
option SCALE: Scale is set to 1e-06 for instance and model parameters
Doing analysis at TEMP = 27.000000 and TNOM = 27.000000

Using KLU as Direct Linear Solver

No. of Data Rows : 1
da1 = 2.244181e-04
da10 = 9.492644e-05
dr1 = 5.425764e-02
dr10 = 5.488248e-02
vr1a = 6.794412e-01
vr1b = 6.251836e-01
vr10a = 7.403226e-01
vr10b = 6.854401e-01
Reset re-loads circuit * tb_pnp_mismatch.spice -- sky130 substrate-pnp local-mismatch monte carlo

Circuit: * tb_pnp_mismatch.spice -- sky130 substrate-pnp local-mismatch monte carlo

option SCALE: Scale is set to 1e-06 for instance and model parameters
option SCALE: Scale is set to 1e-06 for instance and model parameters
option SCALE: Scale is set to 1e-06 for instance and model parameters
option SCALE: Scale is set to 1e-06 for instance and model parameters
Doing analysis at TEMP = 27.000000 and TNOM = 27.000000

Using KLU as Direct Linear Solver

No. of Data Rows : 1
da1 = -1.12691e-04
da10 = 8.551965e-05
dr1 = 5.440786e-02
dr10 = 5.492788e-02
vr1a = 6.795579e-01
vr1b = 6.251501e-01
vr10a = 7.403303e-01
vr10b = 6.854024e-01
Reset re-loads circuit * tb_pnp_mismatch.spice -- sky130 substrate-pnp local-mismatch monte carlo

Circuit: * tb_pnp_mismatch.spice -- sky130 substrate-pnp local-mismatch monte carlo

option SCALE: Scale is set to 1e-06 for instance and model parameters
option SCALE: Scale is set to 1e-06 for instance and model parameters
option SCALE: Scale is set to 1e-06 for instance and model parameters
option SCALE: Scale is set to 1e-06 for instance and model parameters
Doing analysis at TEMP = 27.000000 and TNOM = 27.000000

Using KLU as Direct Linear Solver

No. of Data Rows : 1
da1 = 1.699063e-04
da10 = 1.946920e-04
dr1 = 5.443337e-02
dr10 = 5.501530e-02
vr1a = 6.795755e-01
vr1b = 6.251421e-01
vr10a = 7.404361e-01
vr10b = 6.854208e-01
Reset re-loads circuit * tb_pnp_mismatch.spice -- sky130 substrate-pnp local-mismatch monte carlo

Circuit: * tb_pnp_mismatch.spice -- sky130 substrate-pnp local-mismatch monte carlo

option SCALE: Scale is set to 1e-06 for instance and model parameters
option SCALE: Scale is set to 1e-06 for instance and model parameters
option SCALE: Scale is set to 1e-06 for instance and model parameters
option SCALE: Scale is set to 1e-06 for instance and model parameters
Doing analysis at TEMP = 27.000000 and TNOM = 27.000000

Using KLU as Direct Linear Solver

No. of Data Rows : 1
da1 = -1.37722e-04
da10 = 3.990555e-06
dr1 = 5.451854e-02
dr10 = 5.486820e-02
vr1a = 6.796618e-01
vr1b = 6.251432e-01
vr10a = 7.402835e-01
vr10b = 6.854153e-01
Reset re-loads circuit * tb_pnp_mismatch.spice -- sky130 substrate-pnp local-mismatch monte carlo

Circuit: * tb_pnp_mismatch.spice -- sky130 substrate-pnp local-mismatch monte carlo

option SCALE: Scale is set to 1e-06 for instance and model parameters
option SCALE: Scale is set to 1e-06 for instance and model parameters
option SCALE: Scale is set to 1e-06 for instance and model parameters
option SCALE: Scale is set to 1e-06 for instance and model parameters
Doing analysis at TEMP = 27.000000 and TNOM = 27.000000

Using KLU as Direct Linear Solver

No. of Data Rows : 1
da1 = -4.48060e-05
da10 = 3.557483e-05
dr1 = 5.454636e-02
dr10 = 5.494698e-02
vr1a = 6.796632e-01
vr1b = 6.251168e-01
vr10a = 7.403168e-01
vr10b = 6.853698e-01
Reset re-loads circuit * tb_pnp_mismatch.spice -- sky130 substrate-pnp local-mismatch monte carlo

Circuit: * tb_pnp_mismatch.spice -- sky130 substrate-pnp local-mismatch monte carlo

option SCALE: Scale is set to 1e-06 for instance and model parameters
option SCALE: Scale is set to 1e-06 for instance and model parameters
option SCALE: Scale is set to 1e-06 for instance and model parameters
option SCALE: Scale is set to 1e-06 for instance and model parameters
Doing analysis at TEMP = 27.000000 and TNOM = 27.000000

Using KLU as Direct Linear Solver

No. of Data Rows : 1
da1 = 1.235321e-04
da10 = -9.04930e-05
dr1 = 5.442965e-02
dr10 = 5.488483e-02
vr1a = 6.795563e-01
vr1b = 6.251266e-01
vr10a = 7.403001e-01
vr10b = 6.854153e-01
Reset re-loads circuit * tb_pnp_mismatch.spice -- sky130 substrate-pnp local-mismatch monte carlo

Circuit: * tb_pnp_mismatch.spice -- sky130 substrate-pnp local-mismatch monte carlo

option SCALE: Scale is set to 1e-06 for instance and model parameters
option SCALE: Scale is set to 1e-06 for instance and model parameters
option SCALE: Scale is set to 1e-06 for instance and model parameters
option SCALE: Scale is set to 1e-06 for instance and model parameters
Doing analysis at TEMP = 27.000000 and TNOM = 27.000000

Using KLU as Direct Linear Solver

No. of Data Rows : 1
da1 = -3.73329e-05
da10 = -1.35909e-05
dr1 = 5.439590e-02
dr10 = 5.479661e-02
vr1a = 6.795235e-01
vr1b = 6.251276e-01
vr10a = 7.402243e-01
vr10b = 6.854277e-01
Reset re-loads circuit * tb_pnp_mismatch.spice -- sky130 substrate-pnp local-mismatch monte carlo

Circuit: * tb_pnp_mismatch.spice -- sky130 substrate-pnp local-mismatch monte carlo

option SCALE: Scale is set to 1e-06 for instance and model parameters
option SCALE: Scale is set to 1e-06 for instance and model parameters
option SCALE: Scale is set to 1e-06 for instance and model parameters
option SCALE: Scale is set to 1e-06 for instance and model parameters
Doing analysis at TEMP = 27.000000 and TNOM = 27.000000

Using KLU as Direct Linear Solver

No. of Data Rows : 1
da1 = -5.13787e-07
da10 = -1.14096e-04
dr1 = 5.429919e-02
dr10 = 5.480994e-02
vr1a = 6.794374e-01
vr1b = 6.251382e-01
vr10a = 7.402079e-01
vr10b = 6.853980e-01
Reset re-loads circuit * tb_pnp_mismatch.spice -- sky130 substrate-pnp local-mismatch monte carlo

Circuit: * tb_pnp_mismatch.spice -- sky130 substrate-pnp local-mismatch monte carlo

option SCALE: Scale is set to 1e-06 for instance and model parameters
option SCALE: Scale is set to 1e-06 for instance and model parameters
option SCALE: Scale is set to 1e-06 for instance and model parameters
option SCALE: Scale is set to 1e-06 for instance and model parameters
Doing analysis at TEMP = 27.000000 and TNOM = 27.000000

Using KLU as Direct Linear Solver

No. of Data Rows : 1
da1 = 6.205983e-05
da10 = -5.74759e-05
dr1 = 5.445734e-02
dr10 = 5.482005e-02
vr1a = 6.795891e-01
vr1b = 6.251317e-01
vr10a = 7.402085e-01
vr10b = 6.853884e-01
Reset re-loads circuit * tb_pnp_mismatch.spice -- sky130 substrate-pnp local-mismatch monte carlo

Circuit: * tb_pnp_mismatch.spice -- sky130 substrate-pnp local-mismatch monte carlo

option SCALE: Scale is set to 1e-06 for instance and model parameters
option SCALE: Scale is set to 1e-06 for instance and model parameters
option SCALE: Scale is set to 1e-06 for instance and model parameters
option SCALE: Scale is set to 1e-06 for instance and model parameters
Doing analysis at TEMP = 27.000000 and TNOM = 27.000000

Using KLU as Direct Linear Solver

No. of Data Rows : 1
da1 = -4.50346e-05
da10 = -1.84983e-04
dr1 = 5.426250e-02
dr10 = 5.493161e-02
vr1a = 6.794429e-01
vr1b = 6.251804e-01
vr10a = 7.403534e-01
vr10b = 6.854218e-01
Reset re-loads circuit * tb_pnp_mismatch.spice -- sky130 substrate-pnp local-mismatch monte carlo

Circuit: * tb_pnp_mismatch.spice -- sky130 substrate-pnp local-mismatch monte carlo

option SCALE: Scale is set to 1e-06 for instance and model parameters
option SCALE: Scale is set to 1e-06 for instance and model parameters
option SCALE: Scale is set to 1e-06 for instance and model parameters
option SCALE: Scale is set to 1e-06 for instance and model parameters
Doing analysis at TEMP = 27.000000 and TNOM = 27.000000

Using KLU as Direct Linear Solver

No. of Data Rows : 1
da1 = 1.146165e-04
da10 = -6.13690e-05
dr1 = 5.445778e-02
dr10 = 5.489977e-02
vr1a = 6.796357e-01
vr1b = 6.251779e-01
vr10a = 7.402974e-01
vr10b = 6.853976e-01
Reset re-loads circuit * tb_pnp_mismatch.spice -- sky130 substrate-pnp local-mismatch monte carlo

Circuit: * tb_pnp_mismatch.spice -- sky130 substrate-pnp local-mismatch monte carlo

option SCALE: Scale is set to 1e-06 for instance and model parameters
option SCALE: Scale is set to 1e-06 for instance and model parameters
option SCALE: Scale is set to 1e-06 for instance and model parameters
option SCALE: Scale is set to 1e-06 for instance and model parameters
Doing analysis at TEMP = 27.000000 and TNOM = 27.000000

Using KLU as Direct Linear Solver

No. of Data Rows : 1
da1 = 1.113027e-04
da10 = 5.430097e-05
dr1 = 5.430737e-02
dr10 = 5.479044e-02
vr1a = 6.794544e-01
vr1b = 6.251470e-01
vr10a = 7.402243e-01
vr10b = 6.854339e-01
Reset re-loads circuit * tb_pnp_mismatch.spice -- sky130 substrate-pnp local-mismatch monte carlo

Circuit: * tb_pnp_mismatch.spice -- sky130 substrate-pnp local-mismatch monte carlo

option SCALE: Scale is set to 1e-06 for instance and model parameters
option SCALE: Scale is set to 1e-06 for instance and model parameters
option SCALE: Scale is set to 1e-06 for instance and model parameters
option SCALE: Scale is set to 1e-06 for instance and model parameters
Doing analysis at TEMP = 27.000000 and TNOM = 27.000000

Using KLU as Direct Linear Solver

No. of Data Rows : 1
da1 = 7.741731e-05
da10 = -1.66826e-04
dr1 = 5.442373e-02
dr10 = 5.478785e-02
vr1a = 6.795365e-01
vr1b = 6.251128e-01
vr10a = 7.402314e-01
vr10b = 6.854436e-01
Reset re-loads circuit * tb_pnp_mismatch.spice -- sky130 substrate-pnp local-mismatch monte carlo

Circuit: * tb_pnp_mismatch.spice -- sky130 substrate-pnp local-mismatch monte carlo

option SCALE: Scale is set to 1e-06 for instance and model parameters
option SCALE: Scale is set to 1e-06 for instance and model parameters
option SCALE: Scale is set to 1e-06 for instance and model parameters
option SCALE: Scale is set to 1e-06 for instance and model parameters
Doing analysis at TEMP = 27.000000 and TNOM = 27.000000

Using KLU as Direct Linear Solver

No. of Data Rows : 1
da1 = 2.010885e-05
da10 = -5.44353e-05
dr1 = 5.431129e-02
dr10 = 5.481108e-02
vr1a = 6.794848e-01
vr1b = 6.251735e-01
vr10a = 7.402232e-01
vr10b = 6.854121e-01
Reset re-loads circuit * tb_pnp_mismatch.spice -- sky130 substrate-pnp local-mismatch monte carlo

Circuit: * tb_pnp_mismatch.spice -- sky130 substrate-pnp local-mismatch monte carlo

option SCALE: Scale is set to 1e-06 for instance and model parameters
option SCALE: Scale is set to 1e-06 for instance and model parameters
option SCALE: Scale is set to 1e-06 for instance and model parameters
option SCALE: Scale is set to 1e-06 for instance and model parameters
Doing analysis at TEMP = 27.000000 and TNOM = 27.000000

Using KLU as Direct Linear Solver

No. of Data Rows : 1
da1 = 8.007314e-05
da10 = 6.032339e-05
dr1 = 5.459357e-02
dr10 = 5.480262e-02
vr1a = 6.796859e-01
vr1b = 6.250923e-01
vr10a = 7.402362e-01
vr10b = 6.854336e-01
Reset re-loads circuit * tb_pnp_mismatch.spice -- sky130 substrate-pnp local-mismatch monte carlo

Circuit: * tb_pnp_mismatch.spice -- sky130 substrate-pnp local-mismatch monte carlo

option SCALE: Scale is set to 1e-06 for instance and model parameters
option SCALE: Scale is set to 1e-06 for instance and model parameters
option SCALE: Scale is set to 1e-06 for instance and model parameters
option SCALE: Scale is set to 1e-06 for instance and model parameters
Doing analysis at TEMP = 27.000000 and TNOM = 27.000000

Using KLU as Direct Linear Solver

No. of Data Rows : 1
da1 = 1.493621e-05
da10 = -1.41980e-05
dr1 = 5.445463e-02
dr10 = 5.499100e-02
vr1a = 6.796026e-01
vr1b = 6.251479e-01
vr10a = 7.403924e-01
vr10b = 6.854014e-01
Reset re-loads circuit * tb_pnp_mismatch.spice -- sky130 substrate-pnp local-mismatch monte carlo

Circuit: * tb_pnp_mismatch.spice -- sky130 substrate-pnp local-mismatch monte carlo

option SCALE: Scale is set to 1e-06 for instance and model parameters
option SCALE: Scale is set to 1e-06 for instance and model parameters
option SCALE: Scale is set to 1e-06 for instance and model parameters
option SCALE: Scale is set to 1e-06 for instance and model parameters
Doing analysis at TEMP = 27.000000 and TNOM = 27.000000

Using KLU as Direct Linear Solver

No. of Data Rows : 1
da1 = 1.887525e-04
da10 = 1.051155e-04
dr1 = 5.435563e-02
dr10 = 5.484852e-02
vr1a = 6.795059e-01
vr1b = 6.251503e-01
vr10a = 7.402685e-01
vr10b = 6.854200e-01
Reset re-loads circuit * tb_pnp_mismatch.spice -- sky130 substrate-pnp local-mismatch monte carlo

Circuit: * tb_pnp_mismatch.spice -- sky130 substrate-pnp local-mismatch monte carlo

option SCALE: Scale is set to 1e-06 for instance and model parameters
option SCALE: Scale is set to 1e-06 for instance and model parameters
option SCALE: Scale is set to 1e-06 for instance and model parameters
option SCALE: Scale is set to 1e-06 for instance and model parameters
Doing analysis at TEMP = 27.000000 and TNOM = 27.000000

Using KLU as Direct Linear Solver

No. of Data Rows : 1
da1 = 1.054868e-05
da10 = -3.68626e-05
dr1 = 5.429998e-02
dr10 = 5.480117e-02
vr1a = 6.794410e-01
vr1b = 6.251411e-01
vr10a = 7.401988e-01
vr10b = 6.853977e-01
Reset re-loads circuit * tb_pnp_mismatch.spice -- sky130 substrate-pnp local-mismatch monte carlo

Circuit: * tb_pnp_mismatch.spice -- sky130 substrate-pnp local-mismatch monte carlo

option SCALE: Scale is set to 1e-06 for instance and model parameters
option SCALE: Scale is set to 1e-06 for instance and model parameters
option SCALE: Scale is set to 1e-06 for instance and model parameters
option SCALE: Scale is set to 1e-06 for instance and model parameters
Doing analysis at TEMP = 27.000000 and TNOM = 27.000000

Using KLU as Direct Linear Solver

No. of Data Rows : 1
da1 = 1.834003e-04
da10 = 2.718410e-05
dr1 = 5.448124e-02
dr10 = 5.480262e-02
vr1a = 6.796655e-01
vr1b = 6.251842e-01
vr10a = 7.402344e-01
vr10b = 6.854318e-01
Reset re-loads circuit * tb_pnp_mismatch.spice -- sky130 substrate-pnp local-mismatch monte carlo

Circuit: * tb_pnp_mismatch.spice -- sky130 substrate-pnp local-mismatch monte carlo

option SCALE: Scale is set to 1e-06 for instance and model parameters
option SCALE: Scale is set to 1e-06 for instance and model parameters
option SCALE: Scale is set to 1e-06 for instance and model parameters
option SCALE: Scale is set to 1e-06 for instance and model parameters
Doing analysis at TEMP = 27.000000 and TNOM = 27.000000

Using KLU as Direct Linear Solver

No. of Data Rows : 1
da1 = -1.97669e-04
da10 = -1.79067e-04
dr1 = 5.442396e-02
dr10 = 5.491018e-02
vr1a = 6.795553e-01
vr1b = 6.251313e-01
vr10a = 7.403586e-01
vr10b = 6.854484e-01
Reset re-loads circuit * tb_pnp_mismatch.spice -- sky130 substrate-pnp local-mismatch monte carlo

Circuit: * tb_pnp_mismatch.spice -- sky130 substrate-pnp local-mismatch monte carlo

option SCALE: Scale is set to 1e-06 for instance and model parameters
option SCALE: Scale is set to 1e-06 for instance and model parameters
option SCALE: Scale is set to 1e-06 for instance and model parameters
option SCALE: Scale is set to 1e-06 for instance and model parameters
Doing analysis at TEMP = 27.000000 and TNOM = 27.000000

Using KLU as Direct Linear Solver

No. of Data Rows : 1
da1 = 4.878556e-05
da10 = -8.60690e-05
dr1 = 5.437459e-02
dr10 = 5.488213e-02
vr1a = 6.795145e-01
vr1b = 6.251399e-01
vr10a = 7.403084e-01
vr10b = 6.854262e-01
Reset re-loads circuit * tb_pnp_mismatch.spice -- sky130 substrate-pnp local-mismatch monte carlo

Circuit: * tb_pnp_mismatch.spice -- sky130 substrate-pnp local-mismatch monte carlo

option SCALE: Scale is set to 1e-06 for instance and model parameters
option SCALE: Scale is set to 1e-06 for instance and model parameters
option SCALE: Scale is set to 1e-06 for instance and model parameters
option SCALE: Scale is set to 1e-06 for instance and model parameters
Doing analysis at TEMP = 27.000000 and TNOM = 27.000000

Using KLU as Direct Linear Solver

No. of Data Rows : 1
da1 = -1.49094e-04
da10 = -7.94060e-05
dr1 = 5.453605e-02
dr10 = 5.497672e-02
vr1a = 6.796412e-01
vr1b = 6.251051e-01
vr10a = 7.403550e-01
vr10b = 6.853783e-01
Reset re-loads circuit * tb_pnp_mismatch.spice -- sky130 substrate-pnp local-mismatch monte carlo

Circuit: * tb_pnp_mismatch.spice -- sky130 substrate-pnp local-mismatch monte carlo

option SCALE: Scale is set to 1e-06 for instance and model parameters
option SCALE: Scale is set to 1e-06 for instance and model parameters
option SCALE: Scale is set to 1e-06 for instance and model parameters
option SCALE: Scale is set to 1e-06 for instance and model parameters
Doing analysis at TEMP = 27.000000 and TNOM = 27.000000

Using KLU as Direct Linear Solver

No. of Data Rows : 1
da1 = -1.28090e-05
da10 = -1.22942e-04
dr1 = 5.446093e-02
dr10 = 5.487616e-02
vr1a = 6.795827e-01
vr1b = 6.251218e-01
vr10a = 7.403091e-01
vr10b = 6.854329e-01
Reset re-loads circuit * tb_pnp_mismatch.spice -- sky130 substrate-pnp local-mismatch monte carlo

Circuit: * tb_pnp_mismatch.spice -- sky130 substrate-pnp local-mismatch monte carlo

option SCALE: Scale is set to 1e-06 for instance and model parameters
option SCALE: Scale is set to 1e-06 for instance and model parameters
option SCALE: Scale is set to 1e-06 for instance and model parameters
option SCALE: Scale is set to 1e-06 for instance and model parameters
Doing analysis at TEMP = 27.000000 and TNOM = 27.000000

Using KLU as Direct Linear Solver

No. of Data Rows : 1
da1 = -1.06537e-04
da10 = 8.760017e-05
dr1 = 5.439404e-02
dr10 = 5.488511e-02
vr1a = 6.795846e-01
vr1b = 6.251906e-01
vr10a = 7.402854e-01
vr10b = 6.854003e-01
Reset re-loads circuit * tb_pnp_mismatch.spice -- sky130 substrate-pnp local-mismatch monte carlo

Circuit: * tb_pnp_mismatch.spice -- sky130 substrate-pnp local-mismatch monte carlo

option SCALE: Scale is set to 1e-06 for instance and model parameters
option SCALE: Scale is set to 1e-06 for instance and model parameters
option SCALE: Scale is set to 1e-06 for instance and model parameters
option SCALE: Scale is set to 1e-06 for instance and model parameters
Doing analysis at TEMP = 27.000000 and TNOM = 27.000000

Using KLU as Direct Linear Solver

No. of Data Rows : 1
da1 = 5.898133e-05
da10 = -6.37919e-05
dr1 = 5.440862e-02
dr10 = 5.478287e-02
vr1a = 6.795686e-01
vr1b = 6.251600e-01
vr10a = 7.401944e-01
vr10b = 6.854116e-01
Reset re-loads circuit * tb_pnp_mismatch.spice -- sky130 substrate-pnp local-mismatch monte carlo

Circuit: * tb_pnp_mismatch.spice -- sky130 substrate-pnp local-mismatch monte carlo

option SCALE: Scale is set to 1e-06 for instance and model parameters
option SCALE: Scale is set to 1e-06 for instance and model parameters
option SCALE: Scale is set to 1e-06 for instance and model parameters
option SCALE: Scale is set to 1e-06 for instance and model parameters
Doing analysis at TEMP = 27.000000 and TNOM = 27.000000

Using KLU as Direct Linear Solver

No. of Data Rows : 1
da1 = 4.923326e-05
da10 = -4.37996e-05
dr1 = 5.432051e-02
dr10 = 5.490806e-02
vr1a = 6.794171e-01
vr1b = 6.250966e-01
vr10a = 7.403393e-01
vr10b = 6.854313e-01
Reset re-loads circuit * tb_pnp_mismatch.spice -- sky130 substrate-pnp local-mismatch monte carlo

Circuit: * tb_pnp_mismatch.spice -- sky130 substrate-pnp local-mismatch monte carlo

option SCALE: Scale is set to 1e-06 for instance and model parameters
option SCALE: Scale is set to 1e-06 for instance and model parameters
option SCALE: Scale is set to 1e-06 for instance and model parameters
option SCALE: Scale is set to 1e-06 for instance and model parameters
Doing analysis at TEMP = 27.000000 and TNOM = 27.000000

Using KLU as Direct Linear Solver

No. of Data Rows : 1
da1 = -8.96675e-05
da10 = -5.85895e-05
dr1 = 5.441698e-02
dr10 = 5.490206e-02
vr1a = 6.795775e-01
vr1b = 6.251605e-01
vr10a = 7.403177e-01
vr10b = 6.854156e-01
Reset re-loads circuit * tb_pnp_mismatch.spice -- sky130 substrate-pnp local-mismatch monte carlo

Circuit: * tb_pnp_mismatch.spice -- sky130 substrate-pnp local-mismatch monte carlo

option SCALE: Scale is set to 1e-06 for instance and model parameters
option SCALE: Scale is set to 1e-06 for instance and model parameters
option SCALE: Scale is set to 1e-06 for instance and model parameters
option SCALE: Scale is set to 1e-06 for instance and model parameters
Doing analysis at TEMP = 27.000000 and TNOM = 27.000000

Using KLU as Direct Linear Solver

No. of Data Rows : 1
da1 = 1.181309e-04
da10 = 3.710927e-05
dr1 = 5.433817e-02
dr10 = 5.489397e-02
vr1a = 6.795100e-01
vr1b = 6.251719e-01
vr10a = 7.403035e-01
vr10b = 6.854096e-01
Reset re-loads circuit * tb_pnp_mismatch.spice -- sky130 substrate-pnp local-mismatch monte carlo

Circuit: * tb_pnp_mismatch.spice -- sky130 substrate-pnp local-mismatch monte carlo

option SCALE: Scale is set to 1e-06 for instance and model parameters
option SCALE: Scale is set to 1e-06 for instance and model parameters
option SCALE: Scale is set to 1e-06 for instance and model parameters
option SCALE: Scale is set to 1e-06 for instance and model parameters
Doing analysis at TEMP = 27.000000 and TNOM = 27.000000

Using KLU as Direct Linear Solver
 Reference value :  0.00000e+00
No. of Data Rows : 1
da1 = 4.924597e-05
da10 = 1.566611e-05
dr1 = 5.457147e-02
dr10 = 5.484537e-02
vr1a = 6.797140e-01
vr1b = 6.251425e-01
vr10a = 7.403094e-01
vr10b = 6.854640e-01
Reset re-loads circuit * tb_pnp_mismatch.spice -- sky130 substrate-pnp local-mismatch monte carlo

Circuit: * tb_pnp_mismatch.spice -- sky130 substrate-pnp local-mismatch monte carlo

option SCALE: Scale is set to 1e-06 for instance and model parameters
option SCALE: Scale is set to 1e-06 for instance and model parameters
option SCALE: Scale is set to 1e-06 for instance and model parameters
option SCALE: Scale is set to 1e-06 for instance and model parameters
Doing analysis at TEMP = 27.000000 and TNOM = 27.000000

Using KLU as Direct Linear Solver

No. of Data Rows : 1
da1 = -1.19769e-04
da10 = -1.69448e-07
dr1 = 5.435066e-02
dr10 = 5.488235e-02
vr1a = 6.795406e-01
vr1b = 6.251899e-01
vr10a = 7.402587e-01
vr10b = 6.853764e-01
Reset re-loads circuit * tb_pnp_mismatch.spice -- sky130 substrate-pnp local-mismatch monte carlo

Circuit: * tb_pnp_mismatch.spice -- sky130 substrate-pnp local-mismatch monte carlo

option SCALE: Scale is set to 1e-06 for instance and model parameters
option SCALE: Scale is set to 1e-06 for instance and model parameters
option SCALE: Scale is set to 1e-06 for instance and model parameters
option SCALE: Scale is set to 1e-06 for instance and model parameters
Doing analysis at TEMP = 27.000000 and TNOM = 27.000000

Using KLU as Direct Linear Solver

No. of Data Rows : 1
da1 = -1.05130e-04
da10 = 3.333735e-05
dr1 = 5.449108e-02
dr10 = 5.477319e-02
vr1a = 6.796603e-01
vr1b = 6.251692e-01
vr10a = 7.402244e-01
vr10b = 6.854512e-01
Reset re-loads circuit * tb_pnp_mismatch.spice -- sky130 substrate-pnp local-mismatch monte carlo

Circuit: * tb_pnp_mismatch.spice -- sky130 substrate-pnp local-mismatch monte carlo

option SCALE: Scale is set to 1e-06 for instance and model parameters
option SCALE: Scale is set to 1e-06 for instance and model parameters
option SCALE: Scale is set to 1e-06 for instance and model parameters
option SCALE: Scale is set to 1e-06 for instance and model parameters
Doing analysis at TEMP = 27.000000 and TNOM = 27.000000

Using KLU as Direct Linear Solver

No. of Data Rows : 1
da1 = -4.74713e-05
da10 = -1.12837e-04
dr1 = 5.448101e-02
dr10 = 5.487851e-02
vr1a = 6.796479e-01
vr1b = 6.251669e-01
vr10a = 7.402983e-01
vr10b = 6.854198e-01
Reset re-loads circuit * tb_pnp_mismatch.spice -- sky130 substrate-pnp local-mismatch monte carlo

Circuit: * tb_pnp_mismatch.spice -- sky130 substrate-pnp local-mismatch monte carlo

option SCALE: Scale is set to 1e-06 for instance and model parameters
option SCALE: Scale is set to 1e-06 for instance and model parameters
option SCALE: Scale is set to 1e-06 for instance and model parameters
option SCALE: Scale is set to 1e-06 for instance and model parameters
Doing analysis at TEMP = 27.000000 and TNOM = 27.000000

Using KLU as Direct Linear Solver

No. of Data Rows : 1
da1 = -1.87335e-04
da10 = -8.87455e-05
dr1 = 5.442090e-02
dr10 = 5.487355e-02
vr1a = 6.795907e-01
vr1b = 6.251698e-01
vr10a = 7.403294e-01
vr10b = 6.854558e-01
Reset re-loads circuit * tb_pnp_mismatch.spice -- sky130 substrate-pnp local-mismatch monte carlo

Circuit: * tb_pnp_mismatch.spice -- sky130 substrate-pnp local-mismatch monte carlo

option SCALE: Scale is set to 1e-06 for instance and model parameters
option SCALE: Scale is set to 1e-06 for instance and model parameters
option SCALE: Scale is set to 1e-06 for instance and model parameters
option SCALE: Scale is set to 1e-06 for instance and model parameters
Doing analysis at TEMP = 27.000000 and TNOM = 27.000000

Using KLU as Direct Linear Solver

No. of Data Rows : 1
da1 = -1.87630e-04
da10 = 1.433682e-05
dr1 = 5.457868e-02
dr10 = 5.485084e-02
vr1a = 6.796579e-01
vr1b = 6.250792e-01
vr10a = 7.402888e-01
vr10b = 6.854380e-01
Reset re-loads circuit * tb_pnp_mismatch.spice -- sky130 substrate-pnp local-mismatch monte carlo

Circuit: * tb_pnp_mismatch.spice -- sky130 substrate-pnp local-mismatch monte carlo

option SCALE: Scale is set to 1e-06 for instance and model parameters
option SCALE: Scale is set to 1e-06 for instance and model parameters
option SCALE: Scale is set to 1e-06 for instance and model parameters
option SCALE: Scale is set to 1e-06 for instance and model parameters
Doing analysis at TEMP = 27.000000 and TNOM = 27.000000

Using KLU as Direct Linear Solver

No. of Data Rows : 1
da1 = 5.091150e-05
da10 = -5.77566e-05
dr1 = 5.440754e-02
dr10 = 5.482278e-02
vr1a = 6.795422e-01
vr1b = 6.251346e-01
vr10a = 7.402495e-01
vr10b = 6.854267e-01
Reset re-loads circuit * tb_pnp_mismatch.spice -- sky130 substrate-pnp local-mismatch monte carlo

Circuit: * tb_pnp_mismatch.spice -- sky130 substrate-pnp local-mismatch monte carlo

option SCALE: Scale is set to 1e-06 for instance and model parameters
option SCALE: Scale is set to 1e-06 for instance and model parameters
option SCALE: Scale is set to 1e-06 for instance and model parameters
option SCALE: Scale is set to 1e-06 for instance and model parameters
Doing analysis at TEMP = 27.000000 and TNOM = 27.000000

Using KLU as Direct Linear Solver

No. of Data Rows : 1
da1 = 4.588071e-05
da10 = 1.604903e-04
dr1 = 5.435761e-02
dr10 = 5.494078e-02
vr1a = 6.794999e-01
vr1b = 6.251423e-01
vr10a = 7.403479e-01
vr10b = 6.854071e-01
Reset re-loads circuit * tb_pnp_mismatch.spice -- sky130 substrate-pnp local-mismatch monte carlo

Circuit: * tb_pnp_mismatch.spice -- sky130 substrate-pnp local-mismatch monte carlo

option SCALE: Scale is set to 1e-06 for instance and model parameters
option SCALE: Scale is set to 1e-06 for instance and model parameters
option SCALE: Scale is set to 1e-06 for instance and model parameters
option SCALE: Scale is set to 1e-06 for instance and model parameters
Doing analysis at TEMP = 27.000000 and TNOM = 27.000000

Using KLU as Direct Linear Solver

No. of Data Rows : 1
da1 = 1.074588e-04
da10 = -8.43033e-05
dr1 = 5.435310e-02
dr10 = 5.486741e-02
vr1a = 6.794973e-01
vr1b = 6.251442e-01
vr10a = 7.403365e-01
vr10b = 6.854691e-01
Reset re-loads circuit * tb_pnp_mismatch.spice -- sky130 substrate-pnp local-mismatch monte carlo

Circuit: * tb_pnp_mismatch.spice -- sky130 substrate-pnp local-mismatch monte carlo

option SCALE: Scale is set to 1e-06 for instance and model parameters
option SCALE: Scale is set to 1e-06 for instance and model parameters
option SCALE: Scale is set to 1e-06 for instance and model parameters
option SCALE: Scale is set to 1e-06 for instance and model parameters
Doing analysis at TEMP = 27.000000 and TNOM = 27.000000

Using KLU as Direct Linear Solver

No. of Data Rows : 1
da1 = -8.57243e-05
da10 = 1.172611e-04
dr1 = 5.435909e-02
dr10 = 5.480729e-02
vr1a = 6.794967e-01
vr1b = 6.251377e-01
vr10a = 7.402599e-01
vr10b = 6.854526e-01
Reset re-loads circuit * tb_pnp_mismatch.spice -- sky130 substrate-pnp local-mismatch monte carlo

Circuit: * tb_pnp_mismatch.spice -- sky130 substrate-pnp local-mismatch monte carlo

option SCALE: Scale is set to 1e-06 for instance and model parameters
option SCALE: Scale is set to 1e-06 for instance and model parameters
option SCALE: Scale is set to 1e-06 for instance and model parameters
option SCALE: Scale is set to 1e-06 for instance and model parameters
Doing analysis at TEMP = 27.000000 and TNOM = 27.000000

Using KLU as Direct Linear Solver

No. of Data Rows : 1
da1 = -1.48171e-04
da10 = -9.15612e-05
dr1 = 5.433913e-02
dr10 = 5.481203e-02
vr1a = 6.795285e-01
vr1b = 6.251894e-01
vr10a = 7.402141e-01
vr10b = 6.854020e-01
Reset re-loads circuit * tb_pnp_mismatch.spice -- sky130 substrate-pnp local-mismatch monte carlo

Circuit: * tb_pnp_mismatch.spice -- sky130 substrate-pnp local-mismatch monte carlo

option SCALE: Scale is set to 1e-06 for instance and model parameters
option SCALE: Scale is set to 1e-06 for instance and model parameters
option SCALE: Scale is set to 1e-06 for instance and model parameters
option SCALE: Scale is set to 1e-06 for instance and model parameters
Doing analysis at TEMP = 27.000000 and TNOM = 27.000000

Using KLU as Direct Linear Solver

No. of Data Rows : 1
da1 = 1.066448e-04
da10 = -1.39750e-04
dr1 = 5.445181e-02
dr10 = 5.489589e-02
vr1a = 6.796341e-01
vr1b = 6.251823e-01
vr10a = 7.403419e-01
vr10b = 6.854460e-01
Reset re-loads circuit * tb_pnp_mismatch.spice -- sky130 substrate-pnp local-mismatch monte carlo

Circuit: * tb_pnp_mismatch.spice -- sky130 substrate-pnp local-mismatch monte carlo

option SCALE: Scale is set to 1e-06 for instance and model parameters
option SCALE: Scale is set to 1e-06 for instance and model parameters
option SCALE: Scale is set to 1e-06 for instance and model parameters
option SCALE: Scale is set to 1e-06 for instance and model parameters
Doing analysis at TEMP = 27.000000 and TNOM = 27.000000

Using KLU as Direct Linear Solver

No. of Data Rows : 1
da1 = -4.08310e-05
da10 = -2.19447e-05
dr1 = 5.444644e-02
dr10 = 5.483503e-02
vr1a = 6.796010e-01
vr1b = 6.251546e-01
vr10a = 7.402615e-01
vr10b = 6.854264e-01
Reset re-loads circuit * tb_pnp_mismatch.spice -- sky130 substrate-pnp local-mismatch monte carlo

Circuit: * tb_pnp_mismatch.spice -- sky130 substrate-pnp local-mismatch monte carlo

option SCALE: Scale is set to 1e-06 for instance and model parameters
option SCALE: Scale is set to 1e-06 for instance and model parameters
option SCALE: Scale is set to 1e-06 for instance and model parameters
option SCALE: Scale is set to 1e-06 for instance and model parameters
Doing analysis at TEMP = 27.000000 and TNOM = 27.000000

Using KLU as Direct Linear Solver

No. of Data Rows : 1
da1 = 6.109100e-05
da10 = 5.566291e-05
dr1 = 5.439526e-02
dr10 = 5.485705e-02
vr1a = 6.795888e-01
vr1b = 6.251936e-01
vr10a = 7.402666e-01
vr10b = 6.854096e-01
Reset re-loads circuit * tb_pnp_mismatch.spice -- sky130 substrate-pnp local-mismatch monte carlo

Circuit: * tb_pnp_mismatch.spice -- sky130 substrate-pnp local-mismatch monte carlo

option SCALE: Scale is set to 1e-06 for instance and model parameters
option SCALE: Scale is set to 1e-06 for instance and model parameters
option SCALE: Scale is set to 1e-06 for instance and model parameters
option SCALE: Scale is set to 1e-06 for instance and model parameters
Doing analysis at TEMP = 27.000000 and TNOM = 27.000000

Using KLU as Direct Linear Solver

No. of Data Rows : 1
da1 = 2.316375e-05
da10 = -8.71492e-05
dr1 = 5.437601e-02
dr10 = 5.484997e-02
vr1a = 6.795043e-01
vr1b = 6.251283e-01
vr10a = 7.402311e-01
vr10b = 6.853811e-01
Reset re-loads circuit * tb_pnp_mismatch.spice -- sky130 substrate-pnp local-mismatch monte carlo

Circuit: * tb_pnp_mismatch.spice -- sky130 substrate-pnp local-mismatch monte carlo

option SCALE: Scale is set to 1e-06 for instance and model parameters
option SCALE: Scale is set to 1e-06 for instance and model parameters
option SCALE: Scale is set to 1e-06 for instance and model parameters
option SCALE: Scale is set to 1e-06 for instance and model parameters
Doing analysis at TEMP = 27.000000 and TNOM = 27.000000

Using KLU as Direct Linear Solver

No. of Data Rows : 1
da1 = -1.71425e-04
da10 = -4.33844e-05
dr1 = 5.447806e-02
dr10 = 5.481342e-02
vr1a = 6.796676e-01
vr1b = 6.251895e-01
vr10a = 7.402087e-01
vr10b = 6.853953e-01
Reset re-loads circuit * tb_pnp_mismatch.spice -- sky130 substrate-pnp local-mismatch monte carlo

Circuit: * tb_pnp_mismatch.spice -- sky130 substrate-pnp local-mismatch monte carlo

option SCALE: Scale is set to 1e-06 for instance and model parameters
option SCALE: Scale is set to 1e-06 for instance and model parameters
option SCALE: Scale is set to 1e-06 for instance and model parameters
option SCALE: Scale is set to 1e-06 for instance and model parameters
Doing analysis at TEMP = 27.000000 and TNOM = 27.000000

Using KLU as Direct Linear Solver

No. of Data Rows : 1
da1 = -6.08760e-05
da10 = 9.053992e-05
dr1 = 5.442068e-02
dr10 = 5.480318e-02
vr1a = 6.795506e-01
vr1b = 6.251299e-01
vr10a = 7.401928e-01
vr10b = 6.853897e-01
Reset re-loads circuit * tb_pnp_mismatch.spice -- sky130 substrate-pnp local-mismatch monte carlo

Circuit: * tb_pnp_mismatch.spice -- sky130 substrate-pnp local-mismatch monte carlo

option SCALE: Scale is set to 1e-06 for instance and model parameters
option SCALE: Scale is set to 1e-06 for instance and model parameters
option SCALE: Scale is set to 1e-06 for instance and model parameters
option SCALE: Scale is set to 1e-06 for instance and model parameters
Doing analysis at TEMP = 27.000000 and TNOM = 27.000000

Using KLU as Direct Linear Solver

No. of Data Rows : 1
da1 = 3.805727e-05
da10 = 2.859403e-05
dr1 = 5.450685e-02
dr10 = 5.483743e-02
vr1a = 6.796525e-01
vr1b = 6.251456e-01
vr10a = 7.402841e-01
vr10b = 6.854467e-01
Reset re-loads circuit * tb_pnp_mismatch.spice -- sky130 substrate-pnp local-mismatch monte carlo

Circuit: * tb_pnp_mismatch.spice -- sky130 substrate-pnp local-mismatch monte carlo

option SCALE: Scale is set to 1e-06 for instance and model parameters
option SCALE: Scale is set to 1e-06 for instance and model parameters
option SCALE: Scale is set to 1e-06 for instance and model parameters
option SCALE: Scale is set to 1e-06 for instance and model parameters
Doing analysis at TEMP = 27.000000 and TNOM = 27.000000

Using KLU as Direct Linear Solver

No. of Data Rows : 1
da1 = -1.34164e-04
da10 = -5.92490e-05
dr1 = 5.440263e-02
dr10 = 5.487591e-02
vr1a = 6.795431e-01
vr1b = 6.251405e-01
vr10a = 7.402507e-01
vr10b = 6.853748e-01
Reset re-loads circuit * tb_pnp_mismatch.spice -- sky130 substrate-pnp local-mismatch monte carlo

Circuit: * tb_pnp_mismatch.spice -- sky130 substrate-pnp local-mismatch monte carlo

option SCALE: Scale is set to 1e-06 for instance and model parameters
option SCALE: Scale is set to 1e-06 for instance and model parameters
option SCALE: Scale is set to 1e-06 for instance and model parameters
option SCALE: Scale is set to 1e-06 for instance and model parameters
Doing analysis at TEMP = 27.000000 and TNOM = 27.000000

Using KLU as Direct Linear Solver

No. of Data Rows : 1
da1 = 9.877301e-05
da10 = -1.19425e-04
dr1 = 5.441981e-02
dr10 = 5.481741e-02
vr1a = 6.795719e-01
vr1b = 6.251521e-01
vr10a = 7.402771e-01
vr10b = 6.854597e-01
Reset re-loads circuit * tb_pnp_mismatch.spice -- sky130 substrate-pnp local-mismatch monte carlo

Circuit: * tb_pnp_mismatch.spice -- sky130 substrate-pnp local-mismatch monte carlo

option SCALE: Scale is set to 1e-06 for instance and model parameters
option SCALE: Scale is set to 1e-06 for instance and model parameters
option SCALE: Scale is set to 1e-06 for instance and model parameters
option SCALE: Scale is set to 1e-06 for instance and model parameters
Doing analysis at TEMP = 27.000000 and TNOM = 27.000000

Using KLU as Direct Linear Solver

No. of Data Rows : 1
da1 = 5.767440e-05
da10 = 4.255611e-05
dr1 = 5.445312e-02
dr10 = 5.489694e-02
vr1a = 6.796029e-01
vr1b = 6.251498e-01
vr10a = 7.403375e-01
vr10b = 6.854406e-01
Reset re-loads circuit * tb_pnp_mismatch.spice -- sky130 substrate-pnp local-mismatch monte carlo

Circuit: * tb_pnp_mismatch.spice -- sky130 substrate-pnp local-mismatch monte carlo

option SCALE: Scale is set to 1e-06 for instance and model parameters
option SCALE: Scale is set to 1e-06 for instance and model parameters
option SCALE: Scale is set to 1e-06 for instance and model parameters
option SCALE: Scale is set to 1e-06 for instance and model parameters
Doing analysis at TEMP = 27.000000 and TNOM = 27.000000

Using KLU as Direct Linear Solver

No. of Data Rows : 1
da1 = -9.73999e-06
da10 = 2.854253e-05
dr1 = 5.422570e-02
dr10 = 5.475181e-02
vr1a = 6.794270e-01
vr1b = 6.252013e-01
vr10a = 7.401468e-01
vr10b = 6.853949e-01
Reset re-loads circuit * tb_pnp_mismatch.spice -- sky130 substrate-pnp local-mismatch monte carlo

Circuit: * tb_pnp_mismatch.spice -- sky130 substrate-pnp local-mismatch monte carlo

option SCALE: Scale is set to 1e-06 for instance and model parameters
option SCALE: Scale is set to 1e-06 for instance and model parameters
option SCALE: Scale is set to 1e-06 for instance and model parameters
option SCALE: Scale is set to 1e-06 for instance and model parameters
Doing analysis at TEMP = 27.000000 and TNOM = 27.000000

Using KLU as Direct Linear Solver

No. of Data Rows : 1
da1 = -4.92778e-05
da10 = 1.165238e-04
dr1 = 5.445070e-02
dr10 = 5.483524e-02
vr1a = 6.795665e-01
vr1b = 6.251158e-01
vr10a = 7.403024e-01
vr10b = 6.854672e-01
Reset re-loads circuit * tb_pnp_mismatch.spice -- sky130 substrate-pnp local-mismatch monte carlo

Circuit: * tb_pnp_mismatch.spice -- sky130 substrate-pnp local-mismatch monte carlo

option SCALE: Scale is set to 1e-06 for instance and model parameters
option SCALE: Scale is set to 1e-06 for instance and model parameters
option SCALE: Scale is set to 1e-06 for instance and model parameters
option SCALE: Scale is set to 1e-06 for instance and model parameters
Doing analysis at TEMP = 27.000000 and TNOM = 27.000000

Using KLU as Direct Linear Solver

No. of Data Rows : 1
da1 = 1.241114e-04
da10 = -7.03055e-05
dr1 = 5.433877e-02
dr10 = 5.492932e-02
vr1a = 6.794695e-01
vr1b = 6.251307e-01
vr10a = 7.402920e-01
vr10b = 6.853627e-01
Reset re-loads circuit * tb_pnp_mismatch.spice -- sky130 substrate-pnp local-mismatch monte carlo

Circuit: * tb_pnp_mismatch.spice -- sky130 substrate-pnp local-mismatch monte carlo

option SCALE: Scale is set to 1e-06 for instance and model parameters
option SCALE: Scale is set to 1e-06 for instance and model parameters
option SCALE: Scale is set to 1e-06 for instance and model parameters
option SCALE: Scale is set to 1e-06 for instance and model parameters
Doing analysis at TEMP = 27.000000 and TNOM = 27.000000

Using KLU as Direct Linear Solver

No. of Data Rows : 1
da1 = 9.773615e-05
da10 = -5.87492e-05
dr1 = 5.449716e-02
dr10 = 5.485140e-02
vr1a = 6.796163e-01
vr1b = 6.251191e-01
vr10a = 7.402778e-01
vr10b = 6.854264e-01
Reset re-loads circuit * tb_pnp_mismatch.spice -- sky130 substrate-pnp local-mismatch monte carlo

Circuit: * tb_pnp_mismatch.spice -- sky130 substrate-pnp local-mismatch monte carlo

option SCALE: Scale is set to 1e-06 for instance and model parameters
option SCALE: Scale is set to 1e-06 for instance and model parameters
option SCALE: Scale is set to 1e-06 for instance and model parameters
option SCALE: Scale is set to 1e-06 for instance and model parameters
Doing analysis at TEMP = 27.000000 and TNOM = 27.000000

Using KLU as Direct Linear Solver

No. of Data Rows : 1
da1 = 6.869122e-05
da10 = -5.87938e-07
dr1 = 5.433231e-02
dr10 = 5.479482e-02
vr1a = 6.795314e-01
vr1b = 6.251990e-01
vr10a = 7.402050e-01
vr10b = 6.854102e-01
Reset re-loads circuit * tb_pnp_mismatch.spice -- sky130 substrate-pnp local-mismatch monte carlo

Circuit: * tb_pnp_mismatch.spice -- sky130 substrate-pnp local-mismatch monte carlo

option SCALE: Scale is set to 1e-06 for instance and model parameters
option SCALE: Scale is set to 1e-06 for instance and model parameters
option SCALE: Scale is set to 1e-06 for instance and model parameters
option SCALE: Scale is set to 1e-06 for instance and model parameters
Doing analysis at TEMP = 27.000000 and TNOM = 27.000000

Using KLU as Direct Linear Solver

No. of Data Rows : 1
da1 = 1.658842e-05
da10 = -2.67301e-06
dr1 = 5.452304e-02
dr10 = 5.493101e-02
vr1a = 6.796506e-01
vr1b = 6.251275e-01
vr10a = 7.403145e-01
vr10b = 6.853835e-01
Reset re-loads circuit * tb_pnp_mismatch.spice -- sky130 substrate-pnp local-mismatch monte carlo

Circuit: * tb_pnp_mismatch.spice -- sky130 substrate-pnp local-mismatch monte carlo

option SCALE: Scale is set to 1e-06 for instance and model parameters
option SCALE: Scale is set to 1e-06 for instance and model parameters
option SCALE: Scale is set to 1e-06 for instance and model parameters
option SCALE: Scale is set to 1e-06 for instance and model parameters
Doing analysis at TEMP = 27.000000 and TNOM = 27.000000

Using KLU as Direct Linear Solver

No. of Data Rows : 1
da1 = 1.245450e-05
da10 = 7.428114e-05
dr1 = 5.453478e-02
dr10 = 5.498663e-02
vr1a = 6.796756e-01
vr1b = 6.251408e-01
vr10a = 7.403892e-01
vr10b = 6.854026e-01
Reset re-loads circuit * tb_pnp_mismatch.spice -- sky130 substrate-pnp local-mismatch monte carlo

Circuit: * tb_pnp_mismatch.spice -- sky130 substrate-pnp local-mismatch monte carlo

option SCALE: Scale is set to 1e-06 for instance and model parameters
option SCALE: Scale is set to 1e-06 for instance and model parameters
option SCALE: Scale is set to 1e-06 for instance and model parameters
option SCALE: Scale is set to 1e-06 for instance and model parameters
Doing analysis at TEMP = 27.000000 and TNOM = 27.000000

Using KLU as Direct Linear Solver

No. of Data Rows : 1
da1 = 2.352029e-05
da10 = -2.33012e-04
dr1 = 5.433365e-02
dr10 = 5.483818e-02
vr1a = 6.794809e-01
vr1b = 6.251472e-01
vr10a = 7.402602e-01
vr10b = 6.854220e-01
Reset re-loads circuit * tb_pnp_mismatch.spice -- sky130 substrate-pnp local-mismatch monte carlo

Circuit: * tb_pnp_mismatch.spice -- sky130 substrate-pnp local-mismatch monte carlo

option SCALE: Scale is set to 1e-06 for instance and model parameters
option SCALE: Scale is set to 1e-06 for instance and model parameters
option SCALE: Scale is set to 1e-06 for instance and model parameters
option SCALE: Scale is set to 1e-06 for instance and model parameters
Doing analysis at TEMP = 27.000000 and TNOM = 27.000000

Using KLU as Direct Linear Solver

No. of Data Rows : 1
da1 = -2.22939e-05
da10 = 4.418849e-07
dr1 = 5.440533e-02
dr10 = 5.484226e-02
vr1a = 6.795369e-01
vr1b = 6.251315e-01
vr10a = 7.402811e-01
vr10b = 6.854388e-01
Reset re-loads circuit * tb_pnp_mismatch.spice -- sky130 substrate-pnp local-mismatch monte carlo

Circuit: * tb_pnp_mismatch.spice -- sky130 substrate-pnp local-mismatch monte carlo

option SCALE: Scale is set to 1e-06 for instance and model parameters
option SCALE: Scale is set to 1e-06 for instance and model parameters
option SCALE: Scale is set to 1e-06 for instance and model parameters
option SCALE: Scale is set to 1e-06 for instance and model parameters
Doing analysis at TEMP = 27.000000 and TNOM = 27.000000

Using KLU as Direct Linear Solver

No. of Data Rows : 1
da1 = 1.345500e-04
da10 = -4.25044e-05
dr1 = 5.442601e-02
dr10 = 5.486129e-02
vr1a = 6.795556e-01
vr1b = 6.251296e-01
vr10a = 7.402847e-01
vr10b = 6.854234e-01
Reset re-loads circuit * tb_pnp_mismatch.spice -- sky130 substrate-pnp local-mismatch monte carlo

Circuit: * tb_pnp_mismatch.spice -- sky130 substrate-pnp local-mismatch monte carlo

option SCALE: Scale is set to 1e-06 for instance and model parameters
option SCALE: Scale is set to 1e-06 for instance and model parameters
option SCALE: Scale is set to 1e-06 for instance and model parameters
option SCALE: Scale is set to 1e-06 for instance and model parameters
Doing analysis at TEMP = 27.000000 and TNOM = 27.000000

Using KLU as Direct Linear Solver

No. of Data Rows : 1
da1 = 6.148232e-06
da10 = -6.41852e-05
dr1 = 5.457844e-02
dr10 = 5.483397e-02
vr1a = 6.797164e-01
vr1b = 6.251380e-01
vr10a = 7.402447e-01
vr10b = 6.854107e-01
Reset re-loads circuit * tb_pnp_mismatch.spice -- sky130 substrate-pnp local-mismatch monte carlo

Circuit: * tb_pnp_mismatch.spice -- sky130 substrate-pnp local-mismatch monte carlo

option SCALE: Scale is set to 1e-06 for instance and model parameters
option SCALE: Scale is set to 1e-06 for instance and model parameters
option SCALE: Scale is set to 1e-06 for instance and model parameters
option SCALE: Scale is set to 1e-06 for instance and model parameters
Doing analysis at TEMP = 27.000000 and TNOM = 27.000000

Using KLU as Direct Linear Solver

No. of Data Rows : 1
da1 = -2.28946e-04
da10 = -1.93050e-05
dr1 = 5.452359e-02
dr10 = 5.485448e-02
vr1a = 6.796462e-01
vr1b = 6.251226e-01
vr10a = 7.402813e-01
vr10b = 6.854268e-01
Reset re-loads circuit * tb_pnp_mismatch.spice -- sky130 substrate-pnp local-mismatch monte carlo

Circuit: * tb_pnp_mismatch.spice -- sky130 substrate-pnp local-mismatch monte carlo

option SCALE: Scale is set to 1e-06 for instance and model parameters
option SCALE: Scale is set to 1e-06 for instance and model parameters
option SCALE: Scale is set to 1e-06 for instance and model parameters
option SCALE: Scale is set to 1e-06 for instance and model parameters
Doing analysis at TEMP = 27.000000 and TNOM = 27.000000

Using KLU as Direct Linear Solver

No. of Data Rows : 1
da1 = -1.58256e-04
da10 = -3.84670e-05
dr1 = 5.440228e-02
dr10 = 5.485645e-02
vr1a = 6.794968e-01
vr1b = 6.250946e-01
vr10a = 7.402801e-01
vr10b = 6.854236e-01
Reset re-loads circuit * tb_pnp_mismatch.spice -- sky130 substrate-pnp local-mismatch monte carlo

Circuit: * tb_pnp_mismatch.spice -- sky130 substrate-pnp local-mismatch monte carlo

option SCALE: Scale is set to 1e-06 for instance and model parameters
option SCALE: Scale is set to 1e-06 for instance and model parameters
option SCALE: Scale is set to 1e-06 for instance and model parameters
option SCALE: Scale is set to 1e-06 for instance and model parameters
Doing analysis at TEMP = 27.000000 and TNOM = 27.000000

Using KLU as Direct Linear Solver

No. of Data Rows : 1
da1 = 1.422718e-04
da10 = 3.417567e-06
dr1 = 5.440554e-02
dr10 = 5.495567e-02
vr1a = 6.795406e-01
vr1b = 6.251351e-01
vr10a = 7.403561e-01
vr10b = 6.854005e-01
Reset re-loads circuit * tb_pnp_mismatch.spice -- sky130 substrate-pnp local-mismatch monte carlo

Circuit: * tb_pnp_mismatch.spice -- sky130 substrate-pnp local-mismatch monte carlo

option SCALE: Scale is set to 1e-06 for instance and model parameters
option SCALE: Scale is set to 1e-06 for instance and model parameters
option SCALE: Scale is set to 1e-06 for instance and model parameters
option SCALE: Scale is set to 1e-06 for instance and model parameters
Doing analysis at TEMP = 27.000000 and TNOM = 27.000000

Using KLU as Direct Linear Solver

No. of Data Rows : 1
da1 = -5.65962e-05
da10 = -8.89595e-07
dr1 = 5.444533e-02
dr10 = 5.489265e-02
vr1a = 6.796076e-01
vr1b = 6.251622e-01
vr10a = 7.402926e-01
vr10b = 6.854000e-01
Reset re-loads circuit * tb_pnp_mismatch.spice -- sky130 substrate-pnp local-mismatch monte carlo

Circuit: * tb_pnp_mismatch.spice -- sky130 substrate-pnp local-mismatch monte carlo

option SCALE: Scale is set to 1e-06 for instance and model parameters
option SCALE: Scale is set to 1e-06 for instance and model parameters
option SCALE: Scale is set to 1e-06 for instance and model parameters
option SCALE: Scale is set to 1e-06 for instance and model parameters
Doing analysis at TEMP = 27.000000 and TNOM = 27.000000

Using KLU as Direct Linear Solver

No. of Data Rows : 1
da1 = -7.22691e-05
da10 = 5.152867e-05
dr1 = 5.446517e-02
dr10 = 5.477849e-02
vr1a = 6.795888e-01
vr1b = 6.251236e-01
vr10a = 7.402056e-01
vr10b = 6.854271e-01
Reset re-loads circuit * tb_pnp_mismatch.spice -- sky130 substrate-pnp local-mismatch monte carlo

Circuit: * tb_pnp_mismatch.spice -- sky130 substrate-pnp local-mismatch monte carlo

option SCALE: Scale is set to 1e-06 for instance and model parameters
option SCALE: Scale is set to 1e-06 for instance and model parameters
option SCALE: Scale is set to 1e-06 for instance and model parameters
option SCALE: Scale is set to 1e-06 for instance and model parameters
Doing analysis at TEMP = 27.000000 and TNOM = 27.000000

Using KLU as Direct Linear Solver

No. of Data Rows : 1
da1 = 1.016814e-04
da10 = -5.19516e-05
dr1 = 5.446819e-02
dr10 = 5.477225e-02
vr1a = 6.796169e-01
vr1b = 6.251487e-01
vr10a = 7.402499e-01
vr10b = 6.854776e-01
Reset re-loads circuit * tb_pnp_mismatch.spice -- sky130 substrate-pnp local-mismatch monte carlo

Circuit: * tb_pnp_mismatch.spice -- sky130 substrate-pnp local-mismatch monte carlo

option SCALE: Scale is set to 1e-06 for instance and model parameters
option SCALE: Scale is set to 1e-06 for instance and model parameters
option SCALE: Scale is set to 1e-06 for instance and model parameters
option SCALE: Scale is set to 1e-06 for instance and model parameters
Doing analysis at TEMP = 27.000000 and TNOM = 27.000000

Using KLU as Direct Linear Solver

No. of Data Rows : 1
da1 = 3.919977e-05
da10 = -1.12294e-04
dr1 = 5.437113e-02
dr10 = 5.491418e-02
vr1a = 6.795699e-01
vr1b = 6.251988e-01
vr10a = 7.403556e-01
vr10b = 6.854414e-01
Reset re-loads circuit * tb_pnp_mismatch.spice -- sky130 substrate-pnp local-mismatch monte carlo

Circuit: * tb_pnp_mismatch.spice -- sky130 substrate-pnp local-mismatch monte carlo

option SCALE: Scale is set to 1e-06 for instance and model parameters
option SCALE: Scale is set to 1e-06 for instance and model parameters
option SCALE: Scale is set to 1e-06 for instance and model parameters
option SCALE: Scale is set to 1e-06 for instance and model parameters
Doing analysis at TEMP = 27.000000 and TNOM = 27.000000

Using KLU as Direct Linear Solver
 Reference value :  0.00000e+00
No. of Data Rows : 1
da1 = 2.612275e-04
da10 = 8.057115e-05
dr1 = 5.434677e-02
dr10 = 5.478964e-02
vr1a = 6.795494e-01
vr1b = 6.252026e-01
vr10a = 7.402187e-01
vr10b = 6.854290e-01
Reset re-loads circuit * tb_pnp_mismatch.spice -- sky130 substrate-pnp local-mismatch monte carlo

Circuit: * tb_pnp_mismatch.spice -- sky130 substrate-pnp local-mismatch monte carlo

option SCALE: Scale is set to 1e-06 for instance and model parameters
option SCALE: Scale is set to 1e-06 for instance and model parameters
option SCALE: Scale is set to 1e-06 for instance and model parameters
option SCALE: Scale is set to 1e-06 for instance and model parameters
Doing analysis at TEMP = 27.000000 and TNOM = 27.000000

Using KLU as Direct Linear Solver

No. of Data Rows : 1
da1 = 1.338925e-04
da10 = 8.601821e-05
dr1 = 5.441496e-02
dr10 = 5.498502e-02
vr1a = 6.795671e-01
vr1b = 6.251521e-01
vr10a = 7.403602e-01
vr10b = 6.853751e-01
Reset re-loads circuit * tb_pnp_mismatch.spice -- sky130 substrate-pnp local-mismatch monte carlo

Circuit: * tb_pnp_mismatch.spice -- sky130 substrate-pnp local-mismatch monte carlo

option SCALE: Scale is set to 1e-06 for instance and model parameters
option SCALE: Scale is set to 1e-06 for instance and model parameters
option SCALE: Scale is set to 1e-06 for instance and model parameters
option SCALE: Scale is set to 1e-06 for instance and model parameters
Doing analysis at TEMP = 27.000000 and TNOM = 27.000000

Using KLU as Direct Linear Solver

No. of Data Rows : 1
da1 = -3.51837e-05
da10 = 6.566799e-05
dr1 = 5.440656e-02
dr10 = 5.490399e-02
vr1a = 6.795331e-01
vr1b = 6.251265e-01
vr10a = 7.402807e-01
vr10b = 6.853767e-01
Reset re-loads circuit * tb_pnp_mismatch.spice -- sky130 substrate-pnp local-mismatch monte carlo

Circuit: * tb_pnp_mismatch.spice -- sky130 substrate-pnp local-mismatch monte carlo

option SCALE: Scale is set to 1e-06 for instance and model parameters
option SCALE: Scale is set to 1e-06 for instance and model parameters
option SCALE: Scale is set to 1e-06 for instance and model parameters
option SCALE: Scale is set to 1e-06 for instance and model parameters
Doing analysis at TEMP = 27.000000 and TNOM = 27.000000

Using KLU as Direct Linear Solver

No. of Data Rows : 1
da1 = -1.04116e-04
da10 = -1.51195e-05
dr1 = 5.438088e-02
dr10 = 5.483628e-02
vr1a = 6.794885e-01
vr1b = 6.251077e-01
vr10a = 7.402878e-01
vr10b = 6.854515e-01
Reset re-loads circuit * tb_pnp_mismatch.spice -- sky130 substrate-pnp local-mismatch monte carlo

Circuit: * tb_pnp_mismatch.spice -- sky130 substrate-pnp local-mismatch monte carlo

option SCALE: Scale is set to 1e-06 for instance and model parameters
option SCALE: Scale is set to 1e-06 for instance and model parameters
option SCALE: Scale is set to 1e-06 for instance and model parameters
option SCALE: Scale is set to 1e-06 for instance and model parameters
Doing analysis at TEMP = 27.000000 and TNOM = 27.000000

Using KLU as Direct Linear Solver

No. of Data Rows : 1
da1 = -3.73449e-05
da10 = 2.167149e-05
dr1 = 5.432191e-02
dr10 = 5.490568e-02
vr1a = 6.794910e-01
vr1b = 6.251690e-01
vr10a = 7.403043e-01
vr10b = 6.853986e-01
Reset re-loads circuit * tb_pnp_mismatch.spice -- sky130 substrate-pnp local-mismatch monte carlo

Circuit: * tb_pnp_mismatch.spice -- sky130 substrate-pnp local-mismatch monte carlo

option SCALE: Scale is set to 1e-06 for instance and model parameters
option SCALE: Scale is set to 1e-06 for instance and model parameters
option SCALE: Scale is set to 1e-06 for instance and model parameters
option SCALE: Scale is set to 1e-06 for instance and model parameters
Doing analysis at TEMP = 27.000000 and TNOM = 27.000000

Using KLU as Direct Linear Solver

No. of Data Rows : 1
da1 = -1.94314e-04
da10 = -6.75532e-05
dr1 = 5.438076e-02
dr10 = 5.476614e-02
vr1a = 6.795031e-01
vr1b = 6.251223e-01
vr10a = 7.401953e-01
vr10b = 6.854292e-01
Reset re-loads circuit * tb_pnp_mismatch.spice -- sky130 substrate-pnp local-mismatch monte carlo

Circuit: * tb_pnp_mismatch.spice -- sky130 substrate-pnp local-mismatch monte carlo

option SCALE: Scale is set to 1e-06 for instance and model parameters
option SCALE: Scale is set to 1e-06 for instance and model parameters
option SCALE: Scale is set to 1e-06 for instance and model parameters
option SCALE: Scale is set to 1e-06 for instance and model parameters
Doing analysis at TEMP = 27.000000 and TNOM = 27.000000

Using KLU as Direct Linear Solver

No. of Data Rows : 1
da1 = 1.215605e-04
da10 = -7.89213e-05
dr1 = 5.442542e-02
dr10 = 5.484758e-02
vr1a = 6.795427e-01
vr1b = 6.251173e-01
vr10a = 7.402665e-01
vr10b = 6.854189e-01
Reset re-loads circuit * tb_pnp_mismatch.spice -- sky130 substrate-pnp local-mismatch monte carlo

Circuit: * tb_pnp_mismatch.spice -- sky130 substrate-pnp local-mismatch monte carlo

option SCALE: Scale is set to 1e-06 for instance and model parameters
option SCALE: Scale is set to 1e-06 for instance and model parameters
option SCALE: Scale is set to 1e-06 for instance and model parameters
option SCALE: Scale is set to 1e-06 for instance and model parameters
Doing analysis at TEMP = 27.000000 and TNOM = 27.000000

Using KLU as Direct Linear Solver

No. of Data Rows : 1
da1 = -3.13351e-05
da10 = -1.46103e-04
dr1 = 5.453381e-02
dr10 = 5.477948e-02
vr1a = 6.796455e-01
vr1b = 6.251117e-01
vr10a = 7.402124e-01
vr10b = 6.854330e-01
Reset re-loads circuit * tb_pnp_mismatch.spice -- sky130 substrate-pnp local-mismatch monte carlo

Circuit: * tb_pnp_mismatch.spice -- sky130 substrate-pnp local-mismatch monte carlo

option SCALE: Scale is set to 1e-06 for instance and model parameters
option SCALE: Scale is set to 1e-06 for instance and model parameters
option SCALE: Scale is set to 1e-06 for instance and model parameters
option SCALE: Scale is set to 1e-06 for instance and model parameters
Doing analysis at TEMP = 27.000000 and TNOM = 27.000000

Using KLU as Direct Linear Solver

No. of Data Rows : 1
da1 = 9.715243e-05
da10 = 2.469012e-05
dr1 = 5.447292e-02
dr10 = 5.498511e-02
vr1a = 6.796352e-01
vr1b = 6.251623e-01
vr10a = 7.403491e-01
vr10b = 6.853639e-01
Reset re-loads circuit * tb_pnp_mismatch.spice -- sky130 substrate-pnp local-mismatch monte carlo

Circuit: * tb_pnp_mismatch.spice -- sky130 substrate-pnp local-mismatch monte carlo

option SCALE: Scale is set to 1e-06 for instance and model parameters
option SCALE: Scale is set to 1e-06 for instance and model parameters
option SCALE: Scale is set to 1e-06 for instance and model parameters
option SCALE: Scale is set to 1e-06 for instance and model parameters
Doing analysis at TEMP = 27.000000 and TNOM = 27.000000

Using KLU as Direct Linear Solver

No. of Data Rows : 1
da1 = -4.33160e-05
da10 = 1.150332e-04
dr1 = 5.442017e-02
dr10 = 5.489824e-02
vr1a = 6.795695e-01
vr1b = 6.251493e-01
vr10a = 7.402643e-01
vr10b = 6.853660e-01
Reset re-loads circuit * tb_pnp_mismatch.spice -- sky130 substrate-pnp local-mismatch monte carlo

Circuit: * tb_pnp_mismatch.spice -- sky130 substrate-pnp local-mismatch monte carlo

option SCALE: Scale is set to 1e-06 for instance and model parameters
option SCALE: Scale is set to 1e-06 for instance and model parameters
option SCALE: Scale is set to 1e-06 for instance and model parameters
option SCALE: Scale is set to 1e-06 for instance and model parameters
Doing analysis at TEMP = 27.000000 and TNOM = 27.000000

Using KLU as Direct Linear Solver

No. of Data Rows : 1
da1 = -8.18607e-05
da10 = -1.52115e-05
dr1 = 5.443565e-02
dr10 = 5.475422e-02
vr1a = 6.795930e-01
vr1b = 6.251574e-01
vr10a = 7.402291e-01
vr10b = 6.854749e-01
Reset re-loads circuit * tb_pnp_mismatch.spice -- sky130 substrate-pnp local-mismatch monte carlo

Circuit: * tb_pnp_mismatch.spice -- sky130 substrate-pnp local-mismatch monte carlo

option SCALE: Scale is set to 1e-06 for instance and model parameters
option SCALE: Scale is set to 1e-06 for instance and model parameters
option SCALE: Scale is set to 1e-06 for instance and model parameters
option SCALE: Scale is set to 1e-06 for instance and model parameters
Doing analysis at TEMP = 27.000000 and TNOM = 27.000000

Using KLU as Direct Linear Solver

No. of Data Rows : 1
da1 = -6.64995e-05
da10 = -1.21973e-04
dr1 = 5.453964e-02
dr10 = 5.490417e-02
vr1a = 6.796654e-01
vr1b = 6.251258e-01
vr10a = 7.403218e-01
vr10b = 6.854176e-01
Reset re-loads circuit * tb_pnp_mismatch.spice -- sky130 substrate-pnp local-mismatch monte carlo

Circuit: * tb_pnp_mismatch.spice -- sky130 substrate-pnp local-mismatch monte carlo

option SCALE: Scale is set to 1e-06 for instance and model parameters
option SCALE: Scale is set to 1e-06 for instance and model parameters
option SCALE: Scale is set to 1e-06 for instance and model parameters
option SCALE: Scale is set to 1e-06 for instance and model parameters
Doing analysis at TEMP = 27.000000 and TNOM = 27.000000

Using KLU as Direct Linear Solver

No. of Data Rows : 1
da1 = 7.822900e-05
da10 = 2.777593e-04
dr1 = 5.441803e-02
dr10 = 5.476519e-02
vr1a = 6.795386e-01
vr1b = 6.251206e-01
vr10a = 7.402260e-01
vr10b = 6.854608e-01
Reset re-loads circuit * tb_pnp_mismatch.spice -- sky130 substrate-pnp local-mismatch monte carlo

Circuit: * tb_pnp_mismatch.spice -- sky130 substrate-pnp local-mismatch monte carlo

option SCALE: Scale is set to 1e-06 for instance and model parameters
option SCALE: Scale is set to 1e-06 for instance and model parameters
option SCALE: Scale is set to 1e-06 for instance and model parameters
option SCALE: Scale is set to 1e-06 for instance and model parameters
Doing analysis at TEMP = 27.000000 and TNOM = 27.000000

Using KLU as Direct Linear Solver

No. of Data Rows : 1
da1 = -4.45187e-06
da10 = -2.59537e-04
dr1 = 5.460294e-02
dr10 = 5.492158e-02
vr1a = 6.797414e-01
vr1b = 6.251384e-01
vr10a = 7.403179e-01
vr10b = 6.853963e-01
Reset re-loads circuit * tb_pnp_mismatch.spice -- sky130 substrate-pnp local-mismatch monte carlo

Circuit: * tb_pnp_mismatch.spice -- sky130 substrate-pnp local-mismatch monte carlo

option SCALE: Scale is set to 1e-06 for instance and model parameters
option SCALE: Scale is set to 1e-06 for instance and model parameters
option SCALE: Scale is set to 1e-06 for instance and model parameters
option SCALE: Scale is set to 1e-06 for instance and model parameters
Doing analysis at TEMP = 27.000000 and TNOM = 27.000000

Using KLU as Direct Linear Solver

No. of Data Rows : 1
da1 = -2.18762e-04
da10 = 1.958287e-05
dr1 = 5.449776e-02
dr10 = 5.493684e-02
vr1a = 6.796342e-01
vr1b = 6.251365e-01
vr10a = 7.402932e-01
vr10b = 6.853563e-01
Reset re-loads circuit * tb_pnp_mismatch.spice -- sky130 substrate-pnp local-mismatch monte carlo

Circuit: * tb_pnp_mismatch.spice -- sky130 substrate-pnp local-mismatch monte carlo

option SCALE: Scale is set to 1e-06 for instance and model parameters
option SCALE: Scale is set to 1e-06 for instance and model parameters
option SCALE: Scale is set to 1e-06 for instance and model parameters
option SCALE: Scale is set to 1e-06 for instance and model parameters
Doing analysis at TEMP = 27.000000 and TNOM = 27.000000

Using KLU as Direct Linear Solver

No. of Data Rows : 1
da1 = 2.983825e-04
da10 = 8.760490e-05
dr1 = 5.435975e-02
dr10 = 5.491074e-02
vr1a = 6.795623e-01
vr1b = 6.252026e-01
vr10a = 7.403236e-01
vr10b = 6.854128e-01
Reset re-loads circuit * tb_pnp_mismatch.spice -- sky130 substrate-pnp local-mismatch monte carlo

Circuit: * tb_pnp_mismatch.spice -- sky130 substrate-pnp local-mismatch monte carlo

option SCALE: Scale is set to 1e-06 for instance and model parameters
option SCALE: Scale is set to 1e-06 for instance and model parameters
option SCALE: Scale is set to 1e-06 for instance and model parameters
option SCALE: Scale is set to 1e-06 for instance and model parameters
Doing analysis at TEMP = 27.000000 and TNOM = 27.000000

Using KLU as Direct Linear Solver

No. of Data Rows : 1
da1 = -1.20533e-04
da10 = -4.04705e-06
dr1 = 5.442976e-02
dr10 = 5.480426e-02
vr1a = 6.795812e-01
vr1b = 6.251515e-01
vr10a = 7.402134e-01
vr10b = 6.854092e-01
Reset re-loads circuit * tb_pnp_mismatch.spice -- sky130 substrate-pnp local-mismatch monte carlo

Circuit: * tb_pnp_mismatch.spice -- sky130 substrate-pnp local-mismatch monte carlo

option SCALE: Scale is set to 1e-06 for instance and model parameters
option SCALE: Scale is set to 1e-06 for instance and model parameters
option SCALE: Scale is set to 1e-06 for instance and model parameters
option SCALE: Scale is set to 1e-06 for instance and model parameters
Doing analysis at TEMP = 27.000000 and TNOM = 27.000000

Using KLU as Direct Linear Solver

No. of Data Rows : 1
da1 = -8.24258e-05
da10 = 1.242830e-04
dr1 = 5.448053e-02
dr10 = 5.494198e-02
vr1a = 6.796174e-01
vr1b = 6.251369e-01
vr10a = 7.403424e-01
vr10b = 6.854004e-01
Reset re-loads circuit * tb_pnp_mismatch.spice -- sky130 substrate-pnp local-mismatch monte carlo

Circuit: * tb_pnp_mismatch.spice -- sky130 substrate-pnp local-mismatch monte carlo

option SCALE: Scale is set to 1e-06 for instance and model parameters
option SCALE: Scale is set to 1e-06 for instance and model parameters
option SCALE: Scale is set to 1e-06 for instance and model parameters
option SCALE: Scale is set to 1e-06 for instance and model parameters
Doing analysis at TEMP = 27.000000 and TNOM = 27.000000

Using KLU as Direct Linear Solver

No. of Data Rows : 1
da1 = 7.732528e-05
da10 = -4.40715e-05
dr1 = 5.434368e-02
dr10 = 5.480765e-02
vr1a = 6.795297e-01
vr1b = 6.251860e-01
vr10a = 7.402589e-01
vr10b = 6.854512e-01
Reset re-loads circuit * tb_pnp_mismatch.spice -- sky130 substrate-pnp local-mismatch monte carlo

Circuit: * tb_pnp_mismatch.spice -- sky130 substrate-pnp local-mismatch monte carlo

option SCALE: Scale is set to 1e-06 for instance and model parameters
option SCALE: Scale is set to 1e-06 for instance and model parameters
option SCALE: Scale is set to 1e-06 for instance and model parameters
option SCALE: Scale is set to 1e-06 for instance and model parameters
Doing analysis at TEMP = 27.000000 and TNOM = 27.000000

Using KLU as Direct Linear Solver

No. of Data Rows : 1
da1 = -5.32061e-05
da10 = 1.798972e-04
dr1 = 5.446997e-02
dr10 = 5.498463e-02
vr1a = 6.795936e-01
vr1b = 6.251236e-01
vr10a = 7.403649e-01
vr10b = 6.853802e-01
Reset re-loads circuit * tb_pnp_mismatch.spice -- sky130 substrate-pnp local-mismatch monte carlo

Circuit: * tb_pnp_mismatch.spice -- sky130 substrate-pnp local-mismatch monte carlo

option SCALE: Scale is set to 1e-06 for instance and model parameters
option SCALE: Scale is set to 1e-06 for instance and model parameters
option SCALE: Scale is set to 1e-06 for instance and model parameters
option SCALE: Scale is set to 1e-06 for instance and model parameters
Doing analysis at TEMP = 27.000000 and TNOM = 27.000000

Using KLU as Direct Linear Solver

No. of Data Rows : 1
da1 = 8.851332e-05
da10 = -4.73297e-05
dr1 = 5.423985e-02
dr10 = 5.487613e-02
vr1a = 6.794082e-01
vr1b = 6.251684e-01
vr10a = 7.403131e-01
vr10b = 6.854369e-01
Reset re-loads circuit * tb_pnp_mismatch.spice -- sky130 substrate-pnp local-mismatch monte carlo

Circuit: * tb_pnp_mismatch.spice -- sky130 substrate-pnp local-mismatch monte carlo

option SCALE: Scale is set to 1e-06 for instance and model parameters
option SCALE: Scale is set to 1e-06 for instance and model parameters
option SCALE: Scale is set to 1e-06 for instance and model parameters
option SCALE: Scale is set to 1e-06 for instance and model parameters
Doing analysis at TEMP = 27.000000 and TNOM = 27.000000

Using KLU as Direct Linear Solver

No. of Data Rows : 1
da1 = -9.45004e-05
da10 = 1.191089e-05
dr1 = 5.436111e-02
dr10 = 5.501566e-02
vr1a = 6.795587e-01
vr1b = 6.251975e-01
vr10a = 7.404038e-01
vr10b = 6.853882e-01
Reset re-loads circuit * tb_pnp_mismatch.spice -- sky130 substrate-pnp local-mismatch monte carlo

Circuit: * tb_pnp_mismatch.spice -- sky130 substrate-pnp local-mismatch monte carlo

option SCALE: Scale is set to 1e-06 for instance and model parameters
option SCALE: Scale is set to 1e-06 for instance and model parameters
option SCALE: Scale is set to 1e-06 for instance and model parameters
option SCALE: Scale is set to 1e-06 for instance and model parameters
Doing analysis at TEMP = 27.000000 and TNOM = 27.000000

Using KLU as Direct Linear Solver

No. of Data Rows : 1
da1 = 5.594072e-05
da10 = -8.64908e-05
dr1 = 5.444533e-02
dr10 = 5.476061e-02
vr1a = 6.795784e-01
vr1b = 6.251331e-01
vr10a = 7.401530e-01
vr10b = 6.853924e-01
Reset re-loads circuit * tb_pnp_mismatch.spice -- sky130 substrate-pnp local-mismatch monte carlo

Circuit: * tb_pnp_mismatch.spice -- sky130 substrate-pnp local-mismatch monte carlo

option SCALE: Scale is set to 1e-06 for instance and model parameters
option SCALE: Scale is set to 1e-06 for instance and model parameters
option SCALE: Scale is set to 1e-06 for instance and model parameters
option SCALE: Scale is set to 1e-06 for instance and model parameters
Doing analysis at TEMP = 27.000000 and TNOM = 27.000000

Using KLU as Direct Linear Solver

No. of Data Rows : 1
da1 = 1.207131e-04
da10 = 5.475892e-05
dr1 = 5.451254e-02
dr10 = 5.498605e-02
vr1a = 6.796313e-01
vr1b = 6.251187e-01
vr10a = 7.404099e-01
vr10b = 6.854239e-01
Reset re-loads circuit * tb_pnp_mismatch.spice -- sky130 substrate-pnp local-mismatch monte carlo

Circuit: * tb_pnp_mismatch.spice -- sky130 substrate-pnp local-mismatch monte carlo

option SCALE: Scale is set to 1e-06 for instance and model parameters
option SCALE: Scale is set to 1e-06 for instance and model parameters
option SCALE: Scale is set to 1e-06 for instance and model parameters
option SCALE: Scale is set to 1e-06 for instance and model parameters
Doing analysis at TEMP = 27.000000 and TNOM = 27.000000

Using KLU as Direct Linear Solver

No. of Data Rows : 1
da1 = 3.061329e-05
da10 = 1.598003e-04
dr1 = 5.449171e-02
dr10 = 5.497818e-02
vr1a = 6.796687e-01
vr1b = 6.251770e-01
vr10a = 7.403463e-01
vr10b = 6.853681e-01
Reset re-loads circuit * tb_pnp_mismatch.spice -- sky130 substrate-pnp local-mismatch monte carlo

Circuit: * tb_pnp_mismatch.spice -- sky130 substrate-pnp local-mismatch monte carlo

option SCALE: Scale is set to 1e-06 for instance and model parameters
option SCALE: Scale is set to 1e-06 for instance and model parameters
option SCALE: Scale is set to 1e-06 for instance and model parameters
option SCALE: Scale is set to 1e-06 for instance and model parameters
Doing analysis at TEMP = 27.000000 and TNOM = 27.000000

Using KLU as Direct Linear Solver

No. of Data Rows : 1
da1 = -1.08991e-04
da10 = 7.681741e-05
dr1 = 5.446471e-02
dr10 = 5.485752e-02
vr1a = 6.795991e-01
vr1b = 6.251344e-01
vr10a = 7.402784e-01
vr10b = 6.854209e-01
Reset re-loads circuit * tb_pnp_mismatch.spice -- sky130 substrate-pnp local-mismatch monte carlo

Circuit: * tb_pnp_mismatch.spice -- sky130 substrate-pnp local-mismatch monte carlo

option SCALE: Scale is set to 1e-06 for instance and model parameters
option SCALE: Scale is set to 1e-06 for instance and model parameters
option SCALE: Scale is set to 1e-06 for instance and model parameters
option SCALE: Scale is set to 1e-06 for instance and model parameters
Doing analysis at TEMP = 27.000000 and TNOM = 27.000000

Using KLU as Direct Linear Solver

No. of Data Rows : 1
da1 = -2.39444e-06
da10 = -6.68591e-05
dr1 = 5.447878e-02
dr10 = 5.492827e-02
vr1a = 6.796050e-01
vr1b = 6.251262e-01
vr10a = 7.402799e-01
vr10b = 6.853516e-01
Reset re-loads circuit * tb_pnp_mismatch.spice -- sky130 substrate-pnp local-mismatch monte carlo

Circuit: * tb_pnp_mismatch.spice -- sky130 substrate-pnp local-mismatch monte carlo

option SCALE: Scale is set to 1e-06 for instance and model parameters
option SCALE: Scale is set to 1e-06 for instance and model parameters
option SCALE: Scale is set to 1e-06 for instance and model parameters
option SCALE: Scale is set to 1e-06 for instance and model parameters
Doing analysis at TEMP = 27.000000 and TNOM = 27.000000

Using KLU as Direct Linear Solver

No. of Data Rows : 1
da1 = 7.031874e-05
da10 = 4.907563e-05
dr1 = 5.439072e-02
dr10 = 5.489061e-02
vr1a = 6.795509e-01
vr1b = 6.251601e-01
vr10a = 7.402824e-01
vr10b = 6.853918e-01
Reset re-loads circuit * tb_pnp_mismatch.spice -- sky130 substrate-pnp local-mismatch monte carlo

Circuit: * tb_pnp_mismatch.spice -- sky130 substrate-pnp local-mismatch monte carlo

option SCALE: Scale is set to 1e-06 for instance and model parameters
option SCALE: Scale is set to 1e-06 for instance and model parameters
option SCALE: Scale is set to 1e-06 for instance and model parameters
option SCALE: Scale is set to 1e-06 for instance and model parameters
Doing analysis at TEMP = 27.000000 and TNOM = 27.000000

Using KLU as Direct Linear Solver

No. of Data Rows : 1
da1 = 1.340353e-04
da10 = -3.77063e-05
dr1 = 5.444917e-02
dr10 = 5.471836e-02
vr1a = 6.796259e-01
vr1b = 6.251767e-01
vr10a = 7.401238e-01
vr10b = 6.854054e-01
Reset re-loads circuit * tb_pnp_mismatch.spice -- sky130 substrate-pnp local-mismatch monte carlo

Circuit: * tb_pnp_mismatch.spice -- sky130 substrate-pnp local-mismatch monte carlo

option SCALE: Scale is set to 1e-06 for instance and model parameters
option SCALE: Scale is set to 1e-06 for instance and model parameters
option SCALE: Scale is set to 1e-06 for instance and model parameters
option SCALE: Scale is set to 1e-06 for instance and model parameters
Doing analysis at TEMP = 27.000000 and TNOM = 27.000000

Using KLU as Direct Linear Solver

No. of Data Rows : 1
da1 = -7.58372e-05
da10 = 1.199594e-04
dr1 = 5.446635e-02
dr10 = 5.498381e-02
vr1a = 6.796230e-01
vr1b = 6.251567e-01
vr10a = 7.403970e-01
vr10b = 6.854132e-01
Reset re-loads circuit * tb_pnp_mismatch.spice -- sky130 substrate-pnp local-mismatch monte carlo

Circuit: * tb_pnp_mismatch.spice -- sky130 substrate-pnp local-mismatch monte carlo

option SCALE: Scale is set to 1e-06 for instance and model parameters
option SCALE: Scale is set to 1e-06 for instance and model parameters
option SCALE: Scale is set to 1e-06 for instance and model parameters
option SCALE: Scale is set to 1e-06 for instance and model parameters
Doing analysis at TEMP = 27.000000 and TNOM = 27.000000

Using KLU as Direct Linear Solver

No. of Data Rows : 1
da1 = 2.021417e-04
da10 = 9.249255e-05
dr1 = 5.449067e-02
dr10 = 5.493190e-02
vr1a = 6.796249e-01
vr1b = 6.251342e-01
vr10a = 7.403141e-01
vr10b = 6.853822e-01
Reset re-loads circuit * tb_pnp_mismatch.spice -- sky130 substrate-pnp local-mismatch monte carlo

Circuit: * tb_pnp_mismatch.spice -- sky130 substrate-pnp local-mismatch monte carlo

option SCALE: Scale is set to 1e-06 for instance and model parameters
option SCALE: Scale is set to 1e-06 for instance and model parameters
option SCALE: Scale is set to 1e-06 for instance and model parameters
option SCALE: Scale is set to 1e-06 for instance and model parameters
Doing analysis at TEMP = 27.000000 and TNOM = 27.000000

Using KLU as Direct Linear Solver

No. of Data Rows : 1
da1 = 5.030672e-05
da10 = -1.27760e-04
dr1 = 5.443893e-02
dr10 = 5.488910e-02
vr1a = 6.795925e-01
vr1b = 6.251535e-01
vr10a = 7.403264e-01
vr10b = 6.854373e-01
Reset re-loads circuit * tb_pnp_mismatch.spice -- sky130 substrate-pnp local-mismatch monte carlo

Circuit: * tb_pnp_mismatch.spice -- sky130 substrate-pnp local-mismatch monte carlo

option SCALE: Scale is set to 1e-06 for instance and model parameters
option SCALE: Scale is set to 1e-06 for instance and model parameters
option SCALE: Scale is set to 1e-06 for instance and model parameters
option SCALE: Scale is set to 1e-06 for instance and model parameters
Doing analysis at TEMP = 27.000000 and TNOM = 27.000000

Using KLU as Direct Linear Solver

No. of Data Rows : 1
da1 = -3.07718e-05
da10 = -1.40788e-05
dr1 = 5.444134e-02
dr10 = 5.492551e-02
vr1a = 6.796144e-01
vr1b = 6.251730e-01
vr10a = 7.403452e-01
vr10b = 6.854197e-01
Reset re-loads circuit * tb_pnp_mismatch.spice -- sky130 substrate-pnp local-mismatch monte carlo

Circuit: * tb_pnp_mismatch.spice -- sky130 substrate-pnp local-mismatch monte carlo

option SCALE: Scale is set to 1e-06 for instance and model parameters
option SCALE: Scale is set to 1e-06 for instance and model parameters
option SCALE: Scale is set to 1e-06 for instance and model parameters
option SCALE: Scale is set to 1e-06 for instance and model parameters
Doing analysis at TEMP = 27.000000 and TNOM = 27.000000

Using KLU as Direct Linear Solver

No. of Data Rows : 1
da1 = 2.078505e-04
da10 = 3.238383e-05
dr1 = 5.439585e-02
dr10 = 5.500464e-02
vr1a = 6.794836e-01
vr1b = 6.250877e-01
vr10a = 7.403879e-01
vr10b = 6.853833e-01
Reset re-loads circuit * tb_pnp_mismatch.spice -- sky130 substrate-pnp local-mismatch monte carlo

Circuit: * tb_pnp_mismatch.spice -- sky130 substrate-pnp local-mismatch monte carlo

option SCALE: Scale is set to 1e-06 for instance and model parameters
option SCALE: Scale is set to 1e-06 for instance and model parameters
option SCALE: Scale is set to 1e-06 for instance and model parameters
option SCALE: Scale is set to 1e-06 for instance and model parameters
Doing analysis at TEMP = 27.000000 and TNOM = 27.000000

Using KLU as Direct Linear Solver

No. of Data Rows : 1
da1 = 1.909442e-04
da10 = 1.314049e-05
dr1 = 5.450493e-02
dr10 = 5.489234e-02
vr1a = 6.796557e-01
vr1b = 6.251508e-01
vr10a = 7.403096e-01
vr10b = 6.854173e-01
Reset re-loads circuit * tb_pnp_mismatch.spice -- sky130 substrate-pnp local-mismatch monte carlo

Circuit: * tb_pnp_mismatch.spice -- sky130 substrate-pnp local-mismatch monte carlo

option SCALE: Scale is set to 1e-06 for instance and model parameters
option SCALE: Scale is set to 1e-06 for instance and model parameters
option SCALE: Scale is set to 1e-06 for instance and model parameters
option SCALE: Scale is set to 1e-06 for instance and model parameters
Doing analysis at TEMP = 27.000000 and TNOM = 27.000000

Using KLU as Direct Linear Solver

No. of Data Rows : 1
da1 = -5.55095e-05
da10 = 4.366937e-05
dr1 = 5.444780e-02
dr10 = 5.479736e-02
vr1a = 6.796052e-01
vr1b = 6.251574e-01
vr10a = 7.402386e-01
vr10b = 6.854413e-01
Reset re-loads circuit * tb_pnp_mismatch.spice -- sky130 substrate-pnp local-mismatch monte carlo

Circuit: * tb_pnp_mismatch.spice -- sky130 substrate-pnp local-mismatch monte carlo

option SCALE: Scale is set to 1e-06 for instance and model parameters
option SCALE: Scale is set to 1e-06 for instance and model parameters
option SCALE: Scale is set to 1e-06 for instance and model parameters
option SCALE: Scale is set to 1e-06 for instance and model parameters
Doing analysis at TEMP = 27.000000 and TNOM = 27.000000

Using KLU as Direct Linear Solver

No. of Data Rows : 1
da1 = -3.19372e-04
da10 = 1.206495e-05
dr1 = 5.439046e-02
dr10 = 5.487385e-02
vr1a = 6.795364e-01
vr1b = 6.251460e-01
vr10a = 7.402356e-01
vr10b = 6.853618e-01
Reset re-loads circuit * tb_pnp_mismatch.spice -- sky130 substrate-pnp local-mismatch monte carlo

Circuit: * tb_pnp_mismatch.spice -- sky130 substrate-pnp local-mismatch monte carlo

option SCALE: Scale is set to 1e-06 for instance and model parameters
option SCALE: Scale is set to 1e-06 for instance and model parameters
option SCALE: Scale is set to 1e-06 for instance and model parameters
option SCALE: Scale is set to 1e-06 for instance and model parameters
Doing analysis at TEMP = 27.000000 and TNOM = 27.000000

Using KLU as Direct Linear Solver
 Reference value :  0.00000e+00
No. of Data Rows : 1
da1 = 1.090139e-04
da10 = -5.23576e-05
dr1 = 5.448721e-02
dr10 = 5.490353e-02
vr1a = 6.796361e-01
vr1b = 6.251489e-01
vr10a = 7.403501e-01
vr10b = 6.854466e-01
Reset re-loads circuit * tb_pnp_mismatch.spice -- sky130 substrate-pnp local-mismatch monte carlo

Circuit: * tb_pnp_mismatch.spice -- sky130 substrate-pnp local-mismatch monte carlo

option SCALE: Scale is set to 1e-06 for instance and model parameters
option SCALE: Scale is set to 1e-06 for instance and model parameters
option SCALE: Scale is set to 1e-06 for instance and model parameters
option SCALE: Scale is set to 1e-06 for instance and model parameters
Doing analysis at TEMP = 27.000000 and TNOM = 27.000000

Using KLU as Direct Linear Solver

No. of Data Rows : 1
da1 = -7.38401e-05
da10 = -1.37029e-04
dr1 = 5.446140e-02
dr10 = 5.487843e-02
vr1a = 6.795872e-01
vr1b = 6.251258e-01
vr10a = 7.402985e-01
vr10b = 6.854200e-01
Reset re-loads circuit * tb_pnp_mismatch.spice -- sky130 substrate-pnp local-mismatch monte carlo

Circuit: * tb_pnp_mismatch.spice -- sky130 substrate-pnp local-mismatch monte carlo

option SCALE: Scale is set to 1e-06 for instance and model parameters
option SCALE: Scale is set to 1e-06 for instance and model parameters
option SCALE: Scale is set to 1e-06 for instance and model parameters
option SCALE: Scale is set to 1e-06 for instance and model parameters
Doing analysis at TEMP = 27.000000 and TNOM = 27.000000

Using KLU as Direct Linear Solver

No. of Data Rows : 1
da1 = 5.307694e-05
da10 = 7.389437e-05
dr1 = 5.440518e-02
dr10 = 5.501361e-02
vr1a = 6.795848e-01
vr1b = 6.251797e-01
vr10a = 7.404446e-01
vr10b = 6.854310e-01
Reset re-loads circuit * tb_pnp_mismatch.spice -- sky130 substrate-pnp local-mismatch monte carlo

Circuit: * tb_pnp_mismatch.spice -- sky130 substrate-pnp local-mismatch monte carlo

option SCALE: Scale is set to 1e-06 for instance and model parameters
option SCALE: Scale is set to 1e-06 for instance and model parameters
option SCALE: Scale is set to 1e-06 for instance and model parameters
option SCALE: Scale is set to 1e-06 for instance and model parameters
Doing analysis at TEMP = 27.000000 and TNOM = 27.000000

Using KLU as Direct Linear Solver

No. of Data Rows : 1
da1 = -1.60506e-04
da10 = -1.43869e-04
dr1 = 5.441440e-02
dr10 = 5.481676e-02
vr1a = 6.795602e-01
vr1b = 6.251458e-01
vr10a = 7.402557e-01
vr10b = 6.854389e-01
Reset re-loads circuit * tb_pnp_mismatch.spice -- sky130 substrate-pnp local-mismatch monte carlo

Circuit: * tb_pnp_mismatch.spice -- sky130 substrate-pnp local-mismatch monte carlo

option SCALE: Scale is set to 1e-06 for instance and model parameters
option SCALE: Scale is set to 1e-06 for instance and model parameters
option SCALE: Scale is set to 1e-06 for instance and model parameters
option SCALE: Scale is set to 1e-06 for instance and model parameters
Doing analysis at TEMP = 27.000000 and TNOM = 27.000000

Using KLU as Direct Linear Solver

No. of Data Rows : 1
da1 = -1.14549e-04
da10 = 2.083178e-05
dr1 = 5.445781e-02
dr10 = 5.478867e-02
vr1a = 6.796216e-01
vr1b = 6.251638e-01
vr10a = 7.402157e-01
vr10b = 6.854271e-01
Reset re-loads circuit * tb_pnp_mismatch.spice -- sky130 substrate-pnp local-mismatch monte carlo

Circuit: * tb_pnp_mismatch.spice -- sky130 substrate-pnp local-mismatch monte carlo

option SCALE: Scale is set to 1e-06 for instance and model parameters
option SCALE: Scale is set to 1e-06 for instance and model parameters
option SCALE: Scale is set to 1e-06 for instance and model parameters
option SCALE: Scale is set to 1e-06 for instance and model parameters
Doing analysis at TEMP = 27.000000 and TNOM = 27.000000

Using KLU as Direct Linear Solver

No. of Data Rows : 1
da1 = -1.42206e-04
da10 = -5.03787e-05
dr1 = 5.461151e-02
dr10 = 5.490279e-02
vr1a = 6.797529e-01
vr1b = 6.251414e-01
vr10a = 7.402993e-01
vr10b = 6.853965e-01
Reset re-loads circuit * tb_pnp_mismatch.spice -- sky130 substrate-pnp local-mismatch monte carlo

Circuit: * tb_pnp_mismatch.spice -- sky130 substrate-pnp local-mismatch monte carlo

option SCALE: Scale is set to 1e-06 for instance and model parameters
option SCALE: Scale is set to 1e-06 for instance and model parameters
option SCALE: Scale is set to 1e-06 for instance and model parameters
option SCALE: Scale is set to 1e-06 for instance and model parameters
Doing analysis at TEMP = 27.000000 and TNOM = 27.000000

Using KLU as Direct Linear Solver

No. of Data Rows : 1
da1 = 2.081560e-06
da10 = 1.139408e-04
dr1 = 5.430081e-02
dr10 = 5.492727e-02
vr1a = 6.794638e-01
vr1b = 6.251630e-01
vr10a = 7.403113e-01
vr10b = 6.853841e-01
Reset re-loads circuit * tb_pnp_mismatch.spice -- sky130 substrate-pnp local-mismatch monte carlo

Circuit: * tb_pnp_mismatch.spice -- sky130 substrate-pnp local-mismatch monte carlo

option SCALE: Scale is set to 1e-06 for instance and model parameters
option SCALE: Scale is set to 1e-06 for instance and model parameters
option SCALE: Scale is set to 1e-06 for instance and model parameters
option SCALE: Scale is set to 1e-06 for instance and model parameters
Doing analysis at TEMP = 27.000000 and TNOM = 27.000000

Using KLU as Direct Linear Solver

No. of Data Rows : 1
da1 = -4.20874e-05
da10 = -2.30981e-05
dr1 = 5.444397e-02
dr10 = 5.484336e-02
vr1a = 6.795684e-01
vr1b = 6.251245e-01
vr10a = 7.402348e-01
vr10b = 6.853914e-01
Reset re-loads circuit * tb_pnp_mismatch.spice -- sky130 substrate-pnp local-mismatch monte carlo

Circuit: * tb_pnp_mismatch.spice -- sky130 substrate-pnp local-mismatch monte carlo

option SCALE: Scale is set to 1e-06 for instance and model parameters
option SCALE: Scale is set to 1e-06 for instance and model parameters
option SCALE: Scale is set to 1e-06 for instance and model parameters
option SCALE: Scale is set to 1e-06 for instance and model parameters
Doing analysis at TEMP = 27.000000 and TNOM = 27.000000

Using KLU as Direct Linear Solver

No. of Data Rows : 1
da1 = -1.70793e-05
da10 = 2.044006e-04
dr1 = 5.449124e-02
dr10 = 5.483992e-02
vr1a = 6.796152e-01
vr1b = 6.251240e-01
vr10a = 7.402470e-01
vr10b = 6.854070e-01
Reset re-loads circuit * tb_pnp_mismatch.spice -- sky130 substrate-pnp local-mismatch monte carlo

Circuit: * tb_pnp_mismatch.spice -- sky130 substrate-pnp local-mismatch monte carlo

option SCALE: Scale is set to 1e-06 for instance and model parameters
option SCALE: Scale is set to 1e-06 for instance and model parameters
option SCALE: Scale is set to 1e-06 for instance and model parameters
option SCALE: Scale is set to 1e-06 for instance and model parameters
Doing analysis at TEMP = 27.000000 and TNOM = 27.000000

Using KLU as Direct Linear Solver

No. of Data Rows : 1
da1 = -2.59730e-05
da10 = -4.89372e-05
dr1 = 5.443396e-02
dr10 = 5.490897e-02
vr1a = 6.795817e-01
vr1b = 6.251477e-01
vr10a = 7.403025e-01
vr10b = 6.853935e-01
Reset re-loads circuit * tb_pnp_mismatch.spice -- sky130 substrate-pnp local-mismatch monte carlo

Circuit: * tb_pnp_mismatch.spice -- sky130 substrate-pnp local-mismatch monte carlo

option SCALE: Scale is set to 1e-06 for instance and model parameters
option SCALE: Scale is set to 1e-06 for instance and model parameters
option SCALE: Scale is set to 1e-06 for instance and model parameters
option SCALE: Scale is set to 1e-06 for instance and model parameters
Doing analysis at TEMP = 27.000000 and TNOM = 27.000000

Using KLU as Direct Linear Solver

No. of Data Rows : 1
da1 = -1.70999e-04
da10 = -2.57045e-05
dr1 = 5.448773e-02
dr10 = 5.479087e-02
vr1a = 6.795790e-01
vr1b = 6.250913e-01
vr10a = 7.402124e-01
vr10b = 6.854215e-01
Reset re-loads circuit * tb_pnp_mismatch.spice -- sky130 substrate-pnp local-mismatch monte carlo

Circuit: * tb_pnp_mismatch.spice -- sky130 substrate-pnp local-mismatch monte carlo

option SCALE: Scale is set to 1e-06 for instance and model parameters
option SCALE: Scale is set to 1e-06 for instance and model parameters
option SCALE: Scale is set to 1e-06 for instance and model parameters
option SCALE: Scale is set to 1e-06 for instance and model parameters
Doing analysis at TEMP = 27.000000 and TNOM = 27.000000

Using KLU as Direct Linear Solver

No. of Data Rows : 1
da1 = 9.336345e-05
da10 = 5.454185e-05
dr1 = 5.451784e-02
dr10 = 5.499771e-02
vr1a = 6.796557e-01
vr1b = 6.251379e-01
vr10a = 7.404559e-01
vr10b = 6.854582e-01
Reset re-loads circuit * tb_pnp_mismatch.spice -- sky130 substrate-pnp local-mismatch monte carlo

Circuit: * tb_pnp_mismatch.spice -- sky130 substrate-pnp local-mismatch monte carlo

option SCALE: Scale is set to 1e-06 for instance and model parameters
option SCALE: Scale is set to 1e-06 for instance and model parameters
option SCALE: Scale is set to 1e-06 for instance and model parameters
option SCALE: Scale is set to 1e-06 for instance and model parameters
Doing analysis at TEMP = 27.000000 and TNOM = 27.000000

Using KLU as Direct Linear Solver

No. of Data Rows : 1
da1 = -3.91146e-05
da10 = 6.376684e-05
dr1 = 5.440053e-02
dr10 = 5.483502e-02
vr1a = 6.795930e-01
vr1b = 6.251925e-01
vr10a = 7.402367e-01
vr10b = 6.854017e-01
Reset re-loads circuit * tb_pnp_mismatch.spice -- sky130 substrate-pnp local-mismatch monte carlo

Circuit: * tb_pnp_mismatch.spice -- sky130 substrate-pnp local-mismatch monte carlo

option SCALE: Scale is set to 1e-06 for instance and model parameters
option SCALE: Scale is set to 1e-06 for instance and model parameters
option SCALE: Scale is set to 1e-06 for instance and model parameters
option SCALE: Scale is set to 1e-06 for instance and model parameters
Doing analysis at TEMP = 27.000000 and TNOM = 27.000000

Using KLU as Direct Linear Solver

No. of Data Rows : 1
da1 = -2.19642e-07
da10 = 8.975108e-05
dr1 = 5.436208e-02
dr10 = 5.478047e-02
vr1a = 6.795045e-01
vr1b = 6.251424e-01
vr10a = 7.402110e-01
vr10b = 6.854305e-01
Reset re-loads circuit * tb_pnp_mismatch.spice -- sky130 substrate-pnp local-mismatch monte carlo

Circuit: * tb_pnp_mismatch.spice -- sky130 substrate-pnp local-mismatch monte carlo

option SCALE: Scale is set to 1e-06 for instance and model parameters
option SCALE: Scale is set to 1e-06 for instance and model parameters
option SCALE: Scale is set to 1e-06 for instance and model parameters
option SCALE: Scale is set to 1e-06 for instance and model parameters
Doing analysis at TEMP = 27.000000 and TNOM = 27.000000

Using KLU as Direct Linear Solver

No. of Data Rows : 1
da1 = 1.393046e-04
da10 = -4.40300e-05
dr1 = 5.451261e-02
dr10 = 5.488538e-02
vr1a = 6.796424e-01
vr1b = 6.251298e-01
vr10a = 7.402835e-01
vr10b = 6.853981e-01
Reset re-loads circuit * tb_pnp_mismatch.spice -- sky130 substrate-pnp local-mismatch monte carlo

Circuit: * tb_pnp_mismatch.spice -- sky130 substrate-pnp local-mismatch monte carlo

option SCALE: Scale is set to 1e-06 for instance and model parameters
option SCALE: Scale is set to 1e-06 for instance and model parameters
option SCALE: Scale is set to 1e-06 for instance and model parameters
option SCALE: Scale is set to 1e-06 for instance and model parameters
Doing analysis at TEMP = 27.000000 and TNOM = 27.000000

Using KLU as Direct Linear Solver

No. of Data Rows : 1
da1 = 1.463372e-04
da10 = 2.037557e-04
dr1 = 5.444755e-02
dr10 = 5.487055e-02
vr1a = 6.795870e-01
vr1b = 6.251395e-01
vr10a = 7.402484e-01
vr10b = 6.853778e-01
Reset re-loads circuit * tb_pnp_mismatch.spice -- sky130 substrate-pnp local-mismatch monte carlo

Circuit: * tb_pnp_mismatch.spice -- sky130 substrate-pnp local-mismatch monte carlo

option SCALE: Scale is set to 1e-06 for instance and model parameters
option SCALE: Scale is set to 1e-06 for instance and model parameters
option SCALE: Scale is set to 1e-06 for instance and model parameters
option SCALE: Scale is set to 1e-06 for instance and model parameters
Doing analysis at TEMP = 27.000000 and TNOM = 27.000000

Using KLU as Direct Linear Solver

No. of Data Rows : 1
da1 = 1.632044e-04
da10 = 9.635835e-05
dr1 = 5.442166e-02
dr10 = 5.477897e-02
vr1a = 6.795883e-01
vr1b = 6.251666e-01
vr10a = 7.401992e-01
vr10b = 6.854202e-01
Reset re-loads circuit * tb_pnp_mismatch.spice -- sky130 substrate-pnp local-mismatch monte carlo

Circuit: * tb_pnp_mismatch.spice -- sky130 substrate-pnp local-mismatch monte carlo

option SCALE: Scale is set to 1e-06 for instance and model parameters
option SCALE: Scale is set to 1e-06 for instance and model parameters
option SCALE: Scale is set to 1e-06 for instance and model parameters
option SCALE: Scale is set to 1e-06 for instance and model parameters
Doing analysis at TEMP = 27.000000 and TNOM = 27.000000

Using KLU as Direct Linear Solver

No. of Data Rows : 1
da1 = 7.219788e-05
da10 = 1.085830e-05
dr1 = 5.435422e-02
dr10 = 5.481363e-02
vr1a = 6.795535e-01
vr1b = 6.251993e-01
vr10a = 7.402114e-01
vr10b = 6.853978e-01
Reset re-loads circuit * tb_pnp_mismatch.spice -- sky130 substrate-pnp local-mismatch monte carlo

Circuit: * tb_pnp_mismatch.spice -- sky130 substrate-pnp local-mismatch monte carlo

option SCALE: Scale is set to 1e-06 for instance and model parameters
option SCALE: Scale is set to 1e-06 for instance and model parameters
option SCALE: Scale is set to 1e-06 for instance and model parameters
option SCALE: Scale is set to 1e-06 for instance and model parameters
Doing analysis at TEMP = 27.000000 and TNOM = 27.000000

Using KLU as Direct Linear Solver

No. of Data Rows : 1
da1 = -4.43200e-05
da10 = -9.87023e-05
dr1 = 5.447635e-02
dr10 = 5.485345e-02
vr1a = 6.796307e-01
vr1b = 6.251543e-01
vr10a = 7.402979e-01
vr10b = 6.854444e-01
Reset re-loads circuit * tb_pnp_mismatch.spice -- sky130 substrate-pnp local-mismatch monte carlo

Circuit: * tb_pnp_mismatch.spice -- sky130 substrate-pnp local-mismatch monte carlo

option SCALE: Scale is set to 1e-06 for instance and model parameters
option SCALE: Scale is set to 1e-06 for instance and model parameters
option SCALE: Scale is set to 1e-06 for instance and model parameters
option SCALE: Scale is set to 1e-06 for instance and model parameters
Doing analysis at TEMP = 27.000000 and TNOM = 27.000000

Using KLU as Direct Linear Solver

No. of Data Rows : 1
da1 = -1.64129e-05
da10 = -2.89739e-05
dr1 = 5.443603e-02
dr10 = 5.483981e-02
vr1a = 6.795791e-01
vr1b = 6.251431e-01
vr10a = 7.402715e-01
vr10b = 6.854316e-01
Reset re-loads circuit * tb_pnp_mismatch.spice -- sky130 substrate-pnp local-mismatch monte carlo

Circuit: * tb_pnp_mismatch.spice -- sky130 substrate-pnp local-mismatch monte carlo

option SCALE: Scale is set to 1e-06 for instance and model parameters
option SCALE: Scale is set to 1e-06 for instance and model parameters
option SCALE: Scale is set to 1e-06 for instance and model parameters
option SCALE: Scale is set to 1e-06 for instance and model parameters
Doing analysis at TEMP = 27.000000 and TNOM = 27.000000

Using KLU as Direct Linear Solver

No. of Data Rows : 1
da1 = -7.75271e-05
da10 = -1.41923e-04
dr1 = 5.442252e-02
dr10 = 5.503331e-02
vr1a = 6.796069e-01
vr1b = 6.251844e-01
vr10a = 7.404284e-01
vr10b = 6.853951e-01
Reset re-loads circuit * tb_pnp_mismatch.spice -- sky130 substrate-pnp local-mismatch monte carlo

Circuit: * tb_pnp_mismatch.spice -- sky130 substrate-pnp local-mismatch monte carlo

option SCALE: Scale is set to 1e-06 for instance and model parameters
option SCALE: Scale is set to 1e-06 for instance and model parameters
option SCALE: Scale is set to 1e-06 for instance and model parameters
option SCALE: Scale is set to 1e-06 for instance and model parameters
Doing analysis at TEMP = 27.000000 and TNOM = 27.000000

Using KLU as Direct Linear Solver

No. of Data Rows : 1
da1 = 6.859800e-05
da10 = 9.735268e-05
dr1 = 5.451452e-02
dr10 = 5.493919e-02
vr1a = 6.796743e-01
vr1b = 6.251598e-01
vr10a = 7.402990e-01
vr10b = 6.853599e-01
Reset re-loads circuit * tb_pnp_mismatch.spice -- sky130 substrate-pnp local-mismatch monte carlo

Circuit: * tb_pnp_mismatch.spice -- sky130 substrate-pnp local-mismatch monte carlo

option SCALE: Scale is set to 1e-06 for instance and model parameters
option SCALE: Scale is set to 1e-06 for instance and model parameters
option SCALE: Scale is set to 1e-06 for instance and model parameters
option SCALE: Scale is set to 1e-06 for instance and model parameters
Doing analysis at TEMP = 27.000000 and TNOM = 27.000000

Using KLU as Direct Linear Solver

No. of Data Rows : 1
da1 = -9.77486e-05
da10 = -1.31173e-04
dr1 = 5.451350e-02
dr10 = 5.490018e-02
vr1a = 6.796593e-01
vr1b = 6.251458e-01
vr10a = 7.403111e-01
vr10b = 6.854109e-01
Reset re-loads circuit * tb_pnp_mismatch.spice -- sky130 substrate-pnp local-mismatch monte carlo

Circuit: * tb_pnp_mismatch.spice -- sky130 substrate-pnp local-mismatch monte carlo

option SCALE: Scale is set to 1e-06 for instance and model parameters
option SCALE: Scale is set to 1e-06 for instance and model parameters
option SCALE: Scale is set to 1e-06 for instance and model parameters
option SCALE: Scale is set to 1e-06 for instance and model parameters
Doing analysis at TEMP = 27.000000 and TNOM = 27.000000

Using KLU as Direct Linear Solver

No. of Data Rows : 1
da1 = 5.827253e-05
da10 = -9.00410e-05
dr1 = 5.445902e-02
dr10 = 5.489232e-02
vr1a = 6.795673e-01
vr1b = 6.251083e-01
vr10a = 7.403346e-01
vr10b = 6.854423e-01
Reset re-loads circuit * tb_pnp_mismatch.spice -- sky130 substrate-pnp local-mismatch monte carlo

Circuit: * tb_pnp_mismatch.spice -- sky130 substrate-pnp local-mismatch monte carlo

option SCALE: Scale is set to 1e-06 for instance and model parameters
option SCALE: Scale is set to 1e-06 for instance and model parameters
option SCALE: Scale is set to 1e-06 for instance and model parameters
option SCALE: Scale is set to 1e-06 for instance and model parameters
Doing analysis at TEMP = 27.000000 and TNOM = 27.000000

Using KLU as Direct Linear Solver

No. of Data Rows : 1
da1 = -4.49114e-05
da10 = -1.05855e-04
dr1 = 5.447710e-02
dr10 = 5.493970e-02
vr1a = 6.796277e-01
vr1b = 6.251506e-01
vr10a = 7.403811e-01
vr10b = 6.854414e-01
Reset re-loads circuit * tb_pnp_mismatch.spice -- sky130 substrate-pnp local-mismatch monte carlo

Circuit: * tb_pnp_mismatch.spice -- sky130 substrate-pnp local-mismatch monte carlo

option SCALE: Scale is set to 1e-06 for instance and model parameters
option SCALE: Scale is set to 1e-06 for instance and model parameters
option SCALE: Scale is set to 1e-06 for instance and model parameters
option SCALE: Scale is set to 1e-06 for instance and model parameters
Doing analysis at TEMP = 27.000000 and TNOM = 27.000000

Using KLU as Direct Linear Solver

No. of Data Rows : 1
da1 = -8.82344e-05
da10 = 1.252684e-04
dr1 = 5.441377e-02
dr10 = 5.491430e-02
vr1a = 6.795803e-01
vr1b = 6.251665e-01
vr10a = 7.403256e-01
vr10b = 6.854113e-01
Reset re-loads circuit * tb_pnp_mismatch.spice -- sky130 substrate-pnp local-mismatch monte carlo

Circuit: * tb_pnp_mismatch.spice -- sky130 substrate-pnp local-mismatch monte carlo

option SCALE: Scale is set to 1e-06 for instance and model parameters
option SCALE: Scale is set to 1e-06 for instance and model parameters
option SCALE: Scale is set to 1e-06 for instance and model parameters
option SCALE: Scale is set to 1e-06 for instance and model parameters
Doing analysis at TEMP = 27.000000 and TNOM = 27.000000

Using KLU as Direct Linear Solver

No. of Data Rows : 1
da1 = -9.42735e-05
da10 = -1.16316e-06
dr1 = 5.446513e-02
dr10 = 5.486707e-02
vr1a = 6.796183e-01
vr1b = 6.251532e-01
vr10a = 7.403058e-01
vr10b = 6.854387e-01
Reset re-loads circuit * tb_pnp_mismatch.spice -- sky130 substrate-pnp local-mismatch monte carlo

Circuit: * tb_pnp_mismatch.spice -- sky130 substrate-pnp local-mismatch monte carlo

option SCALE: Scale is set to 1e-06 for instance and model parameters
option SCALE: Scale is set to 1e-06 for instance and model parameters
option SCALE: Scale is set to 1e-06 for instance and model parameters
option SCALE: Scale is set to 1e-06 for instance and model parameters
Doing analysis at TEMP = 27.000000 and TNOM = 27.000000

Using KLU as Direct Linear Solver

No. of Data Rows : 1
da1 = -1.04923e-04
da10 = 1.984316e-04
dr1 = 5.443543e-02
dr10 = 5.484659e-02
vr1a = 6.795656e-01
vr1b = 6.251301e-01
vr10a = 7.402488e-01
vr10b = 6.854022e-01
Reset re-loads circuit * tb_pnp_mismatch.spice -- sky130 substrate-pnp local-mismatch monte carlo

Circuit: * tb_pnp_mismatch.spice -- sky130 substrate-pnp local-mismatch monte carlo

option SCALE: Scale is set to 1e-06 for instance and model parameters
option SCALE: Scale is set to 1e-06 for instance and model parameters
option SCALE: Scale is set to 1e-06 for instance and model parameters
option SCALE: Scale is set to 1e-06 for instance and model parameters
Doing analysis at TEMP = 27.000000 and TNOM = 27.000000

Using KLU as Direct Linear Solver

No. of Data Rows : 1
da1 = -1.86335e-05
da10 = -2.65426e-06
dr1 = 5.451255e-02
dr10 = 5.482435e-02
vr1a = 6.796784e-01
vr1b = 6.251659e-01
vr10a = 7.402449e-01
vr10b = 6.854205e-01
Reset re-loads circuit * tb_pnp_mismatch.spice -- sky130 substrate-pnp local-mismatch monte carlo

Circuit: * tb_pnp_mismatch.spice -- sky130 substrate-pnp local-mismatch monte carlo

option SCALE: Scale is set to 1e-06 for instance and model parameters
option SCALE: Scale is set to 1e-06 for instance and model parameters
option SCALE: Scale is set to 1e-06 for instance and model parameters
option SCALE: Scale is set to 1e-06 for instance and model parameters
Doing analysis at TEMP = 27.000000 and TNOM = 27.000000

Using KLU as Direct Linear Solver

No. of Data Rows : 1
da1 = 4.643820e-05
da10 = 1.505344e-04
dr1 = 5.444771e-02
dr10 = 5.491828e-02
vr1a = 6.795910e-01
vr1b = 6.251433e-01
vr10a = 7.403349e-01
vr10b = 6.854166e-01
Reset re-loads circuit * tb_pnp_mismatch.spice -- sky130 substrate-pnp local-mismatch monte carlo

Circuit: * tb_pnp_mismatch.spice -- sky130 substrate-pnp local-mismatch monte carlo

option SCALE: Scale is set to 1e-06 for instance and model parameters
option SCALE: Scale is set to 1e-06 for instance and model parameters
option SCALE: Scale is set to 1e-06 for instance and model parameters
option SCALE: Scale is set to 1e-06 for instance and model parameters
Doing analysis at TEMP = 27.000000 and TNOM = 27.000000

Using KLU as Direct Linear Solver

No. of Data Rows : 1
da1 = 7.591468e-05
da10 = -1.19486e-04
dr1 = 5.436430e-02
dr10 = 5.488693e-02
vr1a = 6.795638e-01
vr1b = 6.251995e-01
vr10a = 7.403118e-01
vr10b = 6.854249e-01
Reset re-loads circuit * tb_pnp_mismatch.spice -- sky130 substrate-pnp local-mismatch monte carlo

Circuit: * tb_pnp_mismatch.spice -- sky130 substrate-pnp local-mismatch monte carlo

option SCALE: Scale is set to 1e-06 for instance and model parameters
option SCALE: Scale is set to 1e-06 for instance and model parameters
option SCALE: Scale is set to 1e-06 for instance and model parameters
option SCALE: Scale is set to 1e-06 for instance and model parameters
Doing analysis at TEMP = 27.000000 and TNOM = 27.000000

Using KLU as Direct Linear Solver

No. of Data Rows : 1
da1 = 5.839845e-05
da10 = -7.21269e-05
dr1 = 5.432292e-02
dr10 = 5.480124e-02
vr1a = 6.794721e-01
vr1b = 6.251492e-01
vr10a = 7.402088e-01
vr10b = 6.854076e-01
Reset re-loads circuit * tb_pnp_mismatch.spice -- sky130 substrate-pnp local-mismatch monte carlo

Circuit: * tb_pnp_mismatch.spice -- sky130 substrate-pnp local-mismatch monte carlo

option SCALE: Scale is set to 1e-06 for instance and model parameters
option SCALE: Scale is set to 1e-06 for instance and model parameters
option SCALE: Scale is set to 1e-06 for instance and model parameters
option SCALE: Scale is set to 1e-06 for instance and model parameters
Doing analysis at TEMP = 27.000000 and TNOM = 27.000000

Using KLU as Direct Linear Solver

No. of Data Rows : 1
da1 = 5.823074e-05
da10 = 2.500994e-04
dr1 = 5.437835e-02
dr10 = 5.497471e-02
vr1a = 6.795251e-01
vr1b = 6.251467e-01
vr10a = 7.404008e-01
vr10b = 6.854261e-01
Reset re-loads circuit * tb_pnp_mismatch.spice -- sky130 substrate-pnp local-mismatch monte carlo

Circuit: * tb_pnp_mismatch.spice -- sky130 substrate-pnp local-mismatch monte carlo

option SCALE: Scale is set to 1e-06 for instance and model parameters
option SCALE: Scale is set to 1e-06 for instance and model parameters
option SCALE: Scale is set to 1e-06 for instance and model parameters
option SCALE: Scale is set to 1e-06 for instance and model parameters
Doing analysis at TEMP = 27.000000 and TNOM = 27.000000

Using KLU as Direct Linear Solver

No. of Data Rows : 1
da1 = -4.15297e-05
da10 = 9.841860e-05
dr1 = 5.444643e-02
dr10 = 5.488658e-02
vr1a = 6.795851e-01
vr1b = 6.251387e-01
vr10a = 7.403226e-01
vr10b = 6.854360e-01
Reset re-loads circuit * tb_pnp_mismatch.spice -- sky130 substrate-pnp local-mismatch monte carlo

Circuit: * tb_pnp_mismatch.spice -- sky130 substrate-pnp local-mismatch monte carlo

option SCALE: Scale is set to 1e-06 for instance and model parameters
option SCALE: Scale is set to 1e-06 for instance and model parameters
option SCALE: Scale is set to 1e-06 for instance and model parameters
option SCALE: Scale is set to 1e-06 for instance and model parameters
Doing analysis at TEMP = 27.000000 and TNOM = 27.000000

Using KLU as Direct Linear Solver

No. of Data Rows : 1
da1 = 8.137573e-05
da10 = 8.796028e-05
dr1 = 5.439780e-02
dr10 = 5.487915e-02
vr1a = 6.795729e-01
vr1b = 6.251751e-01
vr10a = 7.403038e-01
vr10b = 6.854246e-01
Reset re-loads circuit * tb_pnp_mismatch.spice -- sky130 substrate-pnp local-mismatch monte carlo

Circuit: * tb_pnp_mismatch.spice -- sky130 substrate-pnp local-mismatch monte carlo

option SCALE: Scale is set to 1e-06 for instance and model parameters
option SCALE: Scale is set to 1e-06 for instance and model parameters
option SCALE: Scale is set to 1e-06 for instance and model parameters
option SCALE: Scale is set to 1e-06 for instance and model parameters
Doing analysis at TEMP = 27.000000 and TNOM = 27.000000

Using KLU as Direct Linear Solver

No. of Data Rows : 1
da1 = -1.77576e-04
da10 = 1.838576e-05
dr1 = 5.446927e-02
dr10 = 5.500288e-02
vr1a = 6.796383e-01
vr1b = 6.251690e-01
vr10a = 7.403879e-01
vr10b = 6.853850e-01
Reset re-loads circuit * tb_pnp_mismatch.spice -- sky130 substrate-pnp local-mismatch monte carlo

Circuit: * tb_pnp_mismatch.spice -- sky130 substrate-pnp local-mismatch monte carlo

option SCALE: Scale is set to 1e-06 for instance and model parameters
option SCALE: Scale is set to 1e-06 for instance and model parameters
option SCALE: Scale is set to 1e-06 for instance and model parameters
option SCALE: Scale is set to 1e-06 for instance and model parameters
Doing analysis at TEMP = 27.000000 and TNOM = 27.000000

Using KLU as Direct Linear Solver
 Reference value :  0.00000e+00
No. of Data Rows : 1
da1 = 1.520806e-04
da10 = -4.12845e-05
dr1 = 5.443244e-02
dr10 = 5.493300e-02
vr1a = 6.795661e-01
vr1b = 6.251337e-01
vr10a = 7.403565e-01
vr10b = 6.854235e-01
Reset re-loads circuit * tb_pnp_mismatch.spice -- sky130 substrate-pnp local-mismatch monte carlo

Circuit: * tb_pnp_mismatch.spice -- sky130 substrate-pnp local-mismatch monte carlo

option SCALE: Scale is set to 1e-06 for instance and model parameters
option SCALE: Scale is set to 1e-06 for instance and model parameters
option SCALE: Scale is set to 1e-06 for instance and model parameters
option SCALE: Scale is set to 1e-06 for instance and model parameters
Doing analysis at TEMP = 27.000000 and TNOM = 27.000000

Using KLU as Direct Linear Solver

No. of Data Rows : 1
da1 = -3.46107e-05
da10 = 2.842368e-05
dr1 = 5.441319e-02
dr10 = 5.487921e-02
vr1a = 6.795743e-01
vr1b = 6.251611e-01
vr10a = 7.403444e-01
vr10b = 6.854652e-01
Reset re-loads circuit * tb_pnp_mismatch.spice -- sky130 substrate-pnp local-mismatch monte carlo

Circuit: * tb_pnp_mismatch.spice -- sky130 substrate-pnp local-mismatch monte carlo

option SCALE: Scale is set to 1e-06 for instance and model parameters
option SCALE: Scale is set to 1e-06 for instance and model parameters
option SCALE: Scale is set to 1e-06 for instance and model parameters
option SCALE: Scale is set to 1e-06 for instance and model parameters
Doing analysis at TEMP = 27.000000 and TNOM = 27.000000

Using KLU as Direct Linear Solver

No. of Data Rows : 1
da1 = -8.56331e-05
da10 = 5.259923e-05
dr1 = 5.447689e-02
dr10 = 5.486385e-02
vr1a = 6.796109e-01
vr1b = 6.251340e-01
vr10a = 7.402756e-01
vr10b = 6.854117e-01
Reset re-loads circuit * tb_pnp_mismatch.spice -- sky130 substrate-pnp local-mismatch monte carlo

Circuit: * tb_pnp_mismatch.spice -- sky130 substrate-pnp local-mismatch monte carlo

option SCALE: Scale is set to 1e-06 for instance and model parameters
option SCALE: Scale is set to 1e-06 for instance and model parameters
option SCALE: Scale is set to 1e-06 for instance and model parameters
option SCALE: Scale is set to 1e-06 for instance and model parameters
Doing analysis at TEMP = 27.000000 and TNOM = 27.000000

Using KLU as Direct Linear Solver

No. of Data Rows : 1
da1 = -3.28836e-05
da10 = -9.90581e-06
dr1 = 5.452457e-02
dr10 = 5.501515e-02
vr1a = 6.796954e-01
vr1b = 6.251708e-01
vr10a = 7.404265e-01
vr10b = 6.854113e-01
Reset re-loads circuit * tb_pnp_mismatch.spice -- sky130 substrate-pnp local-mismatch monte carlo

Circuit: * tb_pnp_mismatch.spice -- sky130 substrate-pnp local-mismatch monte carlo

option SCALE: Scale is set to 1e-06 for instance and model parameters
option SCALE: Scale is set to 1e-06 for instance and model parameters
option SCALE: Scale is set to 1e-06 for instance and model parameters
option SCALE: Scale is set to 1e-06 for instance and model parameters
Doing analysis at TEMP = 27.000000 and TNOM = 27.000000

Using KLU as Direct Linear Solver

No. of Data Rows : 1
da1 = 6.628806e-06
da10 = -6.74636e-06
dr1 = 5.433820e-02
dr10 = 5.485298e-02
vr1a = 6.795206e-01
vr1b = 6.251824e-01
vr10a = 7.402844e-01
vr10b = 6.854314e-01
Reset re-loads circuit * tb_pnp_mismatch.spice -- sky130 substrate-pnp local-mismatch monte carlo

Circuit: * tb_pnp_mismatch.spice -- sky130 substrate-pnp local-mismatch monte carlo

option SCALE: Scale is set to 1e-06 for instance and model parameters
option SCALE: Scale is set to 1e-06 for instance and model parameters
option SCALE: Scale is set to 1e-06 for instance and model parameters
option SCALE: Scale is set to 1e-06 for instance and model parameters
Doing analysis at TEMP = 27.000000 and TNOM = 27.000000

Using KLU as Direct Linear Solver

No. of Data Rows : 1
da1 = 8.011943e-05
da10 = -1.32368e-05
dr1 = 5.443019e-02
dr10 = 5.487374e-02
vr1a = 6.795917e-01
vr1b = 6.251615e-01
vr10a = 7.403131e-01
vr10b = 6.854394e-01
Reset re-loads circuit * tb_pnp_mismatch.spice -- sky130 substrate-pnp local-mismatch monte carlo

Circuit: * tb_pnp_mismatch.spice -- sky130 substrate-pnp local-mismatch monte carlo

option SCALE: Scale is set to 1e-06 for instance and model parameters
option SCALE: Scale is set to 1e-06 for instance and model parameters
option SCALE: Scale is set to 1e-06 for instance and model parameters
option SCALE: Scale is set to 1e-06 for instance and model parameters
Doing analysis at TEMP = 27.000000 and TNOM = 27.000000

Using KLU as Direct Linear Solver

No. of Data Rows : 1
da1 = -8.76434e-05
da10 = 3.369899e-05
dr1 = 5.444839e-02
dr10 = 5.490898e-02
vr1a = 6.796080e-01
vr1b = 6.251596e-01
vr10a = 7.403258e-01
vr10b = 6.854168e-01
Reset re-loads circuit * tb_pnp_mismatch.spice -- sky130 substrate-pnp local-mismatch monte carlo

Circuit: * tb_pnp_mismatch.spice -- sky130 substrate-pnp local-mismatch monte carlo

option SCALE: Scale is set to 1e-06 for instance and model parameters
option SCALE: Scale is set to 1e-06 for instance and model parameters
option SCALE: Scale is set to 1e-06 for instance and model parameters
option SCALE: Scale is set to 1e-06 for instance and model parameters
Doing analysis at TEMP = 27.000000 and TNOM = 27.000000

Using KLU as Direct Linear Solver

No. of Data Rows : 1
da1 = -5.75435e-05
da10 = 1.731186e-05
dr1 = 5.428922e-02
dr10 = 5.482288e-02
vr1a = 6.794512e-01
vr1b = 6.251620e-01
vr10a = 7.402165e-01
vr10b = 6.853937e-01
Reset re-loads circuit * tb_pnp_mismatch.spice -- sky130 substrate-pnp local-mismatch monte carlo

Circuit: * tb_pnp_mismatch.spice -- sky130 substrate-pnp local-mismatch monte carlo

option SCALE: Scale is set to 1e-06 for instance and model parameters
option SCALE: Scale is set to 1e-06 for instance and model parameters
option SCALE: Scale is set to 1e-06 for instance and model parameters
option SCALE: Scale is set to 1e-06 for instance and model parameters
Doing analysis at TEMP = 27.000000 and TNOM = 27.000000

Using KLU as Direct Linear Solver

No. of Data Rows : 1
da1 = -5.91226e-05
da10 = 2.291402e-05
dr1 = 5.447204e-02
dr10 = 5.492142e-02
vr1a = 6.795815e-01
vr1b = 6.251094e-01
vr10a = 7.403248e-01
vr10b = 6.854034e-01
Reset re-loads circuit * tb_pnp_mismatch.spice -- sky130 substrate-pnp local-mismatch monte carlo

Circuit: * tb_pnp_mismatch.spice -- sky130 substrate-pnp local-mismatch monte carlo

option SCALE: Scale is set to 1e-06 for instance and model parameters
option SCALE: Scale is set to 1e-06 for instance and model parameters
option SCALE: Scale is set to 1e-06 for instance and model parameters
option SCALE: Scale is set to 1e-06 for instance and model parameters
Doing analysis at TEMP = 27.000000 and TNOM = 27.000000

Using KLU as Direct Linear Solver

No. of Data Rows : 1
da1 = 7.791527e-05
da10 = -4.52358e-06
dr1 = 5.441095e-02
dr10 = 5.474243e-02
vr1a = 6.795559e-01
vr1b = 6.251450e-01
vr10a = 7.401905e-01
vr10b = 6.854481e-01
Reset re-loads circuit * tb_pnp_mismatch.spice -- sky130 substrate-pnp local-mismatch monte carlo

Circuit: * tb_pnp_mismatch.spice -- sky130 substrate-pnp local-mismatch monte carlo

option SCALE: Scale is set to 1e-06 for instance and model parameters
option SCALE: Scale is set to 1e-06 for instance and model parameters
option SCALE: Scale is set to 1e-06 for instance and model parameters
option SCALE: Scale is set to 1e-06 for instance and model parameters
Doing analysis at TEMP = 27.000000 and TNOM = 27.000000

Using KLU as Direct Linear Solver

No. of Data Rows : 1
da1 = 1.136799e-04
da10 = 6.439193e-05
dr1 = 5.448787e-02
dr10 = 5.490117e-02
vr1a = 6.796598e-01
vr1b = 6.251720e-01
vr10a = 7.403474e-01
vr10b = 6.854463e-01
Reset re-loads circuit * tb_pnp_mismatch.spice -- sky130 substrate-pnp local-mismatch monte carlo

Circuit: * tb_pnp_mismatch.spice -- sky130 substrate-pnp local-mismatch monte carlo

option SCALE: Scale is set to 1e-06 for instance and model parameters
option SCALE: Scale is set to 1e-06 for instance and model parameters
option SCALE: Scale is set to 1e-06 for instance and model parameters
option SCALE: Scale is set to 1e-06 for instance and model parameters
Doing analysis at TEMP = 27.000000 and TNOM = 27.000000

Using KLU as Direct Linear Solver

No. of Data Rows : 1
da1 = -3.28880e-05
da10 = -1.13023e-04
dr1 = 5.444105e-02
dr10 = 5.494473e-02
vr1a = 6.795743e-01
vr1b = 6.251333e-01
vr10a = 7.403513e-01
vr10b = 6.854066e-01
Reset re-loads circuit * tb_pnp_mismatch.spice -- sky130 substrate-pnp local-mismatch monte carlo

Circuit: * tb_pnp_mismatch.spice -- sky130 substrate-pnp local-mismatch monte carlo

option SCALE: Scale is set to 1e-06 for instance and model parameters
option SCALE: Scale is set to 1e-06 for instance and model parameters
option SCALE: Scale is set to 1e-06 for instance and model parameters
option SCALE: Scale is set to 1e-06 for instance and model parameters
Doing analysis at TEMP = 27.000000 and TNOM = 27.000000

Using KLU as Direct Linear Solver

No. of Data Rows : 1
da1 = -1.02472e-04
da10 = -1.30118e-05
dr1 = 5.446253e-02
dr10 = 5.487876e-02
vr1a = 6.796324e-01
vr1b = 6.251698e-01
vr10a = 7.402894e-01
vr10b = 6.854106e-01
Reset re-loads circuit * tb_pnp_mismatch.spice -- sky130 substrate-pnp local-mismatch monte carlo

Circuit: * tb_pnp_mismatch.spice -- sky130 substrate-pnp local-mismatch monte carlo

option SCALE: Scale is set to 1e-06 for instance and model parameters
option SCALE: Scale is set to 1e-06 for instance and model parameters
option SCALE: Scale is set to 1e-06 for instance and model parameters
option SCALE: Scale is set to 1e-06 for instance and model parameters
Doing analysis at TEMP = 27.000000 and TNOM = 27.000000

Using KLU as Direct Linear Solver

No. of Data Rows : 1
da1 = -1.84251e-04
da10 = -8.37689e-05
dr1 = 5.445194e-02
dr10 = 5.493149e-02
vr1a = 6.796198e-01
vr1b = 6.251679e-01
vr10a = 7.403457e-01
vr10b = 6.854142e-01
Reset re-loads circuit * tb_pnp_mismatch.spice -- sky130 substrate-pnp local-mismatch monte carlo

Circuit: * tb_pnp_mismatch.spice -- sky130 substrate-pnp local-mismatch monte carlo

option SCALE: Scale is set to 1e-06 for instance and model parameters
option SCALE: Scale is set to 1e-06 for instance and model parameters
option SCALE: Scale is set to 1e-06 for instance and model parameters
option SCALE: Scale is set to 1e-06 for instance and model parameters
Doing analysis at TEMP = 27.000000 and TNOM = 27.000000

Using KLU as Direct Linear Solver

No. of Data Rows : 1
da1 = 1.152208e-04
da10 = -6.67085e-05
dr1 = 5.435457e-02
dr10 = 5.479956e-02
vr1a = 6.795113e-01
vr1b = 6.251568e-01
vr10a = 7.401561e-01
vr10b = 6.853565e-01
Reset re-loads circuit * tb_pnp_mismatch.spice -- sky130 substrate-pnp local-mismatch monte carlo

Circuit: * tb_pnp_mismatch.spice -- sky130 substrate-pnp local-mismatch monte carlo

option SCALE: Scale is set to 1e-06 for instance and model parameters
option SCALE: Scale is set to 1e-06 for instance and model parameters
option SCALE: Scale is set to 1e-06 for instance and model parameters
option SCALE: Scale is set to 1e-06 for instance and model parameters
Doing analysis at TEMP = 27.000000 and TNOM = 27.000000

Using KLU as Direct Linear Solver

No. of Data Rows : 1
da1 = 9.896145e-05
da10 = 1.234042e-05
dr1 = 5.443925e-02
dr10 = 5.487910e-02
vr1a = 6.795676e-01
vr1b = 6.251283e-01
vr10a = 7.403223e-01
vr10b = 6.854432e-01
Reset re-loads circuit * tb_pnp_mismatch.spice -- sky130 substrate-pnp local-mismatch monte carlo

Circuit: * tb_pnp_mismatch.spice -- sky130 substrate-pnp local-mismatch monte carlo

option SCALE: Scale is set to 1e-06 for instance and model parameters
option SCALE: Scale is set to 1e-06 for instance and model parameters
option SCALE: Scale is set to 1e-06 for instance and model parameters
option SCALE: Scale is set to 1e-06 for instance and model parameters
Doing analysis at TEMP = 27.000000 and TNOM = 27.000000

Using KLU as Direct Linear Solver

No. of Data Rows : 1
da1 = 7.613682e-05
da10 = 5.346486e-05
dr1 = 5.449980e-02
dr10 = 5.484910e-02
vr1a = 6.796563e-01
vr1b = 6.251565e-01
vr10a = 7.402691e-01
vr10b = 6.854200e-01
Reset re-loads circuit * tb_pnp_mismatch.spice -- sky130 substrate-pnp local-mismatch monte carlo

Circuit: * tb_pnp_mismatch.spice -- sky130 substrate-pnp local-mismatch monte carlo

option SCALE: Scale is set to 1e-06 for instance and model parameters
option SCALE: Scale is set to 1e-06 for instance and model parameters
option SCALE: Scale is set to 1e-06 for instance and model parameters
option SCALE: Scale is set to 1e-06 for instance and model parameters
Doing analysis at TEMP = 27.000000 and TNOM = 27.000000

Using KLU as Direct Linear Solver

No. of Data Rows : 1
da1 = 4.374914e-06
da10 = -7.99942e-05
dr1 = 5.461501e-02
dr10 = 5.474799e-02
vr1a = 6.797103e-01
vr1b = 6.250953e-01
vr10a = 7.401964e-01
vr10b = 6.854484e-01
Reset re-loads circuit * tb_pnp_mismatch.spice -- sky130 substrate-pnp local-mismatch monte carlo

Circuit: * tb_pnp_mismatch.spice -- sky130 substrate-pnp local-mismatch monte carlo

option SCALE: Scale is set to 1e-06 for instance and model parameters
option SCALE: Scale is set to 1e-06 for instance and model parameters
option SCALE: Scale is set to 1e-06 for instance and model parameters
option SCALE: Scale is set to 1e-06 for instance and model parameters
Doing analysis at TEMP = 27.000000 and TNOM = 27.000000

Using KLU as Direct Linear Solver

No. of Data Rows : 1
da1 = -4.77811e-05
da10 = 8.656607e-05
dr1 = 5.441087e-02
dr10 = 5.489838e-02
vr1a = 6.795667e-01
vr1b = 6.251558e-01
vr10a = 7.403311e-01
vr10b = 6.854327e-01
Reset re-loads circuit * tb_pnp_mismatch.spice -- sky130 substrate-pnp local-mismatch monte carlo

Circuit: * tb_pnp_mismatch.spice -- sky130 substrate-pnp local-mismatch monte carlo

option SCALE: Scale is set to 1e-06 for instance and model parameters
option SCALE: Scale is set to 1e-06 for instance and model parameters
option SCALE: Scale is set to 1e-06 for instance and model parameters
option SCALE: Scale is set to 1e-06 for instance and model parameters
Doing analysis at TEMP = 27.000000 and TNOM = 27.000000

Using KLU as Direct Linear Solver

No. of Data Rows : 1
da1 = 8.043407e-06
da10 = -1.65500e-04
dr1 = 5.454148e-02
dr10 = 5.481261e-02
vr1a = 6.796704e-01
vr1b = 6.251289e-01
vr10a = 7.402236e-01
vr10b = 6.854110e-01
Reset re-loads circuit * tb_pnp_mismatch.spice -- sky130 substrate-pnp local-mismatch monte carlo

Circuit: * tb_pnp_mismatch.spice -- sky130 substrate-pnp local-mismatch monte carlo

option SCALE: Scale is set to 1e-06 for instance and model parameters
option SCALE: Scale is set to 1e-06 for instance and model parameters
option SCALE: Scale is set to 1e-06 for instance and model parameters
option SCALE: Scale is set to 1e-06 for instance and model parameters
Doing analysis at TEMP = 27.000000 and TNOM = 27.000000

Using KLU as Direct Linear Solver

No. of Data Rows : 1
da1 = 1.639915e-05
da10 = -6.00008e-06
dr1 = 5.449593e-02
dr10 = 5.477823e-02
vr1a = 6.796049e-01
vr1b = 6.251090e-01
vr10a = 7.402529e-01
vr10b = 6.854747e-01
Reset re-loads circuit * tb_pnp_mismatch.spice -- sky130 substrate-pnp local-mismatch monte carlo

Circuit: * tb_pnp_mismatch.spice -- sky130 substrate-pnp local-mismatch monte carlo

option SCALE: Scale is set to 1e-06 for instance and model parameters
option SCALE: Scale is set to 1e-06 for instance and model parameters
option SCALE: Scale is set to 1e-06 for instance and model parameters
option SCALE: Scale is set to 1e-06 for instance and model parameters
Doing analysis at TEMP = 27.000000 and TNOM = 27.000000

Using KLU as Direct Linear Solver

No. of Data Rows : 1
da1 = 7.917362e-05
da10 = 8.687678e-05
dr1 = 5.436669e-02
dr10 = 5.499847e-02
vr1a = 6.795226e-01
vr1b = 6.251559e-01
vr10a = 7.404023e-01
vr10b = 6.854038e-01
Reset re-loads circuit * tb_pnp_mismatch.spice -- sky130 substrate-pnp local-mismatch monte carlo

Circuit: * tb_pnp_mismatch.spice -- sky130 substrate-pnp local-mismatch monte carlo

option SCALE: Scale is set to 1e-06 for instance and model parameters
option SCALE: Scale is set to 1e-06 for instance and model parameters
option SCALE: Scale is set to 1e-06 for instance and model parameters
option SCALE: Scale is set to 1e-06 for instance and model parameters
Doing analysis at TEMP = 27.000000 and TNOM = 27.000000

Using KLU as Direct Linear Solver

No. of Data Rows : 1
da1 = -5.31609e-06
da10 = 2.189520e-04
dr1 = 5.436155e-02
dr10 = 5.481732e-02
vr1a = 6.795158e-01
vr1b = 6.251543e-01
vr10a = 7.402595e-01
vr10b = 6.854422e-01
Reset re-loads circuit * tb_pnp_mismatch.spice -- sky130 substrate-pnp local-mismatch monte carlo

Circuit: * tb_pnp_mismatch.spice -- sky130 substrate-pnp local-mismatch monte carlo

option SCALE: Scale is set to 1e-06 for instance and model parameters
option SCALE: Scale is set to 1e-06 for instance and model parameters
option SCALE: Scale is set to 1e-06 for instance and model parameters
option SCALE: Scale is set to 1e-06 for instance and model parameters
Doing analysis at TEMP = 27.000000 and TNOM = 27.000000

Using KLU as Direct Linear Solver

No. of Data Rows : 1
da1 = -1.21442e-04
da10 = -1.11474e-04
dr1 = 5.445857e-02
dr10 = 5.486097e-02
vr1a = 6.796204e-01
vr1b = 6.251618e-01
vr10a = 7.403055e-01
vr10b = 6.854446e-01
Reset re-loads circuit * tb_pnp_mismatch.spice -- sky130 substrate-pnp local-mismatch monte carlo

Circuit: * tb_pnp_mismatch.spice -- sky130 substrate-pnp local-mismatch monte carlo

option SCALE: Scale is set to 1e-06 for instance and model parameters
option SCALE: Scale is set to 1e-06 for instance and model parameters
option SCALE: Scale is set to 1e-06 for instance and model parameters
option SCALE: Scale is set to 1e-06 for instance and model parameters
Doing analysis at TEMP = 27.000000 and TNOM = 27.000000

Using KLU as Direct Linear Solver

No. of Data Rows : 1
da1 = -1.21306e-05
da10 = 1.663603e-04
dr1 = 5.437966e-02
dr10 = 5.491164e-02
vr1a = 6.795159e-01
vr1b = 6.251363e-01
vr10a = 7.403181e-01
vr10b = 6.854064e-01
Reset re-loads circuit * tb_pnp_mismatch.spice -- sky130 substrate-pnp local-mismatch monte carlo

Circuit: * tb_pnp_mismatch.spice -- sky130 substrate-pnp local-mismatch monte carlo

option SCALE: Scale is set to 1e-06 for instance and model parameters
option SCALE: Scale is set to 1e-06 for instance and model parameters
option SCALE: Scale is set to 1e-06 for instance and model parameters
option SCALE: Scale is set to 1e-06 for instance and model parameters
Doing analysis at TEMP = 27.000000 and TNOM = 27.000000

Using KLU as Direct Linear Solver

No. of Data Rows : 1
da1 = -1.37188e-04
da10 = -2.23234e-04
dr1 = 5.441945e-02
dr10 = 5.487824e-02
vr1a = 6.795864e-01
vr1b = 6.251670e-01
vr10a = 7.402804e-01
vr10b = 6.854022e-01
Reset re-loads circuit * tb_pnp_mismatch.spice -- sky130 substrate-pnp local-mismatch monte carlo

Circuit: * tb_pnp_mismatch.spice -- sky130 substrate-pnp local-mismatch monte carlo

option SCALE: Scale is set to 1e-06 for instance and model parameters
option SCALE: Scale is set to 1e-06 for instance and model parameters
option SCALE: Scale is set to 1e-06 for instance and model parameters
option SCALE: Scale is set to 1e-06 for instance and model parameters
Doing analysis at TEMP = 27.000000 and TNOM = 27.000000

Using KLU as Direct Linear Solver

No. of Data Rows : 1
da1 = 6.927474e-05
da10 = -1.41444e-04
dr1 = 5.436197e-02
dr10 = 5.502792e-02
vr1a = 6.795420e-01
vr1b = 6.251801e-01
vr10a = 7.404312e-01
vr10b = 6.854033e-01
Reset re-loads circuit * tb_pnp_mismatch.spice -- sky130 substrate-pnp local-mismatch monte carlo

Circuit: * tb_pnp_mismatch.spice -- sky130 substrate-pnp local-mismatch monte carlo

option SCALE: Scale is set to 1e-06 for instance and model parameters
option SCALE: Scale is set to 1e-06 for instance and model parameters
option SCALE: Scale is set to 1e-06 for instance and model parameters
option SCALE: Scale is set to 1e-06 for instance and model parameters
Doing analysis at TEMP = 27.000000 and TNOM = 27.000000

Using KLU as Direct Linear Solver

No. of Data Rows : 1
da1 = -6.16003e-06
da10 = 5.037495e-05
dr1 = 5.442269e-02
dr10 = 5.495114e-02
vr1a = 6.795357e-01
vr1b = 6.251130e-01
vr10a = 7.403438e-01
vr10b = 6.853926e-01
Reset re-loads circuit * tb_pnp_mismatch.spice -- sky130 substrate-pnp local-mismatch monte carlo

Circuit: * tb_pnp_mismatch.spice -- sky130 substrate-pnp local-mismatch monte carlo

option SCALE: Scale is set to 1e-06 for instance and model parameters
option SCALE: Scale is set to 1e-06 for instance and model parameters
option SCALE: Scale is set to 1e-06 for instance and model parameters
option SCALE: Scale is set to 1e-06 for instance and model parameters
Doing analysis at TEMP = 27.000000 and TNOM = 27.000000

Using KLU as Direct Linear Solver

No. of Data Rows : 1
da1 = -2.17897e-04
da10 = -8.92758e-05
dr1 = 5.435549e-02
dr10 = 5.472355e-02
vr1a = 6.795006e-01
vr1b = 6.251451e-01
vr10a = 7.401662e-01
vr10b = 6.854426e-01
Reset re-loads circuit * tb_pnp_mismatch.spice -- sky130 substrate-pnp local-mismatch monte carlo

Circuit: * tb_pnp_mismatch.spice -- sky130 substrate-pnp local-mismatch monte carlo

option SCALE: Scale is set to 1e-06 for instance and model parameters
option SCALE: Scale is set to 1e-06 for instance and model parameters
option SCALE: Scale is set to 1e-06 for instance and model parameters
option SCALE: Scale is set to 1e-06 for instance and model parameters
Doing analysis at TEMP = 27.000000 and TNOM = 27.000000

Using KLU as Direct Linear Solver

No. of Data Rows : 1
da1 = 3.414909e-06
da10 = 9.775467e-05
dr1 = 5.454391e-02
dr10 = 5.487657e-02
vr1a = 6.796965e-01
vr1b = 6.251526e-01
vr10a = 7.403258e-01
vr10b = 6.854492e-01
Reset re-loads circuit * tb_pnp_mismatch.spice -- sky130 substrate-pnp local-mismatch monte carlo

Circuit: * tb_pnp_mismatch.spice -- sky130 substrate-pnp local-mismatch monte carlo

option SCALE: Scale is set to 1e-06 for instance and model parameters
option SCALE: Scale is set to 1e-06 for instance and model parameters
option SCALE: Scale is set to 1e-06 for instance and model parameters
option SCALE: Scale is set to 1e-06 for instance and model parameters
Doing analysis at TEMP = 27.000000 and TNOM = 27.000000

Using KLU as Direct Linear Solver

No. of Data Rows : 1
da1 = -5.59416e-05
da10 = -8.00217e-05
dr1 = 5.444923e-02
dr10 = 5.490006e-02
vr1a = 6.795827e-01
vr1b = 6.251335e-01
vr10a = 7.402907e-01
vr10b = 6.853907e-01
Reset re-loads circuit * tb_pnp_mismatch.spice -- sky130 substrate-pnp local-mismatch monte carlo

Circuit: * tb_pnp_mismatch.spice -- sky130 substrate-pnp local-mismatch monte carlo

option SCALE: Scale is set to 1e-06 for instance and model parameters
option SCALE: Scale is set to 1e-06 for instance and model parameters
option SCALE: Scale is set to 1e-06 for instance and model parameters
option SCALE: Scale is set to 1e-06 for instance and model parameters
Doing analysis at TEMP = 27.000000 and TNOM = 27.000000

Using KLU as Direct Linear Solver

No. of Data Rows : 1
da1 = 5.471747e-05
da10 = 6.463073e-05
dr1 = 5.446134e-02
dr10 = 5.493371e-02
vr1a = 6.796426e-01
vr1b = 6.251812e-01
vr10a = 7.403454e-01
vr10b = 6.854117e-01
Reset re-loads circuit * tb_pnp_mismatch.spice -- sky130 substrate-pnp local-mismatch monte carlo

Circuit: * tb_pnp_mismatch.spice -- sky130 substrate-pnp local-mismatch monte carlo

option SCALE: Scale is set to 1e-06 for instance and model parameters
option SCALE: Scale is set to 1e-06 for instance and model parameters
option SCALE: Scale is set to 1e-06 for instance and model parameters
option SCALE: Scale is set to 1e-06 for instance and model parameters
Doing analysis at TEMP = 27.000000 and TNOM = 27.000000

Using KLU as Direct Linear Solver

No. of Data Rows : 1
da1 = -2.14772e-04
da10 = 6.475699e-05
dr1 = 5.437213e-02
dr10 = 5.499077e-02
vr1a = 6.795072e-01
vr1b = 6.251351e-01
vr10a = 7.403948e-01
vr10b = 6.854040e-01
Reset re-loads circuit * tb_pnp_mismatch.spice -- sky130 substrate-pnp local-mismatch monte carlo

Circuit: * tb_pnp_mismatch.spice -- sky130 substrate-pnp local-mismatch monte carlo

option SCALE: Scale is set to 1e-06 for instance and model parameters
option SCALE: Scale is set to 1e-06 for instance and model parameters
option SCALE: Scale is set to 1e-06 for instance and model parameters
option SCALE: Scale is set to 1e-06 for instance and model parameters
Doing analysis at TEMP = 27.000000 and TNOM = 27.000000

Using KLU as Direct Linear Solver

No. of Data Rows : 1
da1 = -1.14364e-04
da10 = 1.606369e-05
dr1 = 5.433033e-02
dr10 = 5.484836e-02
vr1a = 6.794797e-01
vr1b = 6.251494e-01
vr10a = 7.402705e-01
vr10b = 6.854221e-01
Reset re-loads circuit * tb_pnp_mismatch.spice -- sky130 substrate-pnp local-mismatch monte carlo

Circuit: * tb_pnp_mismatch.spice -- sky130 substrate-pnp local-mismatch monte carlo

option SCALE: Scale is set to 1e-06 for instance and model parameters
option SCALE: Scale is set to 1e-06 for instance and model parameters
option SCALE: Scale is set to 1e-06 for instance and model parameters
option SCALE: Scale is set to 1e-06 for instance and model parameters
Doing analysis at TEMP = 27.000000 and TNOM = 27.000000

Using KLU as Direct Linear Solver

No. of Data Rows : 1
da1 = 3.112919e-05
da10 = 6.343803e-06
dr1 = 5.440471e-02
dr10 = 5.491354e-02
vr1a = 6.795582e-01
vr1b = 6.251535e-01
vr10a = 7.403076e-01
vr10b = 6.853941e-01
Reset re-loads circuit * tb_pnp_mismatch.spice -- sky130 substrate-pnp local-mismatch monte carlo

Circuit: * tb_pnp_mismatch.spice -- sky130 substrate-pnp local-mismatch monte carlo

option SCALE: Scale is set to 1e-06 for instance and model parameters
option SCALE: Scale is set to 1e-06 for instance and model parameters
option SCALE: Scale is set to 1e-06 for instance and model parameters
option SCALE: Scale is set to 1e-06 for instance and model parameters
Doing analysis at TEMP = 27.000000 and TNOM = 27.000000

Using KLU as Direct Linear Solver
 Reference value :  0.00000e+00
No. of Data Rows : 1
da1 = -4.76338e-05
da10 = -2.10324e-04
dr1 = 5.451839e-02
dr10 = 5.506384e-02
vr1a = 6.796420e-01
vr1b = 6.251236e-01
vr10a = 7.404729e-01
vr10b = 6.854090e-01
Reset re-loads circuit * tb_pnp_mismatch.spice -- sky130 substrate-pnp local-mismatch monte carlo

Circuit: * tb_pnp_mismatch.spice -- sky130 substrate-pnp local-mismatch monte carlo

option SCALE: Scale is set to 1e-06 for instance and model parameters
option SCALE: Scale is set to 1e-06 for instance and model parameters
option SCALE: Scale is set to 1e-06 for instance and model parameters
option SCALE: Scale is set to 1e-06 for instance and model parameters
Doing analysis at TEMP = 27.000000 and TNOM = 27.000000

Using KLU as Direct Linear Solver

No. of Data Rows : 1
da1 = -6.08665e-05
da10 = 6.755272e-05
dr1 = 5.445590e-02
dr10 = 5.478463e-02
vr1a = 6.795956e-01
vr1b = 6.251397e-01
vr10a = 7.401949e-01
vr10b = 6.854102e-01
Reset re-loads circuit * tb_pnp_mismatch.spice -- sky130 substrate-pnp local-mismatch monte carlo

Circuit: * tb_pnp_mismatch.spice -- sky130 substrate-pnp local-mismatch monte carlo

option SCALE: Scale is set to 1e-06 for instance and model parameters
option SCALE: Scale is set to 1e-06 for instance and model parameters
option SCALE: Scale is set to 1e-06 for instance and model parameters
option SCALE: Scale is set to 1e-06 for instance and model parameters
Doing analysis at TEMP = 27.000000 and TNOM = 27.000000

Using KLU as Direct Linear Solver

No. of Data Rows : 1
da1 = 6.974971e-05
da10 = 1.074469e-04
dr1 = 5.438223e-02
dr10 = 5.492459e-02
vr1a = 6.795651e-01
vr1b = 6.251828e-01
vr10a = 7.403586e-01
vr10b = 6.854340e-01
Reset re-loads circuit * tb_pnp_mismatch.spice -- sky130 substrate-pnp local-mismatch monte carlo

Circuit: * tb_pnp_mismatch.spice -- sky130 substrate-pnp local-mismatch monte carlo

option SCALE: Scale is set to 1e-06 for instance and model parameters
option SCALE: Scale is set to 1e-06 for instance and model parameters
option SCALE: Scale is set to 1e-06 for instance and model parameters
option SCALE: Scale is set to 1e-06 for instance and model parameters
Doing analysis at TEMP = 27.000000 and TNOM = 27.000000

Using KLU as Direct Linear Solver

No. of Data Rows : 1
da1 = 6.465164e-05
da10 = -1.91610e-04
dr1 = 5.451707e-02
dr10 = 5.487449e-02
vr1a = 6.797056e-01
vr1b = 6.251885e-01
vr10a = 7.402809e-01
vr10b = 6.854064e-01
Reset re-loads circuit * tb_pnp_mismatch.spice -- sky130 substrate-pnp local-mismatch monte carlo

Circuit: * tb_pnp_mismatch.spice -- sky130 substrate-pnp local-mismatch monte carlo

option SCALE: Scale is set to 1e-06 for instance and model parameters
option SCALE: Scale is set to 1e-06 for instance and model parameters
option SCALE: Scale is set to 1e-06 for instance and model parameters
option SCALE: Scale is set to 1e-06 for instance and model parameters
Doing analysis at TEMP = 27.000000 and TNOM = 27.000000

Using KLU as Direct Linear Solver

No. of Data Rows : 1
da1 = 3.494879e-05
da10 = 1.652027e-04
dr1 = 5.433980e-02
dr10 = 5.484639e-02
vr1a = 6.794700e-01
vr1b = 6.251302e-01
vr10a = 7.402905e-01
vr10b = 6.854441e-01
Reset re-loads circuit * tb_pnp_mismatch.spice -- sky130 substrate-pnp local-mismatch monte carlo

Circuit: * tb_pnp_mismatch.spice -- sky130 substrate-pnp local-mismatch monte carlo

option SCALE: Scale is set to 1e-06 for instance and model parameters
option SCALE: Scale is set to 1e-06 for instance and model parameters
option SCALE: Scale is set to 1e-06 for instance and model parameters
option SCALE: Scale is set to 1e-06 for instance and model parameters
Doing analysis at TEMP = 27.000000 and TNOM = 27.000000

Using KLU as Direct Linear Solver

No. of Data Rows : 1
da1 = -6.54930e-05
da10 = -1.16766e-05
dr1 = 5.448392e-02
dr10 = 5.480233e-02
vr1a = 6.796157e-01
vr1b = 6.251317e-01
vr10a = 7.402360e-01
vr10b = 6.854337e-01
Reset re-loads circuit * tb_pnp_mismatch.spice -- sky130 substrate-pnp local-mismatch monte carlo

Circuit: * tb_pnp_mismatch.spice -- sky130 substrate-pnp local-mismatch monte carlo

option SCALE: Scale is set to 1e-06 for instance and model parameters
option SCALE: Scale is set to 1e-06 for instance and model parameters
option SCALE: Scale is set to 1e-06 for instance and model parameters
option SCALE: Scale is set to 1e-06 for instance and model parameters
Doing analysis at TEMP = 27.000000 and TNOM = 27.000000

Using KLU as Direct Linear Solver

No. of Data Rows : 1
da1 = -1.13486e-04
da10 = -1.67060e-04
dr1 = 5.451479e-02
dr10 = 5.496625e-02
vr1a = 6.796672e-01
vr1b = 6.251524e-01
vr10a = 7.403801e-01
vr10b = 6.854139e-01
Reset re-loads circuit * tb_pnp_mismatch.spice -- sky130 substrate-pnp local-mismatch monte carlo

Circuit: * tb_pnp_mismatch.spice -- sky130 substrate-pnp local-mismatch monte carlo

option SCALE: Scale is set to 1e-06 for instance and model parameters
option SCALE: Scale is set to 1e-06 for instance and model parameters
option SCALE: Scale is set to 1e-06 for instance and model parameters
option SCALE: Scale is set to 1e-06 for instance and model parameters
Doing analysis at TEMP = 27.000000 and TNOM = 27.000000

Using KLU as Direct Linear Solver

No. of Data Rows : 1
da1 = -1.34644e-04
da10 = 6.045517e-06
dr1 = 5.437011e-02
dr10 = 5.485846e-02
vr1a = 6.795209e-01
vr1b = 6.251508e-01
vr10a = 7.402907e-01
vr10b = 6.854322e-01
Reset re-loads circuit * tb_pnp_mismatch.spice -- sky130 substrate-pnp local-mismatch monte carlo

Circuit: * tb_pnp_mismatch.spice -- sky130 substrate-pnp local-mismatch monte carlo

option SCALE: Scale is set to 1e-06 for instance and model parameters
option SCALE: Scale is set to 1e-06 for instance and model parameters
option SCALE: Scale is set to 1e-06 for instance and model parameters
option SCALE: Scale is set to 1e-06 for instance and model parameters
Doing analysis at TEMP = 27.000000 and TNOM = 27.000000

Using KLU as Direct Linear Solver

No. of Data Rows : 1
da1 = 1.223292e-04
da10 = -8.43584e-05
dr1 = 5.443729e-02
dr10 = 5.492941e-02
vr1a = 6.796171e-01
vr1b = 6.251798e-01
vr10a = 7.402965e-01
vr10b = 6.853671e-01
Reset re-loads circuit * tb_pnp_mismatch.spice -- sky130 substrate-pnp local-mismatch monte carlo

Circuit: * tb_pnp_mismatch.spice -- sky130 substrate-pnp local-mismatch monte carlo

option SCALE: Scale is set to 1e-06 for instance and model parameters
option SCALE: Scale is set to 1e-06 for instance and model parameters
option SCALE: Scale is set to 1e-06 for instance and model parameters
option SCALE: Scale is set to 1e-06 for instance and model parameters
Doing analysis at TEMP = 27.000000 and TNOM = 27.000000

Using KLU as Direct Linear Solver

No. of Data Rows : 1
da1 = 1.502069e-05
da10 = 5.023716e-05
dr1 = 5.441194e-02
dr10 = 5.483972e-02
vr1a = 6.795400e-01
vr1b = 6.251280e-01
vr10a = 7.402567e-01
vr10b = 6.854170e-01
Reset re-loads circuit * tb_pnp_mismatch.spice -- sky130 substrate-pnp local-mismatch monte carlo

Circuit: * tb_pnp_mismatch.spice -- sky130 substrate-pnp local-mismatch monte carlo

option SCALE: Scale is set to 1e-06 for instance and model parameters
option SCALE: Scale is set to 1e-06 for instance and model parameters
option SCALE: Scale is set to 1e-06 for instance and model parameters
option SCALE: Scale is set to 1e-06 for instance and model parameters
Doing analysis at TEMP = 27.000000 and TNOM = 27.000000

Using KLU as Direct Linear Solver

No. of Data Rows : 1
da1 = -2.38608e-05
da10 = 1.393091e-04
dr1 = 5.457180e-02
dr10 = 5.483481e-02
vr1a = 6.797006e-01
vr1b = 6.251288e-01
vr10a = 7.402387e-01
vr10b = 6.854039e-01
Reset re-loads circuit * tb_pnp_mismatch.spice -- sky130 substrate-pnp local-mismatch monte carlo

Circuit: * tb_pnp_mismatch.spice -- sky130 substrate-pnp local-mismatch monte carlo

option SCALE: Scale is set to 1e-06 for instance and model parameters
option SCALE: Scale is set to 1e-06 for instance and model parameters
option SCALE: Scale is set to 1e-06 for instance and model parameters
option SCALE: Scale is set to 1e-06 for instance and model parameters
Doing analysis at TEMP = 27.000000 and TNOM = 27.000000

Using KLU as Direct Linear Solver

No. of Data Rows : 1
da1 = -1.42011e-04
da10 = -4.89911e-05
dr1 = 5.442561e-02
dr10 = 5.500627e-02
vr1a = 6.795755e-01
vr1b = 6.251499e-01
vr10a = 7.404642e-01
vr10b = 6.854579e-01
Reset re-loads circuit * tb_pnp_mismatch.spice -- sky130 substrate-pnp local-mismatch monte carlo

Circuit: * tb_pnp_mismatch.spice -- sky130 substrate-pnp local-mismatch monte carlo

option SCALE: Scale is set to 1e-06 for instance and model parameters
option SCALE: Scale is set to 1e-06 for instance and model parameters
option SCALE: Scale is set to 1e-06 for instance and model parameters
option SCALE: Scale is set to 1e-06 for instance and model parameters
Doing analysis at TEMP = 27.000000 and TNOM = 27.000000

Using KLU as Direct Linear Solver

No. of Data Rows : 1
da1 = -1.57138e-04
da10 = 3.373988e-05
dr1 = 5.445389e-02
dr10 = 5.493111e-02
vr1a = 6.796596e-01
vr1b = 6.252058e-01
vr10a = 7.403440e-01
vr10b = 6.854129e-01
Reset re-loads circuit * tb_pnp_mismatch.spice -- sky130 substrate-pnp local-mismatch monte carlo

Circuit: * tb_pnp_mismatch.spice -- sky130 substrate-pnp local-mismatch monte carlo

option SCALE: Scale is set to 1e-06 for instance and model parameters
option SCALE: Scale is set to 1e-06 for instance and model parameters
option SCALE: Scale is set to 1e-06 for instance and model parameters
option SCALE: Scale is set to 1e-06 for instance and model parameters
Doing analysis at TEMP = 27.000000 and TNOM = 27.000000

Using KLU as Direct Linear Solver

No. of Data Rows : 1
da1 = -1.22340e-04
da10 = -2.03323e-05
dr1 = 5.444373e-02
dr10 = 5.484414e-02
vr1a = 6.796044e-01
vr1b = 6.251607e-01
vr10a = 7.402635e-01
vr10b = 6.854194e-01
Reset re-loads circuit * tb_pnp_mismatch.spice -- sky130 substrate-pnp local-mismatch monte carlo

Circuit: * tb_pnp_mismatch.spice -- sky130 substrate-pnp local-mismatch monte carlo

option SCALE: Scale is set to 1e-06 for instance and model parameters
option SCALE: Scale is set to 1e-06 for instance and model parameters
option SCALE: Scale is set to 1e-06 for instance and model parameters
option SCALE: Scale is set to 1e-06 for instance and model parameters
Doing analysis at TEMP = 27.000000 and TNOM = 27.000000

Using KLU as Direct Linear Solver

No. of Data Rows : 1
da1 = -1.02057e-04
da10 = 3.509807e-05
dr1 = 5.435398e-02
dr10 = 5.493288e-02
vr1a = 6.795158e-01
vr1b = 6.251618e-01
vr10a = 7.403511e-01
vr10b = 6.854182e-01
Reset re-loads circuit * tb_pnp_mismatch.spice -- sky130 substrate-pnp local-mismatch monte carlo

Circuit: * tb_pnp_mismatch.spice -- sky130 substrate-pnp local-mismatch monte carlo

option SCALE: Scale is set to 1e-06 for instance and model parameters
option SCALE: Scale is set to 1e-06 for instance and model parameters
option SCALE: Scale is set to 1e-06 for instance and model parameters
option SCALE: Scale is set to 1e-06 for instance and model parameters
Doing analysis at TEMP = 27.000000 and TNOM = 27.000000

Using KLU as Direct Linear Solver

No. of Data Rows : 1
da1 = -1.10908e-04
da10 = -5.19597e-05
dr1 = 5.436704e-02
dr10 = 5.491782e-02
vr1a = 6.794911e-01
vr1b = 6.251241e-01
vr10a = 7.403268e-01
vr10b = 6.854090e-01
Reset re-loads circuit * tb_pnp_mismatch.spice -- sky130 substrate-pnp local-mismatch monte carlo

Circuit: * tb_pnp_mismatch.spice -- sky130 substrate-pnp local-mismatch monte carlo

option SCALE: Scale is set to 1e-06 for instance and model parameters
option SCALE: Scale is set to 1e-06 for instance and model parameters
option SCALE: Scale is set to 1e-06 for instance and model parameters
option SCALE: Scale is set to 1e-06 for instance and model parameters
Doing analysis at TEMP = 27.000000 and TNOM = 27.000000

Using KLU as Direct Linear Solver

No. of Data Rows : 1
da1 = 6.521675e-05
da10 = 1.068717e-04
dr1 = 5.459580e-02
dr10 = 5.481352e-02
vr1a = 6.797814e-01
vr1b = 6.251856e-01
vr10a = 7.402607e-01
vr10b = 6.854472e-01
Reset re-loads circuit * tb_pnp_mismatch.spice -- sky130 substrate-pnp local-mismatch monte carlo

Circuit: * tb_pnp_mismatch.spice -- sky130 substrate-pnp local-mismatch monte carlo

option SCALE: Scale is set to 1e-06 for instance and model parameters
option SCALE: Scale is set to 1e-06 for instance and model parameters
option SCALE: Scale is set to 1e-06 for instance and model parameters
option SCALE: Scale is set to 1e-06 for instance and model parameters
Doing analysis at TEMP = 27.000000 and TNOM = 27.000000

Using KLU as Direct Linear Solver

No. of Data Rows : 1
da1 = -6.75194e-05
da10 = 8.111287e-05
dr1 = 5.444509e-02
dr10 = 5.469632e-02
vr1a = 6.796275e-01
vr1b = 6.251824e-01
vr10a = 7.401353e-01
vr10b = 6.854390e-01
Reset re-loads circuit * tb_pnp_mismatch.spice -- sky130 substrate-pnp local-mismatch monte carlo

Circuit: * tb_pnp_mismatch.spice -- sky130 substrate-pnp local-mismatch monte carlo

option SCALE: Scale is set to 1e-06 for instance and model parameters
option SCALE: Scale is set to 1e-06 for instance and model parameters
option SCALE: Scale is set to 1e-06 for instance and model parameters
option SCALE: Scale is set to 1e-06 for instance and model parameters
Doing analysis at TEMP = 27.000000 and TNOM = 27.000000

Using KLU as Direct Linear Solver

No. of Data Rows : 1
da1 = -1.31474e-05
da10 = 9.359629e-05
dr1 = 5.454601e-02
dr10 = 5.477572e-02
vr1a = 6.796682e-01
vr1b = 6.251222e-01
vr10a = 7.402124e-01
vr10b = 6.854367e-01
Reset re-loads circuit * tb_pnp_mismatch.spice -- sky130 substrate-pnp local-mismatch monte carlo

Circuit: * tb_pnp_mismatch.spice -- sky130 substrate-pnp local-mismatch monte carlo

option SCALE: Scale is set to 1e-06 for instance and model parameters
option SCALE: Scale is set to 1e-06 for instance and model parameters
option SCALE: Scale is set to 1e-06 for instance and model parameters
option SCALE: Scale is set to 1e-06 for instance and model parameters
Doing analysis at TEMP = 27.000000 and TNOM = 27.000000

Using KLU as Direct Linear Solver

No. of Data Rows : 1
da1 = -7.26429e-05
da10 = -1.21291e-05
dr1 = 5.444846e-02
dr10 = 5.491340e-02
vr1a = 6.796103e-01
vr1b = 6.251618e-01
vr10a = 7.403007e-01
vr10b = 6.853873e-01
Reset re-loads circuit * tb_pnp_mismatch.spice -- sky130 substrate-pnp local-mismatch monte carlo

Circuit: * tb_pnp_mismatch.spice -- sky130 substrate-pnp local-mismatch monte carlo

option SCALE: Scale is set to 1e-06 for instance and model parameters
option SCALE: Scale is set to 1e-06 for instance and model parameters
option SCALE: Scale is set to 1e-06 for instance and model parameters
option SCALE: Scale is set to 1e-06 for instance and model parameters
Doing analysis at TEMP = 27.000000 and TNOM = 27.000000

Using KLU as Direct Linear Solver

No. of Data Rows : 1
da1 = -4.06830e-05
da10 = 7.068057e-05
dr1 = 5.437086e-02
dr10 = 5.479803e-02
vr1a = 6.794931e-01
vr1b = 6.251222e-01
vr10a = 7.402201e-01
vr10b = 6.854220e-01
Reset re-loads circuit * tb_pnp_mismatch.spice -- sky130 substrate-pnp local-mismatch monte carlo

Circuit: * tb_pnp_mismatch.spice -- sky130 substrate-pnp local-mismatch monte carlo

option SCALE: Scale is set to 1e-06 for instance and model parameters
option SCALE: Scale is set to 1e-06 for instance and model parameters
option SCALE: Scale is set to 1e-06 for instance and model parameters
option SCALE: Scale is set to 1e-06 for instance and model parameters
Doing analysis at TEMP = 27.000000 and TNOM = 27.000000

Using KLU as Direct Linear Solver

No. of Data Rows : 1
da1 = -6.36904e-05
da10 = -8.49831e-05
dr1 = 5.445234e-02
dr10 = 5.486055e-02
vr1a = 6.796133e-01
vr1b = 6.251610e-01
vr10a = 7.402775e-01
vr10b = 6.854170e-01
Reset re-loads circuit * tb_pnp_mismatch.spice -- sky130 substrate-pnp local-mismatch monte carlo

Circuit: * tb_pnp_mismatch.spice -- sky130 substrate-pnp local-mismatch monte carlo

option SCALE: Scale is set to 1e-06 for instance and model parameters
option SCALE: Scale is set to 1e-06 for instance and model parameters
option SCALE: Scale is set to 1e-06 for instance and model parameters
option SCALE: Scale is set to 1e-06 for instance and model parameters
Doing analysis at TEMP = 27.000000 and TNOM = 27.000000

Using KLU as Direct Linear Solver

No. of Data Rows : 1
da1 = 1.704483e-04
da10 = 1.594427e-04
dr1 = 5.429441e-02
dr10 = 5.488483e-02
vr1a = 6.794939e-01
vr1b = 6.251995e-01
vr10a = 7.402915e-01
vr10b = 6.854067e-01
Reset re-loads circuit * tb_pnp_mismatch.spice -- sky130 substrate-pnp local-mismatch monte carlo

Circuit: * tb_pnp_mismatch.spice -- sky130 substrate-pnp local-mismatch monte carlo

option SCALE: Scale is set to 1e-06 for instance and model parameters
option SCALE: Scale is set to 1e-06 for instance and model parameters
option SCALE: Scale is set to 1e-06 for instance and model parameters
option SCALE: Scale is set to 1e-06 for instance and model parameters
Doing analysis at TEMP = 27.000000 and TNOM = 27.000000

Using KLU as Direct Linear Solver

No. of Data Rows : 1
da1 = -5.76543e-05
da10 = 1.144637e-04
dr1 = 5.438860e-02
dr10 = 5.497829e-02
vr1a = 6.795198e-01
vr1b = 6.251312e-01
vr10a = 7.403937e-01
vr10b = 6.854154e-01
ngspice-46 done
